HOUR,DATE_MILADI,DATE_SHAMSI,POWER,CODE,UNIT_NO,DAMA,ROTOOBAT,12209_G13,12210_G13,practical,ebraz,importance_factor,hour,dayofweek,month,year,lag_24,lag_48,lag_72,DECLARED
24,2024-03-19 23:00:00,1403/01/01,134,LF1,3,18,100.0,10.1,8.8,132.0,123.8,0.34013657,24,1,3,2024,118.0,0.0,0.0,124.08
1,2024-03-20 00:00:00,1403/01/01,134,LF1,3,17,100.0,10.9,9.3,132.0,125.3,0.311099946,1,2,3,2024,118.0,0.0,0.0,124.08
2,2024-03-20 01:00:00,1403/01/01,0,RLF1,3,17,100.0,10.9,9.3,132.0,125.3,0.2889604,2,2,3,2024,90.0,0.0,0.0,124.08
3,2024-03-20 02:00:00,1403/01/01,0,RLF1,3,17,100.0,10.9,9.3,132.0,126.2,0.274337915,3,2,3,2024,90.0,0.0,0.0,124.08
4,2024-03-20 03:00:00,1403/01/01,0,RLF1,3,13,100.0,10.9,9.3,132.0,126.2,0.263043307,4,2,3,2024,90.0,0.0,0.0,124.08
5,2024-03-20 04:00:00,1403/01/01,0,RLF1,3,12,100.0,10.9,9.3,132.0,126.2,0.258161062,5,2,3,2024,90.0,0.0,0.0,124.08
6,2024-03-20 05:00:00,1403/01/01,0,RLF1,3,12,97.0,10.9,9.3,132.0,126.2,0.259837222,6,2,3,2024,90.0,0.0,0.0,124.08
7,2024-03-20 06:00:00,1403/01/01,0,RLF1,3,12,96.0,10.9,9.3,132.0,125.3,0.267197633,7,2,3,2024,90.0,0.0,0.0,124.08
8,2024-03-20 07:00:00,1403/01/01,0,RLF1,3,14,67.0,10.9,9.3,132.0,128.7,0.279381208,8,2,3,2024,90.0,0.0,0.0,124.08
9,2024-03-20 08:00:00,1403/01/01,0,RLF1,3,15,64.0,10.9,9.3,132.0,127.0,0.299112098,9,2,3,2024,90.0,20.0,0.0,124.08
10,2024-03-20 09:00:00,1403/01/01,0,RLF1,3,16,60.0,10.9,9.3,132.0,126.2,0.319299933,10,2,3,2024,90.0,127.0,0.0,124.08
11,2024-03-20 10:00:00,1403/01/01,0,RLF1,3,18,47.0,10.9,9.3,132.0,125.3,0.334063462,11,2,3,2024,90.0,126.0,0.0,124.08
12,2024-03-20 11:00:00,1403/01/01,0,RLF1,3,19,48.0,10.9,9.3,132.0,124.5,0.341022691,12,2,3,2024,115.0,120.0,0.0,124.08
13,2024-03-20 12:00:00,1403/01/01,0,RLF1,3,20,37.0,10.9,9.3,132.0,123.6,0.341221209,13,2,3,2024,115.0,121.0,0.0,124.08
14,2024-03-20 13:00:00,1403/01/01,0,RLF1,3,21,35.0,10.9,9.3,132.0,123.6,0.338173198,14,2,3,2024,100.0,118.0,0.0,124.08
15,2024-03-20 14:00:00,1403/01/01,0,RLF1,3,21,36.0,10.9,9.3,132.0,124.5,0.33733051,15,2,3,2024,100.0,113.0,0.0,124.08
16,2024-03-20 15:00:00,1403/01/01,0,RLF1,3,21,28.0,10.9,9.3,132.0,125.3,0.347855725,16,2,3,2024,100.0,112.0,0.0,124.08
17,2024-03-20 16:00:00,1403/01/01,0,RLF1,3,19,26.0,10.9,9.3,132.0,126.2,0.366451432,17,2,3,2024,100.0,110.0,0.0,124.08
18,2024-03-20 17:00:00,1403/01/01,0,RLF1,3,18,25.0,10.9,9.3,132.0,126.2,0.387504501,18,2,3,2024,100.0,115.0,90.0,124.08
19,2024-03-20 18:00:00,1403/01/01,0,RLF1,3,14,64.0,10.9,9.3,132.0,127.0,0.407778861,19,2,3,2024,134.0,113.0,130.0,124.08
20,2024-03-20 19:00:00,1403/01/01,0,RLF1,3,13,71.0,10.9,9.3,132.0,127.0,0.420417237,20,2,3,2024,134.0,116.0,131.0,124.08
21,2024-03-20 20:00:00,1403/01/01,0,RLF1,3,12,75.0,10.9,9.3,132.0,126.3,0.409766819,21,2,3,2024,134.0,116.0,132.0,124.08
22,2024-03-20 21:00:00,1403/01/01,0,RLF1,3,12,81.0,10.9,9.3,132.0,126.3,0.382449236,22,2,3,2024,134.0,117.0,0.0,124.08
23,2024-03-20 22:00:00,1403/01/01,0,RLF1,3,11,89.0,10.9,9.3,132.0,127.2,0.350959983,23,2,3,2024,133.0,117.0,0.0,124.08
24,2024-03-20 23:00:00,1403/01/02,0,RLF1,3,11,90.0,10.9,9.3,132.0,123.0,0.331516896,24,2,3,2024,134.0,118.0,0.0,124.08
1,2024-03-21 00:00:00,1403/01/02,0,RLF1,3,10,88.0,10.9,9.3,132.0,125.3,0.314296546,1,3,3,2024,134.0,118.0,0.0,124.08
2,2024-03-21 01:00:00,1403/01/02,0,RLF1,3,9,90.0,10.9,9.3,132.0,125.3,0.290204771,2,3,3,2024,0.0,90.0,0.0,124.08
3,2024-03-21 02:00:00,1403/01/02,0,RLF1,3,8,94.0,10.9,9.3,132.0,126.2,0.272220559,3,3,3,2024,0.0,90.0,0.0,124.08
4,2024-03-21 03:00:00,1403/01/02,0,RLF1,3,8,96.0,10.9,9.3,132.0,126.2,0.259792185,4,3,3,2024,0.0,90.0,0.0,124.08
5,2024-03-21 04:00:00,1403/01/02,0,RLF1,3,8,93.0,10.9,9.3,132.0,126.2,0.250764506,5,3,3,2024,0.0,90.0,0.0,124.08
6,2024-03-21 05:00:00,1403/01/02,0,RLF1,3,7,91.0,10.9,9.3,132.0,126.2,0.24728822,6,3,3,2024,0.0,90.0,0.0,124.08
7,2024-03-21 06:00:00,1403/01/02,0,RLF1,3,7,86.0,10.9,9.3,132.0,125.3,0.249225817,7,3,3,2024,0.0,90.0,0.0,124.08
8,2024-03-21 07:00:00,1403/01/02,0,RLF1,3,11,60.0,10.9,9.3,132.0,128.7,0.256349002,8,3,3,2024,0.0,90.0,0.0,124.08
9,2024-03-21 08:00:00,1403/01/02,0,RLF1,3,14,44.0,10.9,9.3,132.0,127.0,0.268438087,9,3,3,2024,0.0,90.0,20.0,124.08
10,2024-03-21 09:00:00,1403/01/02,0,RLF1,3,17,32.0,10.9,9.3,132.0,126.2,0.286075325,10,3,3,2024,0.0,90.0,127.0,124.08
11,2024-03-21 10:00:00,1403/01/02,0,RLF1,3,19,25.0,10.9,9.3,132.0,125.3,0.303371652,11,3,3,2024,0.0,90.0,126.0,124.08
12,2024-03-21 11:00:00,1403/01/02,0,RLF1,3,21,17.0,10.9,9.3,132.0,124.5,0.315987813,12,3,3,2024,0.0,115.0,120.0,124.08
13,2024-03-21 12:00:00,1403/01/02,0,RLF1,3,22,18.0,10.9,9.3,132.0,123.6,0.321339401,13,3,3,2024,0.0,115.0,121.0,124.08
14,2024-03-21 13:00:00,1403/01/02,0,RLF1,3,22,24.0,10.9,9.3,132.0,123.6,0.321127996,14,3,3,2024,0.0,100.0,118.0,124.08
15,2024-03-21 14:00:00,1403/01/02,0,RLF1,3,23,23.0,10.9,9.3,132.0,124.5,0.319847229,15,3,3,2024,0.0,100.0,113.0,124.08
16,2024-03-21 15:00:00,1403/01/02,0,RLF1,3,24,20.0,10.9,9.3,132.0,125.3,0.321956982,16,3,3,2024,0.0,100.0,112.0,124.08
17,2024-03-21 16:00:00,1403/01/02,0,RLF1,3,22,27.0,10.9,9.3,132.0,126.2,0.333967151,17,3,3,2024,0.0,100.0,110.0,124.08
18,2024-03-21 17:00:00,1403/01/02,0,RLF1,3,18,42.0,10.9,9.3,132.0,126.2,0.352829283,18,3,3,2024,0.0,100.0,115.0,124.08
19,2024-03-21 18:00:00,1403/01/02,0,RLF1,3,16,46.0,10.0,8.7,132.0,127.0,0.373363648,19,3,3,2024,0.0,134.0,113.0,124.08
20,2024-03-21 19:00:00,1403/01/02,0,RLF1,3,14,48.0,10.0,8.7,132.0,127.0,0.391114769,20,3,3,2024,0.0,134.0,116.0,124.08
21,2024-03-21 20:00:00,1403/01/02,0,RLF1,3,12,50.0,10.0,8.7,132.0,126.3,0.398944391,21,3,3,2024,0.0,134.0,116.0,124.08
22,2024-03-21 21:00:00,1403/01/02,0,RLF1,3,11,55.0,10.0,8.7,132.0,126.3,0.38579569,22,3,3,2024,0.0,134.0,117.0,124.08
23,2024-03-21 22:00:00,1403/01/02,0,RLF1,3,10,61.0,10.0,8.7,132.0,127.2,0.359734509,23,3,3,2024,0.0,133.0,117.0,124.08
24,2024-03-21 23:00:00,1403/01/03,0,RLF1,3,9,61.0,10.9,9.3,132.0,123.0,0.315479741,24,3,3,2024,0.0,134.0,118.0,124.08
1,2024-03-22 00:00:00,1403/01/03,0,RLF1,3,8,66.0,10.0,8.7,132.0,127.8,0.290647707,1,4,3,2024,0.0,134.0,118.0,124.08
2,2024-03-22 01:00:00,1403/01/03,0,RLF1,3,8,71.0,10.0,8.7,132.0,127.8,0.269931038,2,4,3,2024,0.0,0.0,90.0,124.08
3,2024-03-22 02:00:00,1403/01/03,0,RLF1,3,8,75.0,10.0,8.7,132.0,127.8,0.25434268,3,4,3,2024,0.0,0.0,90.0,124.08
4,2024-03-22 03:00:00,1403/01/03,0,RLF1,3,6,77.0,10.0,8.7,132.0,127.8,0.243750807,4,4,3,2024,0.0,0.0,90.0,124.08
5,2024-03-22 04:00:00,1403/01/03,0,RLF1,3,7,76.0,10.0,8.7,132.0,127.8,0.236215735,5,4,3,2024,0.0,0.0,90.0,124.08
6,2024-03-22 05:00:00,1403/01/03,0,RLF1,3,8,65.0,10.0,8.7,132.0,127.8,0.233755749,6,4,3,2024,0.0,0.0,90.0,124.08
7,2024-03-22 06:00:00,1403/01/03,0,RLF1,3,9,60.0,10.0,8.7,132.0,127.8,0.235986814,7,4,3,2024,0.0,0.0,90.0,124.08
8,2024-03-22 07:00:00,1403/01/03,0,RLF1,3,11,53.0,10.0,8.7,132.0,127.0,0.243028116,8,4,3,2024,0.0,0.0,90.0,124.08
9,2024-03-22 08:00:00,1403/01/03,0,RLF1,3,13,50.0,10.0,8.7,132.0,127.0,0.254687466,9,4,3,2024,0.0,0.0,90.0,124.08
10,2024-03-22 09:00:00,1403/01/03,0,RLF1,3,14,50.0,10.0,8.7,132.0,127.0,0.271275335,10,4,3,2024,0.0,0.0,90.0,124.08
11,2024-03-22 10:00:00,1403/01/03,0,RLF1,3,15,45.0,10.0,8.7,132.0,127.0,0.287205166,11,4,3,2024,0.0,0.0,90.0,124.08
12,2024-03-22 11:00:00,1403/01/03,0,RLF1,3,15,32.0,10.0,8.7,132.0,126.2,0.299047658,12,4,3,2024,0.0,0.0,115.0,124.08
13,2024-03-22 12:00:00,1403/01/03,0,RLF1,3,18,25.0,10.0,8.7,132.0,125.3,0.304168813,13,4,3,2024,0.0,0.0,115.0,124.08
14,2024-03-22 13:00:00,1403/01/03,0,RLF1,3,18,19.0,10.0,8.7,132.0,124.5,0.304252034,14,4,3,2024,0.0,0.0,100.0,124.08
15,2024-03-22 14:00:00,1403/01/03,0,RLF1,3,16,61.0,10.0,8.7,132.0,124.5,0.30360146,15,4,3,2024,0.0,0.0,100.0,124.08
16,2024-03-22 15:00:00,1403/01/03,0,RLF1,3,15,65.0,10.0,8.7,132.0,125.3,0.306143207,16,4,3,2024,0.0,0.0,100.0,124.08
17,2024-03-22 16:00:00,1403/01/03,0,RLF1,3,14,67.0,10.0,8.7,132.0,126.2,0.317810359,17,4,3,2024,0.0,0.0,100.0,124.08
18,2024-03-22 17:00:00,1403/01/03,0,RLF1,3,14,75.0,10.0,8.7,132.0,126.2,0.335944665,18,4,3,2024,0.0,0.0,100.0,124.08
19,2024-03-22 18:00:00,1403/01/03,0,RLF1,3,13,82.0,10.0,8.7,132.0,126.2,0.355308057,19,4,3,2024,0.0,0.0,134.0,124.08
20,2024-03-22 19:00:00,1403/01/03,0,RLF1,3,13,85.0,10.0,8.7,132.0,126.2,0.371484376,20,4,3,2024,0.0,0.0,134.0,124.08
21,2024-03-22 20:00:00,1403/01/03,0,RLF1,3,13,89.0,10.0,8.7,132.0,125.5,0.378187046,21,4,3,2024,0.0,0.0,134.0,124.08
22,2024-03-22 21:00:00,1403/01/03,0,RLF1,3,13,92.0,10.0,8.7,132.0,125.5,0.365468924,22,4,3,2024,0.0,0.0,134.0,124.08
23,2024-03-22 22:00:00,1403/01/03,0,RLF1,3,12,98.0,10.0,8.7,132.0,125.5,0.340596066,23,4,3,2024,0.0,0.0,133.0,124.08
24,2024-03-22 23:00:00,1403/01/04,0,RLF1,3,12,94.0,10.0,8.7,132.0,126.3,0.329540443,24,4,3,2024,0.0,0.0,134.0,124.08
1,2024-03-23 00:00:00,1403/01/04,0,RLF1,3,12,91.0,10.0,8.7,132.0,127.8,0.304383574,1,5,3,2024,0.0,0.0,134.0,124.08
2,2024-03-23 01:00:00,1403/01/04,0,RLF1,3,12,92.0,10.0,8.7,132.0,127.8,0.283866283,2,5,3,2024,0.0,0.0,0.0,124.08
3,2024-03-23 02:00:00,1403/01/04,0,RLF1,3,12,92.0,10.0,8.7,132.0,127.8,0.268651711,3,5,3,2024,0.0,0.0,0.0,124.08
4,2024-03-23 03:00:00,1403/01/04,0,RLF1,3,12,93.0,10.0,8.7,132.0,127.8,0.258631861,4,5,3,2024,0.0,0.0,0.0,124.08
5,2024-03-23 04:00:00,1403/01/04,0,RLF1,3,12,99.0,10.0,8.7,132.0,127.8,0.252046098,5,5,3,2024,0.0,0.0,0.0,124.08
6,2024-03-23 05:00:00,1403/01/04,0,RLF1,3,11,97.0,10.0,8.7,132.0,127.8,0.25080457,6,5,3,2024,0.0,0.0,0.0,124.08
7,2024-03-23 06:00:00,1403/01/04,0,RLF1,3,12,92.0,10.0,8.7,132.0,127.8,0.254525917,7,5,3,2024,0.0,0.0,0.0,124.08
8,2024-03-23 07:00:00,1403/01/04,0,RLF1,3,14,69.0,10.0,8.7,132.0,127.0,0.263466451,8,5,3,2024,0.0,0.0,0.0,124.08
9,2024-03-23 08:00:00,1403/01/04,0,RLF1,3,18,57.0,10.0,8.7,132.0,127.0,0.277646569,9,5,3,2024,0.0,0.0,0.0,124.08
10,2024-03-23 09:00:00,1403/01/04,0,RLF1,3,20,43.0,10.0,8.7,132.0,127.0,0.297061483,10,5,3,2024,0.0,0.0,0.0,124.08
11,2024-03-23 10:00:00,1403/01/04,117,SO,3,22,37.0,10.0,8.7,132.0,127.0,0.315224068,11,5,3,2024,0.0,0.0,0.0,124.08
12,2024-03-23 11:00:00,1403/01/04,117,SO,3,23,30.0,10.0,8.7,132.0,126.2,0.328501182,12,5,3,2024,0.0,0.0,0.0,124.08
13,2024-03-23 12:00:00,1403/01/04,117,SO,3,24,28.0,10.0,8.7,132.0,125.3,0.334098549,13,5,3,2024,0.0,0.0,0.0,124.08
14,2024-03-23 13:00:00,1403/01/04,117,SO,3,24,24.0,10.0,8.7,132.0,124.5,0.333939146,14,5,3,2024,0.0,0.0,0.0,124.08
15,2024-03-23 14:00:00,1403/01/04,117,SO,3,23,24.0,10.6,8.9,132.0,124.5,0.332818252,15,5,3,2024,0.0,0.0,0.0,124.08
16,2024-03-23 15:00:00,1403/01/04,117,SO,3,24,26.0,10.6,8.9,132.0,125.3,0.335596555,16,5,3,2024,0.0,0.0,0.0,124.08
17,2024-03-23 16:00:00,1403/01/04,115,SO,3,24,30.0,10.6,8.9,132.0,126.2,0.348411859,17,5,3,2024,0.0,0.0,0.0,124.08
18,2024-03-23 17:00:00,1403/01/04,115,SO,3,21,36.0,10.6,8.9,132.0,126.2,0.368253122,18,5,3,2024,0.0,0.0,0.0,124.08
19,2024-03-23 18:00:00,1403/01/04,118,SO,3,18,46.0,10.0,8.9,132.0,126.2,0.389075553,19,5,3,2024,0.0,0.0,0.0,124.08
20,2024-03-23 19:00:00,1403/01/04,120,SO,3,15,50.0,10.0,8.9,132.0,126.2,0.405848905,20,5,3,2024,0.0,0.0,0.0,124.08
21,2024-03-23 20:00:00,1403/01/04,120,SO,3,14,52.0,10.0,8.9,132.0,125.5,0.411373187,21,5,3,2024,0.0,0.0,0.0,124.08
22,2024-03-23 21:00:00,1403/01/04,121,SO,3,13,55.0,10.0,8.9,132.0,125.5,0.395851075,22,5,3,2024,0.0,0.0,0.0,124.08
23,2024-03-23 22:00:00,1403/01/04,122,SO,3,12,57.0,10.0,8.9,132.0,125.5,0.367310974,23,5,3,2024,0.0,0.0,0.0,124.08
24,2024-03-23 23:00:00,1403/01/05,122,SO,3,12,50.0,10.0,8.7,132.0,126.3,0.337485789,24,5,3,2024,0.0,0.0,0.0,124.08
1,2024-03-24 00:00:00,1403/01/05,118,SO,3,12,65.0,10.0,8.9,132.0,124.5,0.311490313,1,6,3,2024,0.0,0.0,0.0,124.08
2,2024-03-24 01:00:00,1403/01/05,118,SO,3,13,65.0,10.0,8.9,132.0,124.5,0.290794272,2,6,3,2024,0.0,0.0,0.0,124.08
3,2024-03-24 02:00:00,1403/01/05,119,SO,3,13,66.0,9.7,8.9,132.0,124.5,0.275465078,3,6,3,2024,0.0,0.0,0.0,124.08
4,2024-03-24 03:00:00,1403/01/05,119,SO,3,13,70.0,9.7,8.9,132.0,124.5,0.265609474,4,6,3,2024,0.0,0.0,0.0,124.08
5,2024-03-24 04:00:00,1403/01/05,119,SO,3,12,74.0,9.7,8.9,132.0,125.3,0.259813424,5,6,3,2024,0.0,0.0,0.0,124.08
6,2024-03-24 05:00:00,1403/01/05,70,SO,3,12,86.0,9.7,8.9,132.0,125.3,0.259597982,6,6,3,2024,0.0,0.0,0.0,124.08
7,2024-03-24 06:00:00,1403/01/05,70,SO,3,12,91.0,6.0,6.3,132.0,125.3,0.264351528,7,6,3,2024,0.0,0.0,0.0,124.08
8,2024-03-24 07:00:00,1403/01/05,70,SO,3,13,81.0,6.0,6.3,132.0,128.7,0.274629872,8,6,3,2024,0.0,0.0,0.0,124.08
9,2024-03-24 08:00:00,1403/01/05,70,SO,3,14,89.0,6.0,6.3,132.0,128.7,0.290625493,9,6,3,2024,0.0,0.0,0.0,124.08
10,2024-03-24 09:00:00,1403/01/05,125,SO,3,15,85.0,6.0,6.3,132.0,128.7,0.311509003,10,6,3,2024,0.0,0.0,0.0,124.08
11,2024-03-24 10:00:00,1403/01/05,125,SO,3,17,73.0,10.0,9.0,132.0,128.7,0.330513659,11,6,3,2024,117.0,0.0,0.0,124.08
12,2024-03-24 11:00:00,1403/01/05,122,SO,3,15,90.0,10.0,9.0,132.0,128.7,0.344268585,12,6,3,2024,117.0,0.0,0.0,124.08
13,2024-03-24 12:00:00,1403/01/05,122,SO,3,15,84.0,10.0,9.0,132.0,128.7,0.349654998,13,6,3,2024,117.0,0.0,0.0,124.08
14,2024-03-24 13:00:00,1403/01/05,123,SO,3,16,73.0,10.0,9.0,132.0,128.7,0.349155021,14,6,3,2024,117.0,0.0,0.0,124.08
15,2024-03-24 14:00:00,1403/01/05,123,SO,3,16,82.0,11.0,9.0,132.0,128.7,0.347679995,15,6,3,2024,117.0,0.0,0.0,124.08
16,2024-03-24 15:00:00,1403/01/05,123,SO,3,17,77.0,11.0,9.0,132.0,128.7,0.350081784,16,6,3,2024,117.0,0.0,0.0,124.08
17,2024-03-24 16:00:00,1403/01/05,123,SO,3,16,77.0,11.0,9.0,132.0,124.5,0.363386125,17,6,3,2024,115.0,0.0,0.0,124.08
18,2024-03-24 17:00:00,1403/01/05,123,SO,3,16,91.0,11.0,9.0,132.0,124.5,0.38435165,18,6,3,2024,115.0,0.0,0.0,124.08
19,2024-03-24 18:00:00,1403/01/05,123,SO,3,16,94.0,10.4,9.0,132.0,124.5,0.405853601,19,6,3,2024,118.0,0.0,0.0,124.08
20,2024-03-24 19:00:00,1403/01/05,125,SO,3,16,95.0,10.4,9.0,132.0,124.5,0.422795561,20,6,3,2024,120.0,0.0,0.0,124.08
21,2024-03-24 20:00:00,1403/01/05,125,SO,3,16,93.0,10.4,9.0,132.0,123.8,0.428093335,21,6,3,2024,120.0,0.0,0.0,124.08
22,2024-03-24 21:00:00,1403/01/05,125,SO,3,16,96.0,10.4,9.0,132.0,123.8,0.410359399,22,6,3,2024,121.0,0.0,0.0,124.08
23,2024-03-24 22:00:00,1403/01/05,125,SO,3,15,99.0,11.0,9.3,132.0,123.8,0.379210467,23,6,3,2024,122.0,0.0,0.0,124.08
24,2024-03-24 23:00:00,1403/01/06,125,SO,3,15,96.0,10.0,8.9,132.0,123.8,0.347370821,24,6,3,2024,122.0,0.0,0.0,124.08
1,2024-03-25 00:00:00,1403/01/06,125,SO,3,16,93.0,11.0,9.3,132.0,124.5,0.319932959,1,0,3,2024,118.0,0.0,0.0,124.08
2,2024-03-25 01:00:00,1403/01/06,125,SO,3,16,100.0,11.0,9.3,132.0,124.5,0.298277614,2,0,3,2024,118.0,0.0,0.0,124.08
3,2024-03-25 02:00:00,1403/01/06,125,SO,3,16,91.0,10.6,9.3,132.0,124.5,0.282526835,3,0,3,2024,119.0,0.0,0.0,124.08
4,2024-03-25 03:00:00,1403/01/06,125,SO,3,16,95.0,10.6,9.3,132.0,124.5,0.27253138,4,0,3,2024,119.0,0.0,0.0,124.08
5,2024-03-25 04:00:00,1403/01/06,125,SO,3,16,100.0,10.6,9.3,132.0,125.3,0.266946614,5,0,3,2024,119.0,0.0,0.0,124.08
6,2024-03-25 05:00:00,1403/01/06,70,SO,3,16,100.0,10.6,9.3,132.0,125.3,0.267674653,6,0,3,2024,70.0,0.0,0.0,124.08
7,2024-03-25 06:00:00,1403/01/06,70,SO,3,16,100.0,8.3,7.7,132.0,125.3,0.273864883,7,0,3,2024,70.0,0.0,0.0,124.08
8,2024-03-25 07:00:00,1403/01/06,100,SO,3,17,100.0,8.3,7.7,132.0,128.7,0.285813123,8,0,3,2024,70.0,0.0,0.0,124.08
9,2024-03-25 08:00:00,1403/01/06,100,SO,3,17,100.0,8.3,7.7,132.0,128.7,0.303822538,9,0,3,2024,70.0,0.0,0.0,124.08
10,2024-03-25 09:00:00,1403/01/06,120,SO,3,17,100.0,8.3,7.7,132.0,128.7,0.326677929,10,0,3,2024,125.0,0.0,0.0,124.08
11,2024-03-25 10:00:00,1403/01/06,120,SO,3,17,100.0,10.2,8.8,132.0,128.7,0.346444268,11,0,3,2024,125.0,117.0,0.0,124.08
12,2024-03-25 11:00:00,1403/01/06,120,SO,3,17,100.0,10.2,8.8,132.0,128.7,0.359818586,12,0,3,2024,122.0,117.0,0.0,124.08
13,2024-03-25 12:00:00,1403/01/06,120,SO,3,18,100.0,10.2,8.8,132.0,128.7,0.364351929,13,0,3,2024,122.0,117.0,0.0,124.08
14,2024-03-25 13:00:00,1403/01/06,120,SO,3,18,83.0,10.2,8.8,132.0,128.7,0.362931919,14,0,3,2024,123.0,117.0,0.0,124.08
15,2024-03-25 14:00:00,1403/01/06,120,SO,3,18,84.0,10.1,8.8,132.0,128.7,0.360621113,15,0,3,2024,123.0,117.0,0.0,124.08
16,2024-03-25 15:00:00,1403/01/06,120,SO,3,19,81.0,10.1,8.8,132.0,128.7,0.362857645,16,0,3,2024,123.0,117.0,0.0,124.08
17,2024-03-25 16:00:00,1403/01/06,120,SO,3,18,78.0,10.1,8.8,132.0,124.5,0.376794745,17,0,3,2024,123.0,115.0,0.0,124.08
18,2024-03-25 17:00:00,1403/01/06,120,SO,3,17,62.0,10.1,8.8,132.0,124.5,0.398886708,18,0,3,2024,123.0,115.0,0.0,124.08
19,2024-03-25 18:00:00,1403/01/06,120,SO,3,17,70.0,10.0,9.0,132.0,124.5,0.421296449,19,0,3,2024,123.0,118.0,0.0,124.08
20,2024-03-25 19:00:00,1403/01/06,120,SO,3,14,83.0,10.0,9.0,132.0,124.5,0.438864946,20,0,3,2024,125.0,120.0,0.0,124.08
21,2024-03-25 20:00:00,1403/01/06,120,SO,3,13,83.0,10.0,9.0,132.0,123.8,0.444057934,21,0,3,2024,125.0,120.0,0.0,124.08
22,2024-03-25 21:00:00,1403/01/06,122,SO,3,13,82.0,10.0,9.0,132.0,123.8,0.425351247,22,0,3,2024,125.0,121.0,0.0,124.08
23,2024-03-25 22:00:00,1403/01/06,122,SO,3,12,82.0,10.0,8.8,132.0,123.8,0.392626571,23,0,3,2024,125.0,122.0,0.0,124.08
24,2024-03-25 23:00:00,1403/01/07,122,SO,3,11,82.0,11.0,9.3,132.0,123.8,0.359587852,24,0,3,2024,125.0,122.0,0.0,124.08
1,2024-03-26 00:00:00,1403/01/07,123,SO,3,10,87.0,10.0,8.8,132.0,127.0,0.33114171,1,1,3,2024,125.0,118.0,0.0,124.08
2,2024-03-26 01:00:00,1403/01/07,0,R,3,10,91.0,10.0,8.8,132.0,127.0,0.30876862,2,1,3,2024,125.0,118.0,0.0,124.08
3,2024-03-26 02:00:00,1403/01/07,0,R,3,9,96.0,10.0,8.8,132.0,127.8,0.292553852,3,1,3,2024,125.0,119.0,0.0,124.08
4,2024-03-26 03:00:00,1403/01/07,0,R,3,9,99.0,10.0,8.8,132.0,127.8,0.282374134,4,1,3,2024,125.0,119.0,0.0,124.08
5,2024-03-26 04:00:00,1403/01/07,0,R,3,9,99.0,10.0,8.8,132.0,127.8,0.277244381,5,1,3,2024,125.0,119.0,0.0,124.08
6,2024-03-26 05:00:00,1403/01/07,0,R,3,8,99.0,10.0,8.8,132.0,127.8,0.279086617,6,1,3,2024,70.0,70.0,0.0,124.08
7,2024-03-26 06:00:00,1403/01/07,0,R,3,9,99.0,9.8,8.8,132.0,126.2,0.28688883,7,1,3,2024,70.0,70.0,0.0,124.08
8,2024-03-26 07:00:00,1403/01/07,0,R,3,12,74.0,9.8,8.8,132.0,125.3,0.300866521,8,1,3,2024,100.0,70.0,0.0,124.08
9,2024-03-26 08:00:00,1403/01/07,120,SO,3,14,68.0,9.8,8.8,132.0,124.5,0.321556878,9,1,3,2024,100.0,70.0,0.0,124.08
10,2024-03-26 09:00:00,1403/01/07,120,SO,3,15,50.0,9.8,8.8,132.0,127.8,0.346776824,10,1,3,2024,120.0,125.0,0.0,124.08
11,2024-03-26 10:00:00,1403/01/07,121,SO,3,17,40.0,9.8,8.8,132.0,127.0,0.367372776,11,1,3,2024,120.0,125.0,117.0,124.08
12,2024-03-26 11:00:00,1403/01/07,120,SO,3,18,35.0,9.8,8.8,132.0,126.2,0.380199138,12,1,3,2024,120.0,122.0,117.0,124.08
13,2024-03-26 12:00:00,1403/01/07,115,SO,3,19,28.0,9.8,8.8,132.0,126.2,0.383394168,13,1,3,2024,120.0,122.0,117.0,124.08
14,2024-03-26 13:00:00,1403/01/07,110,SO,3,19,34.0,9.8,8.8,132.0,126.2,0.380075243,14,1,3,2024,120.0,123.0,117.0,124.08
15,2024-03-26 14:00:00,1403/01/07,114,SO,3,19,35.0,9.0,8.3,132.0,126.2,0.376223254,15,1,3,2024,120.0,123.0,117.0,124.08
16,2024-03-26 15:00:00,1403/01/07,108,SO,3,19,35.0,9.0,8.3,132.0,127.0,0.37786441,16,1,3,2024,120.0,123.0,117.0,124.08
17,2024-03-26 16:00:00,1403/01/07,110,SO,3,18,51.0,9.0,8.3,132.0,127.8,0.392412437,17,1,3,2024,120.0,123.0,115.0,124.08
18,2024-03-26 17:00:00,1403/01/07,110,SO,3,15,68.0,9.0,8.3,132.0,128.7,0.415577518,18,1,3,2024,120.0,123.0,115.0,124.08
19,2024-03-26 18:00:00,1403/01/07,120,SO,3,13,77.0,9.9,8.9,132.0,128.7,0.439020941,19,1,3,2024,120.0,123.0,118.0,124.08
20,2024-03-26 19:00:00,1403/01/07,122,SO,3,13,76.0,9.9,8.9,132.0,128.7,0.457023265,20,1,3,2024,120.0,125.0,120.0,124.08
21,2024-03-26 20:00:00,1403/01/07,122,SO,3,12,78.0,9.9,8.9,132.0,123.0,0.461974773,21,1,3,2024,120.0,125.0,120.0,124.08
22,2024-03-26 21:00:00,1403/01/07,122,SO,3,11,79.0,9.9,8.9,132.0,123.0,0.441314645,22,1,3,2024,122.0,125.0,121.0,124.08
23,2024-03-26 22:00:00,1403/01/07,122,SO,3,11,81.0,9.9,8.8,132.0,123.8,0.405993873,23,1,3,2024,122.0,125.0,122.0,124.08
24,2024-03-26 23:00:00,1403/01/08,122,SO,3,11,79.0,10.0,8.8,132.0,123.8,0.370731002,24,1,3,2024,122.0,125.0,122.0,124.08
1,2024-03-27 00:00:00,1403/01/08,122,SO,3,10,82.0,9.9,8.8,132.0,127.0,0.340889536,1,2,3,2024,123.0,125.0,118.0,124.08
2,2024-03-27 01:00:00,1403/01/08,122,SO,3,9,86.0,9.9,8.8,132.0,127.0,0.31775701,2,2,3,2024,0.0,125.0,118.0,124.08
3,2024-03-27 02:00:00,1403/01/08,125,SO,3,7,88.0,9.9,9.0,132.0,127.0,0.301080993,3,2,3,2024,0.0,125.0,119.0,124.08
4,2024-03-27 03:00:00,1403/01/08,125,SO,3,6,89.0,9.9,9.0,132.0,127.0,0.290563067,4,2,3,2024,0.0,125.0,119.0,124.08
5,2024-03-27 04:00:00,1403/01/08,125,SO,3,6,90.0,9.9,9.0,132.0,127.0,0.285551705,5,2,3,2024,0.0,125.0,119.0,124.08
6,2024-03-27 05:00:00,1403/01/08,125,SO,3,6,91.0,9.9,9.0,132.0,127.0,0.287633031,6,2,3,2024,0.0,70.0,70.0,124.08
7,2024-03-27 06:00:00,1403/01/08,80,SO,3,8,87.0,7.9,7.6,132.0,125.3,0.2957246,7,2,3,2024,0.0,70.0,70.0,124.08
8,2024-03-27 07:00:00,1403/01/08,80,SO,3,12,63.0,7.9,7.6,132.0,124.5,0.310282084,8,2,3,2024,0.0,100.0,70.0,124.08
9,2024-03-27 08:00:00,1403/01/08,120,SO,3,14,46.0,7.9,7.6,132.0,127.8,0.331736912,9,2,3,2024,120.0,100.0,70.0,124.08
10,2024-03-27 09:00:00,1403/01/08,115,SO,3,16,41.0,7.9,7.6,132.0,127.0,0.357463979,10,2,3,2024,120.0,120.0,125.0,124.08
11,2024-03-27 10:00:00,1403/01/08,115,SO,3,19,31.0,9.9,8.7,132.0,127.0,0.378027182,11,2,3,2024,121.0,120.0,125.0,124.08
12,2024-03-27 11:00:00,1403/01/08,115,SO,3,20,23.0,9.9,8.7,132.0,127.0,0.390224414,12,2,3,2024,120.0,120.0,122.0,124.08
13,2024-03-27 12:00:00,1403/01/08,115,SO,3,21,25.0,9.9,8.7,132.0,127.0,0.392361676,13,2,3,2024,115.0,120.0,122.0,124.08
14,2024-03-27 13:00:00,1403/01/08,115,SO,3,21,25.0,9.9,8.7,132.0,127.8,0.388158676,14,2,3,2024,110.0,120.0,123.0,124.08
15,2024-03-27 14:00:00,1403/01/08,115,SO,3,21,29.0,9.5,8.6,132.0,127.8,0.383668171,15,2,3,2024,114.0,120.0,123.0,124.08
16,2024-03-27 15:00:00,1403/01/08,115,SO,3,21,34.0,9.5,8.6,132.0,127.8,0.385168371,16,2,3,2024,108.0,120.0,123.0,124.08
17,2024-03-27 16:00:00,1403/01/08,115,SO,3,19,45.0,9.5,8.6,132.0,128.7,0.399882023,17,2,3,2024,110.0,120.0,123.0,124.08
18,2024-03-27 17:00:00,1403/01/08,115,SO,3,16,57.0,9.5,8.6,132.0,124.5,0.423643047,18,2,3,2024,110.0,120.0,123.0,124.08
19,2024-03-27 18:00:00,1403/01/08,135,SO,3,15,63.0,9.5,8.6,132.0,124.5,0.448115627,19,2,3,2024,120.0,120.0,123.0,124.08
20,2024-03-27 19:00:00,1403/01/08,117,SO,3,14,62.0,9.5,8.6,132.0,124.5,0.466773103,20,2,3,2024,122.0,120.0,125.0,124.08
21,2024-03-27 20:00:00,1403/01/08,117,SO,3,13,61.0,9.5,8.6,132.0,123.8,0.47207625,21,2,3,2024,122.0,120.0,125.0,124.08
22,2024-03-27 21:00:00,1403/01/08,115,SO,3,13,67.0,9.5,8.6,132.0,123.8,0.450547915,22,2,3,2024,122.0,122.0,125.0,124.08
23,2024-03-27 22:00:00,1403/01/08,122,SO,3,11,72.0,9.6,8.6,132.0,123.8,0.413751708,23,2,3,2024,122.0,122.0,125.0,124.08
24,2024-03-27 23:00:00,1403/01/09,122,SO,3,11,74.0,9.9,8.8,132.0,123.8,0.377183021,24,2,3,2024,122.0,122.0,125.0,124.08
1,2024-03-28 00:00:00,1403/01/09,120,SO,3,11,70.0,9.6,8.6,132.0,126.2,0.346719341,1,3,3,2024,122.0,123.0,125.0,124.08
2,2024-03-28 01:00:00,1403/01/09,118,SO,3,10,73.0,9.6,8.6,132.0,126.2,0.323001798,2,3,3,2024,122.0,0.0,125.0,124.08
3,2024-03-28 02:00:00,1403/01/09,118,SO,3,9,75.0,9.6,8.6,132.0,126.2,0.306005317,3,3,3,2024,125.0,0.0,125.0,124.08
4,2024-03-28 03:00:00,1403/01/09,119,SO,3,9,77.0,9.6,8.6,132.0,126.2,0.294981588,4,3,3,2024,125.0,0.0,125.0,124.08
5,2024-03-28 04:00:00,1403/01/09,120,SO,3,8,78.0,9.6,8.6,132.0,126.2,0.289351584,5,3,3,2024,125.0,0.0,125.0,124.08
6,2024-03-28 05:00:00,1403/01/09,120,SO,3,8,80.0,9.6,8.6,132.0,125.3,0.290420907,6,3,3,2024,125.0,0.0,70.0,124.08
7,2024-03-28 06:00:00,1403/01/09,100,SO,3,7,81.0,8.5,7.9,132.0,124.5,0.297448238,7,3,3,2024,80.0,0.0,70.0,124.08
8,2024-03-28 07:00:00,1403/01/09,100,SO,3,13,54.0,8.5,7.9,132.0,127.8,0.310963508,8,3,3,2024,80.0,0.0,100.0,124.08
9,2024-03-28 08:00:00,1403/01/09,110,SO,3,16,51.0,8.5,7.9,132.0,127.0,0.331558679,9,3,3,2024,120.0,120.0,100.0,124.08
10,2024-03-28 09:00:00,1403/01/09,110,SO,3,18,33.0,8.5,7.9,132.0,126.2,0.356288993,10,3,3,2024,115.0,120.0,120.0,124.08
11,2024-03-28 10:00:00,1403/01/09,133,SO,3,20,26.0,10.5,9.5,132.0,125.3,0.376817781,11,3,3,2024,115.0,121.0,120.0,124.08
12,2024-03-28 11:00:00,1403/01/09,132,SO,3,21,22.0,10.5,9.5,132.0,125.3,0.389280106,12,3,3,2024,115.0,120.0,120.0,124.08
13,2024-03-28 12:00:00,1403/01/09,131,LF1,3,21,23.0,10.5,9.5,132.0,125.3,0.391928203,13,3,3,2024,115.0,115.0,120.0,124.08
14,2024-03-28 13:00:00,1403/01/09,131,LF1,3,22,21.0,10.5,9.5,132.0,125.3,0.38814721,14,3,3,2024,115.0,110.0,120.0,124.08
15,2024-03-28 14:00:00,1403/01/09,131,LF1,3,21,31.0,10.8,9.2,132.0,126.2,0.38436761,15,3,3,2024,115.0,114.0,120.0,124.08
16,2024-03-28 15:00:00,1403/01/09,131,LF1,3,21,32.0,10.8,9.2,132.0,126.2,0.38614936,16,3,3,2024,115.0,108.0,120.0,124.08
17,2024-03-28 16:00:00,1403/01/09,131,LF1,3,20,33.0,10.8,9.2,132.0,127.0,0.400730877,17,3,3,2024,115.0,110.0,120.0,124.08
18,2024-03-28 17:00:00,1403/01/09,133,SO,3,17,40.0,10.8,9.2,132.0,127.0,0.424163059,18,3,3,2024,115.0,110.0,120.0,124.08
19,2024-03-28 18:00:00,1403/01/09,133,SO,3,14,56.0,10.6,9.4,132.0,127.8,0.448314927,19,3,3,2024,135.0,120.0,120.0,124.08
20,2024-03-28 19:00:00,1403/01/09,135,SO,3,14,57.0,10.6,9.4,132.0,127.8,0.466237498,20,3,3,2024,117.0,122.0,120.0,124.08
21,2024-03-28 20:00:00,1403/01/09,135,SO,3,14,61.0,10.6,9.4,132.0,126.3,0.471275081,21,3,3,2024,117.0,122.0,120.0,124.08
22,2024-03-28 21:00:00,1403/01/09,137,SO,3,12,67.0,10.6,9.4,132.0,127.2,0.44980456,22,3,3,2024,115.0,122.0,122.0,124.08
23,2024-03-28 22:00:00,1403/01/09,136,SO,3,13,59.0,11.0,9.4,132.0,127.2,0.413537567,23,3,3,2024,122.0,122.0,122.0,125.87123782863642
24,2024-03-28 23:00:00,1403/01/10,136,SO,3,11,64.0,9.6,8.6,132.0,123.0,0.359370153,24,3,3,2024,122.0,122.0,122.0,125.51301010767057
1,2024-03-29 00:00:00,1403/01/10,136,SO,3,10,65.0,11.0,9.4,132.0,126.2,0.330653069,1,4,3,2024,120.0,122.0,123.0,124.08
2,2024-03-29 01:00:00,1403/01/10,0,FQ,3,10,71.0,11.0,9.4,132.0,126.2,0.308099704,2,4,3,2024,118.0,122.0,0.0,124.08
3,2024-03-29 02:00:00,1403/01/10,0,FQ,3,10,67.0,11.0,9.4,132.0,126.2,0.291905453,3,4,3,2024,118.0,125.0,0.0,124.08
4,2024-03-29 03:00:00,1403/01/10,0,FQ,3,9,75.0,11.0,9.4,132.0,126.2,0.281068973,4,4,3,2024,119.0,125.0,0.0,124.08
5,2024-03-29 04:00:00,1403/01/10,0,FQ,3,8,78.0,11.0,9.4,132.0,126.2,0.275056669,5,4,3,2024,120.0,125.0,0.0,124.08
6,2024-03-29 05:00:00,1403/01/10,0,FQ,3,7,79.0,11.0,9.4,132.0,125.3,0.274798757,6,4,3,2024,120.0,125.0,0.0,124.08
7,2024-03-29 06:00:00,1403/01/10,0,FQ,3,9,74.0,11.0,9.4,132.0,124.5,0.279934687,7,4,3,2024,100.0,80.0,0.0,124.08
8,2024-03-29 07:00:00,1403/01/10,0,FQ,3,14,54.0,11.0,9.4,132.0,127.8,0.291213837,8,4,3,2024,100.0,80.0,0.0,124.08
9,2024-03-29 08:00:00,1403/01/10,0,FQ,3,17,38.0,11.0,9.4,132.0,127.0,0.309093073,9,4,3,2024,110.0,120.0,120.0,124.08
10,2024-03-29 09:00:00,1403/01/10,0,FQ,3,18,31.0,11.0,9.4,132.0,126.2,0.331106848,10,4,3,2024,110.0,115.0,120.0,124.08
11,2024-03-29 10:00:00,1403/01/10,0,FQ,3,20,30.0,11.0,9.4,132.0,125.3,0.350585296,11,4,3,2024,133.0,115.0,121.0,124.08
12,2024-03-29 11:00:00,1403/01/10,0,FQ,3,22,27.0,11.0,9.4,132.0,125.3,0.363401315,12,4,3,2024,132.0,115.0,120.0,124.08
13,2024-03-29 12:00:00,1403/01/10,0,FQ,3,24,20.0,11.0,9.4,132.0,125.3,0.367525111,13,4,3,2024,131.0,115.0,115.0,124.08
14,2024-03-29 13:00:00,1403/01/10,0,FQ,3,24,23.0,11.0,9.4,132.0,125.3,0.365576673,14,4,3,2024,131.0,115.0,110.0,124.08
15,2024-03-29 14:00:00,1403/01/10,0,FQ,3,24,28.0,11.0,9.4,132.0,126.2,0.363142812,15,4,3,2024,131.0,115.0,114.0,124.08
16,2024-03-29 15:00:00,1403/01/10,0,FQ,3,24,27.0,11.0,9.4,132.0,126.2,0.365082623,16,4,3,2024,131.0,115.0,108.0,124.08
17,2024-03-29 16:00:00,1403/01/10,0,FQ,3,23,32.0,11.0,9.4,132.0,127.0,0.378503009,17,4,3,2024,131.0,115.0,110.0,124.08
18,2024-03-29 17:00:00,1403/01/10,0,FQ,3,18,51.0,11.0,9.4,132.0,127.0,0.399936258,18,4,3,2024,133.0,115.0,110.0,124.08
19,2024-03-29 18:00:00,1403/01/10,0,FQ,3,17,58.0,6.3,6.5,132.0,127.8,0.421994663,19,4,3,2024,133.0,135.0,120.0,124.08
20,2024-03-29 19:00:00,1403/01/10,0,FQ,3,16,68.0,6.3,6.5,132.0,127.8,0.438496663,20,4,3,2024,135.0,117.0,122.0,124.08
21,2024-03-29 20:00:00,1403/01/10,0,FQ,3,15,71.0,6.3,6.5,132.0,126.3,0.443628513,21,4,3,2024,135.0,117.0,122.0,124.08
22,2024-03-29 21:00:00,1403/01/10,0,FQ,3,14,75.0,6.3,6.5,132.0,127.2,0.425442067,22,4,3,2024,137.0,115.0,122.0,124.08
23,2024-03-29 22:00:00,1403/01/10,0,FQ,3,13,75.0,6.3,6.5,132.0,127.2,0.392843286,23,4,3,2024,136.0,122.0,122.0,124.08
24,2024-03-29 23:00:00,1403/01/11,0,FQ,3,13,75.0,11.0,9.4,132.0,123.0,0.377492421,24,4,3,2024,136.0,122.0,122.0,124.08
1,2024-03-30 00:00:00,1403/01/11,0,FQ,3,12,70.0,6.3,6.5,132.0,128.7,0.347725933,1,5,3,2024,136.0,120.0,122.0,124.08
2,2024-03-30 01:00:00,1403/01/11,0,FQ,3,10,78.0,6.3,6.5,132.0,128.7,0.324061123,2,5,3,2024,0.0,118.0,122.0,124.08
3,2024-03-30 02:00:00,1403/01/11,0,FQ,3,10,79.0,6.3,6.5,132.0,128.7,0.306476721,3,5,3,2024,0.0,118.0,125.0,124.08
4,2024-03-30 03:00:00,1403/01/11,0,FQ,3,9,80.0,6.3,6.5,132.0,124.5,0.29397164,4,5,3,2024,0.0,119.0,125.0,124.08
5,2024-03-30 04:00:00,1403/01/11,0,FQ,3,9,85.0,6.3,6.5,132.0,124.5,0.286246397,5,5,3,2024,0.0,120.0,125.0,124.08
6,2024-03-30 05:00:00,1403/01/11,0,FQ,3,9,88.0,6.3,6.5,132.0,124.5,0.284082699,6,5,3,2024,0.0,120.0,125.0,124.08
7,2024-03-30 06:00:00,1403/01/11,0,FQ,3,12,79.0,6.3,6.5,132.0,128.7,0.287124047,7,5,3,2024,0.0,100.0,80.0,124.08
8,2024-03-30 07:00:00,1403/01/11,0,FQ,3,17,55.0,6.3,6.5,132.0,126.2,0.295747242,8,5,3,2024,0.0,100.0,80.0,124.08
9,2024-03-30 08:00:00,1403/01/11,55,SO,3,19,41.0,6.3,6.5,132.0,124.5,0.310831107,9,5,3,2024,0.0,110.0,120.0,124.08
10,2024-03-30 09:00:00,1403/01/11,0,SO,3,21,35.0,6.3,6.5,132.0,123.6,0.329668496,10,5,3,2024,0.0,110.0,115.0,124.08
11,2024-03-30 10:00:00,1403/01/11,70,SO,3,24,22.0,6.3,6.5,132.0,122.8,0.346843894,11,5,3,2024,0.0,133.0,115.0,124.08
12,2024-03-30 11:00:00,1403/01/11,70,SO,3,26,20.0,6.3,6.5,132.0,122.0,0.358408886,12,5,3,2024,0.0,132.0,115.0,124.08
13,2024-03-30 12:00:00,1403/01/11,120,SO,3,26,18.0,6.3,6.5,132.0,122.0,0.362819036,13,5,3,2024,0.0,131.0,115.0,124.08
14,2024-03-30 13:00:00,1403/01/11,121,SO,3,25,19.0,6.3,6.5,132.0,121.1,0.362043433,14,5,3,2024,0.0,131.0,115.0,124.08
15,2024-03-30 14:00:00,1403/01/11,122,SO,3,25,24.0,10.1,8.8,132.0,121.1,0.361353095,15,5,3,2024,0.0,131.0,115.0,124.08
16,2024-03-30 15:00:00,1403/01/11,122,SO,3,24,27.0,10.1,8.8,132.0,121.1,0.364376682,16,5,3,2024,0.0,131.0,115.0,124.08
17,2024-03-30 16:00:00,1403/01/11,122,SO,3,21,40.0,10.1,8.8,132.0,123.6,0.378463873,17,5,3,2024,0.0,131.0,115.0,124.08
18,2024-03-30 17:00:00,1403/01/11,120,SO,3,20,46.0,10.1,8.8,132.0,124.5,0.401610209,18,5,3,2024,0.0,133.0,115.0,124.08
19,2024-03-30 18:00:00,1403/01/11,130,SO,3,18,53.0,10.3,9.0,132.0,125.3,0.426107849,19,5,3,2024,0.0,133.0,135.0,124.08
20,2024-03-30 19:00:00,1403/01/11,120,SO,3,17,61.0,10.3,9.0,132.0,125.3,0.445614451,20,5,3,2024,0.0,135.0,117.0,124.08
21,2024-03-30 20:00:00,1403/01/11,122,SO,3,17,64.0,10.3,9.0,132.0,124.7,0.453770046,21,5,3,2024,0.0,135.0,117.0,124.08
22,2024-03-30 21:00:00,1403/01/11,122,SO,3,16,60.0,10.3,9.0,132.0,124.7,0.437473511,22,5,3,2024,0.0,137.0,115.0,124.08
23,2024-03-30 22:00:00,1403/01/11,122,SO,3,16,60.0,10.5,9.1,132.0,125.5,0.405013882,23,5,3,2024,0.0,136.0,122.0,124.08
24,2024-03-30 23:00:00,1403/01/12,122,SO,3,16,60.0,6.3,6.5,132.0,125.5,0.371047867,24,5,3,2024,0.0,136.0,122.0,124.08
1,2024-03-31 00:00:00,1403/01/12,119,SO,3,15,64.0,10.5,9.1,132.0,128.7,0.34198928,1,6,3,2024,0.0,136.0,120.0,124.08
2,2024-03-31 01:00:00,1403/01/12,119,SO,3,15,61.0,10.5,9.1,132.0,128.7,0.318863661,2,6,3,2024,0.0,0.0,118.0,124.08
3,2024-03-31 02:00:00,1403/01/12,119,SO,3,14,63.0,10.59,9.3,132.0,128.7,0.30177651,3,6,3,2024,0.0,0.0,118.0,124.08
4,2024-03-31 03:00:00,1403/01/12,122,SO,3,13,72.0,10.59,9.3,132.0,124.5,0.289713739,4,6,3,2024,0.0,0.0,119.0,124.08
5,2024-03-31 04:00:00,1403/01/12,115,SO,3,14,68.0,10.59,9.3,132.0,124.5,0.28273217,5,6,3,2024,0.0,0.0,120.0,124.08
6,2024-03-31 05:00:00,1403/01/12,90,SO,3,13,70.0,10.59,9.3,132.0,124.5,0.281630792,6,6,3,2024,0.0,0.0,120.0,124.08
7,2024-03-31 06:00:00,1403/01/12,90,SO,3,15,70.0,11.0,9.2,132.0,128.7,0.285874806,7,6,3,2024,0.0,0.0,100.0,124.08
8,2024-03-31 07:00:00,1403/01/12,124,SO,3,17,58.0,11.0,9.2,132.0,126.2,0.295988711,8,6,3,2024,0.0,0.0,100.0,124.08
9,2024-03-31 08:00:00,1403/01/12,124,SO,3,21,42.0,11.0,9.2,132.0,124.5,0.312568855,9,6,3,2024,55.0,0.0,110.0,124.08
10,2024-03-31 09:00:00,1403/01/12,120,SO,3,22,38.0,11.0,9.2,132.0,123.6,0.332903313,10,6,3,2024,0.0,0.0,110.0,124.08
11,2024-03-31 10:00:00,1403/01/12,114,SO,3,24,33.0,10.0,8.7,132.0,122.8,0.351297186,11,6,3,2024,70.0,0.0,133.0,124.08
12,2024-03-31 11:00:00,1403/01/12,114,SO,3,25,25.0,10.0,8.7,132.0,122.0,0.363987351,12,6,3,2024,70.0,0.0,132.0,124.08
13,2024-03-31 12:00:00,1403/01/12,114,SO,3,25,19.0,10.0,8.7,132.0,122.0,0.369207573,13,6,3,2024,120.0,0.0,131.0,124.08
14,2024-03-31 13:00:00,1403/01/12,114,SO,3,26,21.0,10.0,8.7,132.0,121.1,0.369296494,14,6,3,2024,121.0,0.0,131.0,124.08
15,2024-03-31 14:00:00,1403/01/12,114,SO,3,26,18.0,10.0,8.7,132.0,121.1,0.368879477,15,6,3,2024,122.0,0.0,131.0,124.08
16,2024-03-31 15:00:00,1403/01/12,114,SO,3,25,28.0,10.0,8.7,132.0,121.1,0.371903577,16,6,3,2024,122.0,0.0,131.0,124.08
17,2024-03-31 16:00:00,1403/01/12,114,SO,3,24,28.0,10.0,8.7,132.0,123.6,0.386091418,17,6,3,2024,122.0,0.0,131.0,124.08
18,2024-03-31 17:00:00,1403/01/12,118,SO,3,20,43.0,10.0,8.7,132.0,124.5,0.409698269,18,6,3,2024,120.0,0.0,133.0,124.08
19,2024-03-31 18:00:00,1403/01/12,115,SO,3,17,48.0,10.0,8.7,132.0,125.3,0.434639301,19,6,3,2024,130.0,0.0,133.0,124.08
20,2024-03-31 19:00:00,1403/01/12,116,SO,3,16,51.0,10.0,8.7,132.0,125.3,0.454815344,20,6,3,2024,120.0,0.0,135.0,124.08
21,2024-03-31 20:00:00,1403/01/12,117,SO,3,15,55.0,10.0,8.7,132.0,124.7,0.46317311,21,6,3,2024,122.0,0.0,135.0,124.08
22,2024-03-31 21:00:00,1403/01/12,118,SO,3,15,59.0,10.0,8.7,132.0,124.7,0.446520489,22,6,3,2024,122.0,0.0,137.0,124.08
23,2024-03-31 22:00:00,1403/01/12,120,SO,3,14,62.0,10.1,8.8,132.0,125.5,0.413029666,23,6,3,2024,122.0,0.0,136.0,124.08
24,2024-03-31 23:00:00,1403/01/13,121,SO,3,13,64.0,10.5,9.1,132.0,125.5,0.378447665,24,6,3,2024,122.0,0.0,136.0,124.08
1,2024-04-01 00:00:00,1403/01/13,123,SO,3,13,61.0,10.1,8.8,132.0,128.7,0.348826582,1,0,4,2024,119.0,0.0,136.0,124.08
2,2024-04-01 01:00:00,1403/01/13,124,SO,3,13,62.0,10.1,8.8,132.0,128.7,0.325306985,2,0,4,2024,119.0,0.0,0.0,124.08
3,2024-04-01 02:00:00,1403/01/13,124,SO,3,11,71.0,10.1,9.0,132.0,128.7,0.307926982,3,0,4,2024,119.0,0.0,0.0,124.08
4,2024-04-01 03:00:00,1403/01/13,125,SO,3,11,73.0,10.1,9.0,132.0,124.5,0.295807424,4,0,4,2024,122.0,0.0,0.0,124.08
5,2024-04-01 04:00:00,1403/01/13,124,SO,3,10,75.0,10.1,9.0,132.0,124.5,0.28876748,5,0,4,2024,115.0,0.0,0.0,124.08
6,2024-04-01 05:00:00,1403/01/13,111,SO,3,10,76.0,10.1,9.0,132.0,124.5,0.288039359,6,0,4,2024,90.0,0.0,0.0,124.08
7,2024-04-01 06:00:00,1403/01/13,115,SO,3,11,74.0,9.3,8.5,132.0,128.7,0.293063063,7,0,4,2024,90.0,0.0,0.0,124.08
8,2024-04-01 07:00:00,1403/01/13,110,SO,3,16,53.0,9.3,8.5,132.0,126.2,0.304250039,8,0,4,2024,124.0,0.0,0.0,124.08
9,2024-04-01 08:00:00,1403/01/13,110,SO,3,19,38.0,9.3,8.5,132.0,124.5,0.322081256,9,0,4,2024,124.0,55.0,0.0,124.08
10,2024-04-01 09:00:00,1403/01/13,110,SO,3,21,30.0,9.3,8.5,132.0,123.6,0.343938864,10,0,4,2024,120.0,0.0,0.0,124.08
11,2024-04-01 10:00:00,1403/01/13,110,SO,3,23,26.0,9.3,8.5,132.0,122.8,0.363642995,11,0,4,2024,114.0,70.0,0.0,124.08
12,2024-04-01 11:00:00,1403/01/13,110,SO,3,24,23.0,9.3,8.5,132.0,122.0,0.377472889,12,0,4,2024,114.0,70.0,0.0,124.08
13,2024-04-01 12:00:00,1403/01/13,110,SO,3,25,20.0,9.3,8.5,132.0,122.0,0.3835262,13,0,4,2024,114.0,120.0,0.0,124.08
14,2024-04-01 13:00:00,1403/01/13,110,SO,3,25,23.0,9.3,8.5,132.0,121.1,0.384230298,14,0,4,2024,114.0,121.0,0.0,124.08
15,2024-04-01 14:00:00,1403/01/13,110,SO,3,25,26.0,9.2,8.4,132.0,121.1,0.384026585,15,0,4,2024,114.0,122.0,0.0,124.08
16,2024-04-01 15:00:00,1403/01/13,110,SO,3,24,31.0,9.2,8.4,132.0,121.1,0.387437874,16,0,4,2024,114.0,122.0,0.0,124.08
17,2024-04-01 16:00:00,1403/01/13,110,SO,3,23,34.0,9.2,8.4,132.0,123.6,0.402026446,17,0,4,2024,114.0,122.0,0.0,124.08
18,2024-04-01 17:00:00,1403/01/13,110,SO,3,19,55.0,9.2,8.4,132.0,124.5,0.426609618,18,0,4,2024,118.0,120.0,0.0,124.08
19,2024-04-01 18:00:00,1403/01/13,110,SO,3,17,60.0,9.2,8.3,132.0,125.3,0.45226846,19,0,4,2024,115.0,130.0,0.0,124.08
20,2024-04-01 19:00:00,1403/01/13,110,SO,3,17,53.0,9.2,8.3,132.0,125.3,0.473299108,20,0,4,2024,116.0,120.0,0.0,124.08
21,2024-04-01 20:00:00,1403/01/13,120,SO,3,15,57.0,9.2,8.3,132.0,124.7,0.481024633,21,0,4,2024,117.0,122.0,0.0,124.08
22,2024-04-01 21:00:00,1403/01/13,120,SO,3,16,55.0,9.2,8.3,132.0,124.7,0.462886567,22,0,4,2024,118.0,122.0,0.0,124.08
23,2024-04-01 22:00:00,1403/01/13,120,SO,3,15,60.0,10.0,8.8,132.0,125.5,0.427035926,23,0,4,2024,120.0,122.0,0.0,124.08
24,2024-04-01 23:00:00,1403/01/14,120,SO,3,14,67.0,10.1,8.8,132.0,125.5,0.390891915,24,0,4,2024,121.0,122.0,0.0,124.08
1,2024-04-02 00:00:00,1403/01/14,120,SO,3,12,73.0,10.0,8.8,132.0,127.8,0.359941625,1,1,4,2024,123.0,119.0,0.0,124.08
2,2024-04-02 01:00:00,1403/01/14,120,SO,3,12,77.0,10.0,8.8,132.0,127.8,0.335762647,2,1,4,2024,124.0,119.0,0.0,124.08
3,2024-04-02 02:00:00,1403/01/14,120,SO,3,11,75.0,10.4,9.3,132.0,127.8,0.317931604,3,1,4,2024,124.0,119.0,0.0,124.08
4,2024-04-02 03:00:00,1403/01/14,120,SO,3,12,76.0,10.4,9.3,132.0,127.8,0.305901649,4,1,4,2024,125.0,122.0,0.0,124.08
5,2024-04-02 04:00:00,1403/01/14,122,SO,3,11,77.0,10.4,9.3,132.0,127.8,0.299511148,5,1,4,2024,124.0,115.0,0.0,124.08
6,2024-04-02 05:00:00,1403/01/14,100,SO,3,10,80.0,10.4,9.3,132.0,127.8,0.30021218,6,1,4,2024,111.0,90.0,0.0,124.08
7,2024-04-02 06:00:00,1403/01/14,0,FO,3,12,74.0,9.9,8.7,132.0,127.8,0.307184784,7,1,4,2024,115.0,90.0,0.0,124.08
8,2024-04-02 07:00:00,1403/01/14,121,SO,3,16,53.0,9.9,8.7,132.0,125.3,0.320877711,8,1,4,2024,110.0,124.0,0.0,124.08
9,2024-04-02 08:00:00,1403/01/14,121,SO,3,19,37.0,9.9,8.7,132.0,123.6,0.341925658,9,1,4,2024,110.0,124.0,55.0,124.08
10,2024-04-02 09:00:00,1403/01/14,116,SO,3,22,29.0,9.9,8.7,132.0,123.6,0.367034497,10,1,4,2024,110.0,120.0,0.0,124.08
11,2024-04-02 10:00:00,1403/01/14,116,SO,3,24,27.0,10.0,8.7,132.0,122.8,0.388919419,11,1,4,2024,110.0,114.0,70.0,124.08
12,2024-04-02 11:00:00,1403/01/14,116,SO,3,24,21.0,10.0,8.7,132.0,122.0,0.404397063,12,1,4,2024,110.0,114.0,70.0,124.08
13,2024-04-02 12:00:00,1403/01/14,116,SO,3,26,20.0,10.0,8.7,132.0,122.0,0.411495569,13,1,4,2024,110.0,114.0,120.0,124.08
14,2024-04-02 13:00:00,1403/01/14,116,SO,3,26,22.0,10.0,8.7,132.0,121.1,0.412199859,14,1,4,2024,110.0,114.0,121.0,124.08
15,2024-04-02 14:00:00,1403/01/14,116,SO,3,25,24.0,10.0,8.7,132.0,121.1,0.4113855,15,1,4,2024,110.0,114.0,122.0,124.08
16,2024-04-02 15:00:00,1403/01/14,116,SO,3,25,24.0,10.0,8.7,132.0,121.1,0.414633236,16,1,4,2024,110.0,114.0,122.0,124.08
17,2024-04-02 16:00:00,1403/01/14,116,SO,3,24,30.0,10.0,8.7,132.0,123.6,0.42975867,17,1,4,2024,110.0,114.0,122.0,124.08
18,2024-04-02 17:00:00,1403/01/14,117,SO,3,21,42.0,10.0,8.7,132.0,124.5,0.456298879,18,1,4,2024,110.0,118.0,120.0,124.08
19,2024-04-02 18:00:00,1403/01/14,130,SO,3,18,45.0,10.3,9.2,132.0,125.3,0.483889559,19,1,4,2024,110.0,115.0,130.0,124.08
20,2024-04-02 19:00:00,1403/01/14,131,LF1,3,16,44.0,10.3,9.2,132.0,125.3,0.506938592,20,1,4,2024,110.0,116.0,120.0,124.08
21,2024-04-02 20:00:00,1403/01/14,132,LF1,3,16,41.0,10.3,9.2,132.0,124.7,0.514636543,21,1,4,2024,120.0,117.0,122.0,124.08
22,2024-04-02 21:00:00,1403/01/14,132,LF1,3,16,42.0,10.3,9.2,132.0,124.7,0.494137943,22,1,4,2024,120.0,118.0,122.0,124.08
23,2024-04-02 22:00:00,1403/01/14,133,LF1,3,15,48.0,10.8,9.4,132.0,125.5,0.453584131,23,1,4,2024,120.0,120.0,122.0,124.08
24,2024-04-02 23:00:00,1403/01/15,135,LF1,3,14,50.0,10.0,8.8,132.0,125.5,0.41364118,24,1,4,2024,120.0,121.0,122.0,124.08
1,2024-04-03 00:00:00,1403/01/15,135,LF1,3,13,52.0,10.8,9.4,132.0,127.8,0.379910364,1,2,4,2024,120.0,123.0,119.0,124.08
2,2024-04-03 01:00:00,1403/01/15,135,LF1,3,12,55.0,10.8,9.4,132.0,127.8,0.354136941,2,2,4,2024,120.0,124.0,119.0,124.08
3,2024-04-03 02:00:00,1403/01/15,135,LF1,3,11,57.0,10.6,9.4,132.0,127.8,0.335104451,3,2,4,2024,120.0,124.0,119.0,124.08
4,2024-04-03 03:00:00,1403/01/15,135,LF1,3,10,61.0,10.6,9.4,132.0,127.8,0.322835649,4,2,4,2024,120.0,125.0,122.0,124.08
5,2024-04-03 04:00:00,1403/01/15,135,LF1,3,11,63.0,10.6,9.4,132.0,127.8,0.317645904,5,2,4,2024,122.0,124.0,115.0,124.08
6,2024-04-03 05:00:00,1403/01/15,135,LF1,3,11,64.0,10.6,9.4,132.0,127.8,0.321216377,6,2,4,2024,100.0,111.0,90.0,124.08
7,2024-04-03 06:00:00,1403/01/15,132,LF1,3,12,65.0,10.9,9.4,132.0,127.8,0.332409015,7,2,4,2024,0.0,115.0,90.0,125.1423949671219
8,2024-04-03 07:00:00,1403/01/15,136,LF1,3,16,45.0,10.9,9.4,132.0,125.3,0.351540995,8,2,4,2024,121.0,110.0,124.0,124.08
9,2024-04-03 08:00:00,1403/01/15,132,LF1,3,20,27.0,10.9,9.4,132.0,123.6,0.379560329,9,2,4,2024,121.0,110.0,124.0,124.08
10,2024-04-03 09:00:00,1403/01/15,131,LF1,3,22,23.0,10.9,9.4,132.0,123.6,0.411487333,10,2,4,2024,116.0,110.0,120.0,124.08
11,2024-04-03 10:00:00,1403/01/15,129,LF1,3,24,19.0,10.5,9.1,132.0,122.8,0.437195053,11,2,4,2024,116.0,110.0,114.0,124.08
12,2024-04-03 11:00:00,1403/01/15,127,LF1,3,25,16.0,10.5,9.1,132.0,122.0,0.453702559,12,2,4,2024,116.0,110.0,114.0,124.08
13,2024-04-03 12:00:00,1403/01/15,127,SO,3,25,20.0,10.5,9.1,132.0,122.0,0.46007089,13,2,4,2024,116.0,110.0,114.0,124.08
14,2024-04-03 13:00:00,1403/01/15,127,SO,3,26,17.0,10.5,9.1,132.0,121.1,0.458753546,14,2,4,2024,116.0,110.0,114.0,124.08
15,2024-04-03 14:00:00,1403/01/15,127,SO,3,28,22.0,10.6,9.1,132.0,121.1,0.455475334,15,2,4,2024,116.0,110.0,114.0,124.08
16,2024-04-03 15:00:00,1403/01/15,128,SO,3,24,25.0,10.6,9.1,132.0,121.1,0.45782819,16,2,4,2024,116.0,110.0,114.0,124.1681437417312
17,2024-04-03 16:00:00,1403/01/15,129,SO,3,21,39.0,10.6,9.1,132.0,123.6,0.473662749,17,2,4,2024,116.0,110.0,114.0,126.08752190345214
18,2024-04-03 17:00:00,1403/01/15,130,SO,3,20,39.0,10.6,9.1,132.0,124.5,0.502746841,18,2,4,2024,117.0,110.0,118.0,129.44071633399147
19,2024-04-03 18:00:00,1403/01/15,131,SO,3,18,39.0,10.6,9.3,132.0,125.3,0.532383518,19,2,4,2024,130.0,110.0,115.0,130.11632857866164
20,2024-04-03 19:00:00,1403/01/15,131,SO,3,17,44.0,10.6,9.3,132.0,125.3,0.556939357,20,2,4,2024,131.0,110.0,116.0,130.77500363124946
21,2024-04-03 20:00:00,1403/01/15,132,SO,3,16,45.0,10.6,9.3,132.0,124.7,0.563069865,21,2,4,2024,132.0,120.0,117.0,131.08801113886778
22,2024-04-03 21:00:00,1403/01/15,134,SO,3,15,44.0,10.6,9.3,132.0,124.7,0.536993465,22,2,4,2024,132.0,120.0,118.0,131.20880094778425
23,2024-04-03 22:00:00,1403/01/15,135,SO,3,13,54.0,9.8,8.8,132.0,125.5,0.489639161,23,2,4,2024,133.0,120.0,120.0,131.1142207349113
24,2024-04-03 23:00:00,1403/01/16,120,SO,3,12,56.0,10.8,9.4,132.0,125.5,0.444565657,24,2,4,2024,135.0,120.0,121.0,128.70598672030331
1,2024-04-04 00:00:00,1403/01/16,121,SO,3,11,63.0,9.8,8.8,132.0,126.2,0.407562974,1,3,4,2024,135.0,120.0,123.0,125.59576531445342
2,2024-04-04 01:00:00,1403/01/16,121,SO,3,11,61.0,9.8,8.8,132.0,127.0,0.379711312,2,3,4,2024,135.0,120.0,124.0,125.08151641077369
3,2024-04-04 02:00:00,1403/01/16,122,SO,3,11,61.0,10.4,8.9,132.0,127.8,0.359677067,3,3,4,2024,135.0,120.0,124.0,124.7815402539059
4,2024-04-04 03:00:00,1403/01/16,124,SO,3,10,63.0,10.4,8.9,132.0,127.8,0.347264149,4,3,4,2024,135.0,120.0,125.0,125.15016725600437
5,2024-04-04 04:00:00,1403/01/16,124,SO,3,9,64.0,10.4,8.9,132.0,127.8,0.343555953,5,3,4,2024,135.0,122.0,124.0,125.04458385033577
6,2024-04-04 05:00:00,1403/01/16,124,SO,3,9,69.0,10.4,8.9,132.0,127.8,0.350643881,6,3,4,2024,135.0,100.0,111.0,124.08
7,2024-04-04 06:00:00,1403/01/16,124,SO,3,11,66.0,10.1,8.8,132.0,127.0,0.367423626,7,3,4,2024,132.0,0.0,115.0,124.84512346350817
8,2024-04-04 07:00:00,1403/01/16,120,SO,3,15,48.0,10.1,8.8,132.0,124.5,0.395012686,8,3,4,2024,136.0,121.0,110.0,124.08
9,2024-04-04 08:00:00,1403/01/16,118,SO,3,19,33.0,10.1,8.8,132.0,123.6,0.434620581,9,3,4,2024,132.0,121.0,110.0,124.08
10,2024-04-04 09:00:00,1403/01/16,118,SO,3,21,28.0,10.1,8.8,132.0,122.8,0.480299032,10,3,4,2024,131.0,116.0,110.0,124.08
11,2024-04-04 10:00:00,1403/01/16,115,SO,3,24,17.0,10.2,9.1,132.0,122.0,0.516912406,11,3,4,2024,129.0,116.0,110.0,124.08
12,2024-04-04 11:00:00,1403/01/16,130,SO,3,26,16.0,10.2,9.1,132.0,121.1,0.540258402,12,3,4,2024,127.0,116.0,110.0,124.08
13,2024-04-04 12:00:00,1403/01/16,127,LF1,3,26,16.0,10.2,9.1,132.0,121.1,0.548566509,13,3,4,2024,127.0,116.0,110.0,124.08
14,2024-04-04 13:00:00,1403/01/16,125,LF1,3,28,18.0,10.2,9.1,132.0,121.1,0.545975377,14,3,4,2024,127.0,116.0,110.0,124.08
15,2024-04-04 14:00:00,1403/01/16,126,LF1,3,26,21.0,10.2,9.1,132.0,121.1,0.538842508,15,3,4,2024,127.0,116.0,110.0,124.08
16,2024-04-04 15:00:00,1403/01/16,126,LF1,3,26,21.0,10.2,9.1,132.0,121.1,0.538611225,16,3,4,2024,128.0,116.0,110.0,124.08
17,2024-04-04 16:00:00,1403/01/16,127,LF1,3,25,23.0,10.2,9.1,132.0,122.0,0.554096857,17,3,4,2024,129.0,116.0,110.0,124.08
18,2024-04-04 17:00:00,1403/01/16,115,LF1,3,22,30.0,10.2,9.1,132.0,122.0,0.583801386,18,3,4,2024,130.0,117.0,110.0,124.08
19,2024-04-04 18:00:00,1403/01/16,116,LF1,3,20,40.0,10.0,8.6,132.0,122.8,0.612688342,19,3,4,2024,131.0,130.0,110.0,124.08
20,2024-04-04 19:00:00,1403/01/16,116,SO,3,18,40.0,10.0,8.6,132.0,123.6,0.63476617,20,3,4,2024,131.0,131.0,110.0,124.08
21,2024-04-04 20:00:00,1403/01/16,116,SO,3,17,44.0,10.0,8.6,132.0,122.1,0.635403933,21,3,4,2024,132.0,132.0,120.0,124.08
22,2024-04-04 21:00:00,1403/01/16,116,SO,3,15,49.0,10.0,8.6,132.0,123.0,0.600256701,22,3,4,2024,134.0,132.0,120.0,124.08
23,2024-04-04 22:00:00,1403/01/16,116,SO,3,14,53.0,10.0,8.5,132.0,123.0,0.542633944,23,3,4,2024,135.0,133.0,120.0,124.08
24,2024-04-04 23:00:00,1403/01/17,117,SO,3,14,55.0,9.8,8.8,132.0,123.8,0.466281069,24,3,4,2024,120.0,135.0,120.0,124.08
1,2024-04-05 00:00:00,1403/01/17,120,SO,3,12,56.0,10.0,8.5,132.0,126.2,0.425795674,1,4,4,2024,121.0,135.0,120.0,124.08
2,2024-04-05 01:00:00,1403/01/17,125,SO,3,11,55.0,10.0,8.5,132.0,127.0,0.395544195,2,4,4,2024,121.0,135.0,120.0,124.08
3,2024-04-05 02:00:00,1403/01/17,122,SO,3,10,56.0,10.0,8.5,132.0,127.8,0.373526594,3,4,4,2024,122.0,135.0,120.0,124.08
4,2024-04-05 03:00:00,1403/01/17,121,SO,3,10,60.0,10.0,8.5,132.0,127.8,0.360284451,4,4,4,2024,124.0,135.0,120.0,124.08
5,2024-04-05 04:00:00,1403/01/17,120,SO,3,9,65.0,10.0,8.5,132.0,127.8,0.356569142,5,4,4,2024,124.0,135.0,122.0,124.08
6,2024-04-05 05:00:00,1403/01/17,110,SO,3,8,68.0,10.0,8.5,132.0,127.8,0.364723363,6,4,4,2024,124.0,135.0,100.0,124.08
7,2024-04-05 06:00:00,1403/01/17,110,SO,3,11,58.0,9.6,8.3,132.0,127.0,0.383572523,7,4,4,2024,124.0,132.0,0.0,124.08
8,2024-04-05 07:00:00,1403/01/17,110,SO,3,16,38.0,9.6,8.3,132.0,124.5,0.414141779,8,4,4,2024,120.0,136.0,121.0,124.08
9,2024-04-05 08:00:00,1403/01/17,110,SO,3,21,25.0,9.6,8.3,132.0,123.6,0.45787582,9,4,4,2024,118.0,132.0,121.0,124.08
10,2024-04-05 09:00:00,1403/01/17,122,SO,3,24,24.0,9.6,8.3,132.0,122.8,0.508682647,10,4,4,2024,118.0,131.0,116.0,124.08
11,2024-04-05 10:00:00,1403/01/17,122,SO,3,25,19.0,11.0,9.0,132.0,122.0,0.548689252,11,4,4,2024,115.0,129.0,116.0,124.08
12,2024-04-05 11:00:00,1403/01/17,122,SO,3,27,16.0,11.0,9.0,132.0,121.1,0.574056743,12,4,4,2024,130.0,127.0,116.0,124.08
13,2024-04-05 12:00:00,1403/01/17,122,SO,3,28,16.0,11.0,9.0,132.0,121.1,0.583007145,13,4,4,2024,127.0,127.0,116.0,124.08
14,2024-04-05 13:00:00,1403/01/17,122,SO,3,28,16.0,11.0,9.0,132.0,121.1,0.579209828,14,4,4,2024,125.0,127.0,116.0,124.08
15,2024-04-05 14:00:00,1403/01/17,122,SO,3,28,16.0,10.5,9.0,132.0,121.1,0.569931408,15,4,4,2024,126.0,127.0,116.0,124.08
16,2024-04-05 15:00:00,1403/01/17,120,SO,3,28,19.0,10.5,9.0,132.0,121.1,0.567339338,16,4,4,2024,126.0,128.0,116.0,124.08
17,2024-04-05 16:00:00,1403/01/17,0,FO,3,26,25.0,10.5,9.0,132.0,122.0,0.580267257,17,4,4,2024,127.0,129.0,116.0,124.08
18,2024-04-05 17:00:00,1403/01/17,0,FO,3,23,24.0,10.5,9.0,132.0,122.0,0.609248679,18,4,4,2024,115.0,130.0,117.0,124.08
19,2024-04-05 18:00:00,1403/01/17,128,SO,3,19,38.0,10.8,9.3,132.0,122.8,0.637460985,19,4,4,2024,116.0,131.0,130.0,124.08
20,2024-04-05 19:00:00,1403/01/17,128,SO,3,17,31.0,10.8,9.3,132.0,123.6,0.658109906,20,4,4,2024,116.0,131.0,131.0,124.08
21,2024-04-05 20:00:00,1403/01/17,130,SO,3,18,32.0,10.8,9.3,132.0,122.1,0.656571668,21,4,4,2024,116.0,132.0,132.0,124.08
22,2024-04-05 21:00:00,1403/01/17,131,SO,3,16,38.0,10.8,9.3,132.0,123.0,0.617911169,22,4,4,2024,116.0,134.0,132.0,124.08
23,2024-04-05 22:00:00,1403/01/17,132,SO,3,15,37.0,10.8,9.3,132.0,123.0,0.555469051,23,4,4,2024,116.0,135.0,133.0,124.08
24,2024-04-05 23:00:00,1403/01/18,130,SO,3,15,38.0,10.0,8.5,132.0,123.8,0.523497403,24,4,4,2024,117.0,120.0,135.0,124.08
1,2024-04-06 00:00:00,1403/01/18,130,SO,3,12,38.0,10.8,9.3,132.0,126.2,0.476009593,1,5,4,2024,120.0,121.0,135.0,124.08
2,2024-04-06 01:00:00,1403/01/18,132,SO,3,11,47.0,10.8,9.3,132.0,127.0,0.440956428,2,5,4,2024,125.0,121.0,135.0,124.08
3,2024-04-06 02:00:00,1403/01/18,133,SO,3,10,52.0,10.9,9.5,132.0,127.8,0.415601949,3,5,4,2024,122.0,122.0,135.0,124.08
4,2024-04-06 03:00:00,1403/01/18,134,SO,3,9,51.0,10.9,9.5,132.0,127.8,0.40041573,4,5,4,2024,121.0,124.0,135.0,124.08
5,2024-04-06 04:00:00,1403/01/18,110,SO,3,10,55.0,10.9,9.5,132.0,127.8,0.396605807,5,5,4,2024,120.0,124.0,135.0,124.08
6,2024-04-06 05:00:00,1403/01/18,110,SO,3,9,60.0,10.9,9.5,132.0,127.8,0.406779701,6,5,4,2024,110.0,124.0,135.0,124.08
7,2024-04-06 06:00:00,1403/01/18,122,SO,3,11,60.0,10.9,9.4,132.0,127.0,0.429459004,7,5,4,2024,110.0,124.0,132.0,124.08
8,2024-04-06 07:00:00,1403/01/18,122,SO,3,16,43.0,10.9,9.4,132.0,124.5,0.465755209,8,5,4,2024,110.0,120.0,136.0,124.08
9,2024-04-06 08:00:00,1403/01/18,120,SO,3,22,25.0,10.9,9.4,132.0,123.6,0.51790709,9,5,4,2024,110.0,118.0,132.0,124.08
10,2024-04-06 09:00:00,1403/01/18,120,SO,3,24,25.0,10.9,9.4,132.0,122.8,0.578014012,10,5,4,2024,122.0,118.0,131.0,124.08
11,2024-04-06 10:00:00,1403/01/18,117,SO,3,27,21.0,10.6,9.0,132.0,122.0,0.6247909,11,5,4,2024,122.0,115.0,129.0,124.08
12,2024-04-06 11:00:00,1403/01/18,117,SO,3,28,16.0,10.6,9.0,132.0,121.1,0.654101161,12,5,4,2024,122.0,130.0,127.0,124.08
13,2024-04-06 12:00:00,1403/01/18,117,SO,3,29,14.0,10.6,9.0,132.0,121.1,0.6649729,13,5,4,2024,122.0,127.0,127.0,124.08
14,2024-04-06 13:00:00,1403/01/18,117,SO,3,29,10.0,10.6,9.0,132.0,121.1,0.660171807,14,5,4,2024,122.0,125.0,127.0,124.08
15,2024-04-06 14:00:00,1403/01/18,115,SO,3,30,10.0,10.4,8.9,132.0,121.1,0.648310035,15,5,4,2024,122.0,126.0,127.0,124.08
16,2024-04-06 15:00:00,1403/01/18,121,SO,3,29,11.0,10.4,8.9,132.0,121.1,0.642908261,16,5,4,2024,120.0,126.0,128.0,124.08
17,2024-04-06 16:00:00,1403/01/18,123,SO,3,27,28.0,10.4,8.9,132.0,122.0,0.654841062,17,5,4,2024,0.0,127.0,129.0,126.92061597100655
18,2024-04-06 17:00:00,1403/01/18,125,SO,3,22,36.0,10.4,8.9,132.0,122.0,0.684874677,18,5,4,2024,0.0,115.0,130.0,127.79542950905673
19,2024-04-06 18:00:00,1403/01/18,127,SO,3,20,42.0,10.7,9.2,132.0,122.8,0.713933711,19,5,4,2024,128.0,116.0,131.0,124.08
20,2024-04-06 19:00:00,1403/01/18,128,LF1,3,18,40.0,10.7,9.2,132.0,123.6,0.734298946,20,5,4,2024,128.0,116.0,131.0,124.08
21,2024-04-06 20:00:00,1403/01/18,129,LF1,3,17,36.0,10.7,9.2,132.0,122.1,0.731961532,21,5,4,2024,130.0,116.0,132.0,124.08
22,2024-04-06 21:00:00,1403/01/18,129,LF1,3,15,33.0,10.7,9.2,132.0,123.0,0.68734422,22,5,4,2024,131.0,116.0,134.0,124.08
23,2024-04-06 22:00:00,1403/01/18,129,LF1,3,14,35.0,10.9,9.2,132.0,123.0,0.616749132,23,5,4,2024,132.0,116.0,135.0,124.66403878856698
24,2024-04-06 23:00:00,1403/01/19,131,LF1,3,12,42.0,10.8,9.3,132.0,123.8,0.552768526,24,5,4,2024,130.0,117.0,120.0,124.08
1,2024-04-07 00:00:00,1403/01/19,133,LF1,3,12,51.0,10.9,9.2,132.0,126.2,0.501934787,1,6,4,2024,130.0,120.0,121.0,124.08
2,2024-04-07 01:00:00,1403/01/19,133,LF1,3,12,51.0,10.9,9.2,132.0,127.0,0.46370206,2,6,4,2024,132.0,125.0,121.0,124.08
3,2024-04-07 02:00:00,1403/01/19,133,LF1,3,12,50.0,10.8,9.4,132.0,127.8,0.436219598,3,6,4,2024,133.0,122.0,122.0,124.08
4,2024-04-07 03:00:00,1403/01/19,133,LF1,3,10,55.0,10.8,9.4,132.0,127.8,0.4192881,4,6,4,2024,134.0,121.0,124.0,124.08
5,2024-04-07 04:00:00,1403/01/19,133,LF1,3,10,52.0,10.8,9.4,132.0,127.8,0.414551706,5,6,4,2024,110.0,120.0,124.0,124.08
6,2024-04-07 05:00:00,1403/01/19,120,LF1,3,10,59.0,10.8,9.4,132.0,127.8,0.425215952,6,6,4,2024,110.0,110.0,124.0,124.08
7,2024-04-07 06:00:00,1403/01/19,120,LF1,3,13,54.0,9.0,329.0,132.0,127.0,0.44943397,7,6,4,2024,122.0,110.0,124.0,124.08
8,2024-04-07 07:00:00,1403/01/19,120,LF1,3,18,38.0,9.0,329.0,132.0,124.5,0.488567845,8,6,4,2024,122.0,110.0,120.0,124.08
9,2024-04-07 08:00:00,1403/01/19,121,LF1,3,21,23.0,9.0,329.0,132.0,123.6,0.545386843,9,6,4,2024,120.0,110.0,118.0,124.08
10,2024-04-07 09:00:00,1403/01/19,123,LF1,3,22,23.0,9.0,329.0,132.0,122.8,0.611297899,10,6,4,2024,120.0,122.0,118.0,124.08
11,2024-04-07 10:00:00,1403/01/19,120,LF1,3,24,23.0,10.6,9.0,132.0,122.0,0.662773011,11,6,4,2024,117.0,122.0,115.0,124.08
12,2024-04-07 11:00:00,1403/01/19,120,LF1,3,24,23.0,10.6,9.0,132.0,121.1,0.69594795,12,6,4,2024,117.0,122.0,130.0,124.08
13,2024-04-07 12:00:00,1403/01/19,122,LF1,3,23,23.0,10.6,9.0,132.0,121.1,0.7086947,13,6,4,2024,117.0,122.0,127.0,124.08
14,2024-04-07 13:00:00,1403/01/19,130,SO,3,20,35.0,10.6,9.0,132.0,121.1,0.703509388,14,6,4,2024,117.0,122.0,125.0,124.08
15,2024-04-07 14:00:00,1403/01/19,120,SO,3,20,41.0,10.6,8.9,132.0,121.1,0.68974099,15,6,4,2024,115.0,122.0,126.0,124.35966971172614
16,2024-04-07 15:00:00,1403/01/19,118,SO,3,21,45.0,10.6,8.9,132.0,121.1,0.681602194,16,6,4,2024,121.0,120.0,126.0,124.08
17,2024-04-07 16:00:00,1403/01/19,125,SO,3,20,47.0,10.6,8.9,132.0,122.0,0.691064648,17,6,4,2024,123.0,0.0,127.0,125.29954492886097
18,2024-04-07 17:00:00,1403/01/19,123,SO,3,20,51.0,10.6,8.9,132.0,122.0,0.719308575,18,6,4,2024,125.0,0.0,115.0,124.87828755852655
19,2024-04-07 18:00:00,1403/01/19,129,LF1,3,19,45.0,10.8,9.2,132.0,122.8,0.746861078,19,6,4,2024,127.0,128.0,116.0,124.08
20,2024-04-07 19:00:00,1403/01/19,130,LF1,3,18,50.0,10.8,9.2,132.0,123.6,0.76652471,20,6,4,2024,128.0,128.0,116.0,124.35414380315964
21,2024-04-07 20:00:00,1403/01/19,131,LF1,3,17,58.0,10.8,9.2,132.0,122.1,0.76435503,21,6,4,2024,129.0,130.0,116.0,124.35414380315964
22,2024-04-07 21:00:00,1403/01/19,129,LF1,3,17,54.0,10.8,9.2,132.0,123.0,0.718406532,22,6,4,2024,129.0,131.0,116.0,124.35414380315964
23,2024-04-07 22:00:00,1403/01/19,130,LF1,3,16,58.0,10.9,9.3,132.0,123.0,0.64530373,23,6,4,2024,129.0,132.0,116.0,126.62025120205843
24,2024-04-07 23:00:00,1403/01/20,131,LF1,3,16,67.0,10.9,9.2,132.0,123.8,0.578164896,24,6,4,2024,131.0,130.0,117.0,126.59084713116705
1,2024-04-08 00:00:00,1403/01/20,131,LF1,3,16,57.0,10.9,9.3,132.0,126.2,0.524466317,1,0,4,2024,133.0,130.0,120.0,125.03485715534552
2,2024-04-08 01:00:00,1403/01/20,131,LF1,3,16,59.0,10.9,9.3,132.0,126.2,0.483342434,2,0,4,2024,133.0,132.0,125.0,124.35669386778774
3,2024-04-08 02:00:00,1403/01/20,110,LF1,3,16,66.0,9.3,8.2,132.0,126.2,0.453466065,3,0,4,2024,133.0,133.0,122.0,124.08
4,2024-04-08 03:00:00,1403/01/20,110,LF1,3,16,66.0,9.3,8.2,132.0,127.0,0.434018165,4,0,4,2024,133.0,134.0,121.0,124.08
5,2024-04-08 04:00:00,1403/01/20,110,LF1,3,15,66.0,9.3,8.2,132.0,127.0,0.427041162,5,0,4,2024,133.0,110.0,120.0,124.08
6,2024-04-08 05:00:00,1403/01/20,110,LF1,3,14,66.0,9.3,8.2,132.0,127.0,0.435458697,6,0,4,2024,120.0,110.0,110.0,124.08
7,2024-04-08 06:00:00,1403/01/20,110,LF1,3,15,61.0,9.4,8.4,132.0,125.3,0.457722101,7,0,4,2024,120.0,122.0,110.0,124.08
8,2024-04-08 07:00:00,1403/01/20,110,LF1,3,20,46.0,9.4,8.4,132.0,122.8,0.495006941,8,0,4,2024,120.0,122.0,110.0,124.08
9,2024-04-08 08:00:00,1403/01/20,110,LF1,3,23,29.0,9.4,8.4,132.0,121.1,0.550299174,9,0,4,2024,121.0,120.0,110.0,124.08
10,2024-04-08 09:00:00,1403/01/20,110,LF1,3,26,28.0,9.4,8.4,132.0,120.3,0.615554901,10,0,4,2024,123.0,120.0,122.0,124.08
11,2024-04-08 10:00:00,1403/01/20,110,LF1,3,28,21.0,10.5,9.0,132.0,119.5,0.669395117,11,0,4,2024,120.0,117.0,122.0,124.08
12,2024-04-08 11:00:00,1403/01/20,123,LF1,3,28,23.0,10.5,9.0,132.0,118.6,0.706893968,12,0,4,2024,120.0,117.0,122.0,124.08
13,2024-04-08 12:00:00,1403/01/20,122,LF1,3,28,19.0,10.5,9.0,132.0,118.6,0.723550644,13,0,4,2024,122.0,117.0,122.0,124.08
14,2024-04-08 13:00:00,1403/01/20,123,SO,3,29,18.0,10.5,9.0,132.0,118.6,0.720377357,14,0,4,2024,130.0,117.0,122.0,124.08
15,2024-04-08 14:00:00,1403/01/20,121,SO,3,28,22.0,10.5,9.0,132.0,119.5,0.70781355,15,0,4,2024,120.0,115.0,122.0,124.08
16,2024-04-08 15:00:00,1403/01/20,122,SO,3,28,22.0,10.5,9.0,132.0,120.3,0.699361436,16,0,4,2024,118.0,121.0,120.0,124.08
17,2024-04-08 16:00:00,1403/01/20,122,SO,3,27,29.0,10.5,9.0,132.0,121.1,0.707470323,17,0,4,2024,125.0,123.0,0.0,124.08
18,2024-04-08 17:00:00,1403/01/20,123,SO,3,25,37.0,10.5,9.0,132.0,122.0,0.734920839,18,0,4,2024,123.0,125.0,0.0,124.08
19,2024-04-08 18:00:00,1403/01/20,124,SO,3,22,44.0,10.5,9.1,132.0,122.8,0.763552167,19,0,4,2024,129.0,127.0,128.0,124.08
20,2024-04-08 19:00:00,1403/01/20,125,LF1,3,21,44.0,10.5,9.1,132.0,123.6,0.784792792,20,0,4,2024,130.0,128.0,128.0,124.08
21,2024-04-08 20:00:00,1403/01/20,126,LF1,3,20,42.0,10.5,9.1,132.0,122.1,0.784070815,21,0,4,2024,131.0,129.0,130.0,124.08
22,2024-04-08 21:00:00,1403/01/20,126,LF1,3,19,50.0,10.5,9.1,132.0,123.0,0.739084628,22,0,4,2024,129.0,129.0,131.0,124.08
23,2024-04-08 22:00:00,1403/01/20,127,LF1,3,18,53.0,10.8,9.1,132.0,123.0,0.665099645,23,0,4,2024,130.0,129.0,132.0,124.08
24,2024-04-08 23:00:00,1403/01/21,127,LF1,3,18,53.0,10.9,9.3,132.0,123.8,0.596052696,24,0,4,2024,131.0,131.0,130.0,124.08
1,2024-04-09 00:00:00,1403/01/21,130,LF1,3,17,64.0,10.8,9.1,132.0,123.7,0.540052128,1,1,4,2024,131.0,133.0,130.0,124.08
2,2024-04-09 01:00:00,1403/01/21,130,LF1,3,16,68.0,10.8,9.1,132.0,123.7,0.49730235,2,1,4,2024,131.0,133.0,132.0,124.08
3,2024-04-09 02:00:00,1403/01/21,130,LF1,3,15,69.0,10.8,9.1,132.0,124.5,0.465516464,3,1,4,2024,110.0,133.0,133.0,124.08
4,2024-04-09 03:00:00,1403/01/21,130,LF1,3,15,69.0,10.8,9.1,132.0,125.3,0.444458502,4,1,4,2024,110.0,133.0,134.0,124.08
5,2024-04-09 04:00:00,1403/01/21,131,LF1,3,16,69.0,10.8,9.1,132.0,125.3,0.436471706,5,1,4,2024,110.0,133.0,110.0,124.08
6,2024-04-09 05:00:00,1403/01/21,131,LF1,3,17,63.0,10.8,9.1,132.0,125.3,0.444990716,6,1,4,2024,110.0,120.0,110.0,124.08
7,2024-04-09 06:00:00,1403/01/21,131,LF1,3,18,60.0,10.9,9.2,132.0,124.5,0.467790472,7,1,4,2024,110.0,120.0,122.0,124.08
8,2024-04-09 07:00:00,1403/01/21,131,LF1,3,19,50.0,10.9,9.2,132.0,122.0,0.506532292,8,1,4,2024,110.0,120.0,122.0,124.08
9,2024-04-09 08:00:00,1403/01/21,127,LF1,3,24,32.0,10.9,9.2,132.0,120.3,0.565432314,9,1,4,2024,110.0,121.0,120.0,124.08
10,2024-04-09 09:00:00,1403/01/21,124,LF1,3,26,28.0,10.9,9.2,132.0,119.5,0.635095297,10,1,4,2024,110.0,123.0,120.0,124.08
11,2024-04-09 10:00:00,1403/01/21,123,LF1,3,28,20.0,10.3,9.0,132.0,118.6,0.692248211,11,1,4,2024,110.0,120.0,117.0,124.08
12,2024-04-09 11:00:00,1403/01/21,122,LF1,3,29,18.0,10.3,9.0,132.0,118.6,0.733548874,12,1,4,2024,123.0,120.0,117.0,124.08
13,2024-04-09 12:00:00,1403/01/21,122,LF1,3,29,20.0,10.3,9.0,132.0,118.6,0.753475351,13,1,4,2024,122.0,122.0,117.0,124.25583476116152
14,2024-04-09 13:00:00,1403/01/21,121,LF1,3,30,18.0,10.3,9.0,132.0,118.6,0.749879095,14,1,4,2024,123.0,130.0,117.0,124.08
15,2024-04-09 14:00:00,1403/01/21,121,LF1,3,30,17.0,10.3,9.0,132.0,118.6,0.735129318,15,1,4,2024,121.0,120.0,115.0,124.08
16,2024-04-09 15:00:00,1403/01/21,120,LF1,3,29,20.0,10.3,9.0,132.0,118.6,0.724665762,16,1,4,2024,122.0,118.0,121.0,124.08
17,2024-04-09 16:00:00,1403/01/21,121,LF1,3,28,20.0,10.3,9.0,132.0,119.5,0.730079952,17,1,4,2024,122.0,125.0,123.0,124.08
18,2024-04-09 17:00:00,1403/01/21,123,LF1,3,26,29.0,10.3,9.0,132.0,120.3,0.756772229,18,1,4,2024,123.0,123.0,125.0,125.0593937077951
19,2024-04-09 18:00:00,1403/01/21,124,LF1,3,22,36.0,10.6,9.1,132.0,121.2,0.785280946,19,1,4,2024,124.0,129.0,127.0,125.37675826106725
20,2024-04-09 19:00:00,1403/01/21,125,LF1,3,22,34.0,10.6,9.1,132.0,122.0,0.807839065,20,1,4,2024,125.0,130.0,128.0,125.72897253553542
21,2024-04-09 20:00:00,1403/01/21,126,LF1,3,21,38.0,10.6,9.1,132.0,120.5,0.808398639,21,1,4,2024,126.0,131.0,129.0,125.72897253553542
22,2024-04-09 21:00:00,1403/01/21,125,LF1,3,19,38.0,10.6,9.1,132.0,121.3,0.763872806,22,1,4,2024,126.0,129.0,129.0,125.72897253553542
23,2024-04-09 22:00:00,1403/01/21,126,LF1,3,18,41.0,10.6,9.1,132.0,121.3,0.687781312,23,1,4,2024,127.0,130.0,129.0,127.0546476384014
24,2024-04-09 23:00:00,1403/01/22,127,LF1,3,18,42.0,10.8,9.1,132.0,121.3,0.615578223,24,1,4,2024,127.0,131.0,131.0,126.95028708003888
1,2024-04-10 00:00:00,1403/01/22,128,LF1,3,16,44.0,10.6,9.1,132.0,123.6,0.557116147,1,2,4,2024,130.0,131.0,133.0,125.66779762505107
2,2024-04-10 01:00:00,1403/01/22,130,LF1,3,15,48.0,10.6,9.1,132.0,123.6,0.51209232,2,2,4,2024,130.0,131.0,133.0,125.39783925794146
3,2024-04-10 02:00:00,1403/01/22,131,LF1,3,11,52.0,10.6,9.1,132.0,124.5,0.478585537,3,2,4,2024,130.0,110.0,133.0,125.37701359142957
4,2024-04-10 03:00:00,1403/01/22,130,LF1,3,14,58.0,10.6,9.1,132.0,125.3,0.455767202,4,2,4,2024,130.0,110.0,133.0,125.49224516251016
5,2024-04-10 04:00:00,1403/01/22,130,LF1,3,14,60.0,10.6,9.1,132.0,125.3,0.447054694,5,2,4,2024,131.0,110.0,133.0,125.01840973953266
6,2024-04-10 05:00:00,1403/01/22,131,LF1,3,13,59.0,10.6,9.1,132.0,125.3,0.455556373,6,2,4,2024,131.0,110.0,120.0,124.08
7,2024-04-10 06:00:00,1403/01/22,110,LF1,3,17,52.0,9.7,8.5,132.0,124.5,0.479073907,7,2,4,2024,131.0,110.0,120.0,124.08
8,2024-04-10 07:00:00,1403/01/22,110,LF1,3,20,40.0,9.7,8.5,132.0,122.0,0.51936669,8,2,4,2024,131.0,110.0,120.0,124.08
9,2024-04-10 08:00:00,1403/01/22,114,LF1,3,26,27.0,9.7,8.5,132.0,120.3,0.581959397,9,2,4,2024,127.0,110.0,121.0,124.08
10,2024-04-10 09:00:00,1403/01/22,112,LF1,3,27,21.0,9.7,8.5,132.0,119.5,0.656230273,10,2,4,2024,124.0,110.0,123.0,124.08
11,2024-04-10 10:00:00,1403/01/22,112,LF1,3,29,19.0,10.2,8.6,132.0,118.6,0.716114739,11,2,4,2024,123.0,110.0,120.0,124.08
12,2024-04-10 11:00:00,1403/01/22,112,LF1,3,29,18.0,10.2,8.6,132.0,118.6,0.759841086,12,2,4,2024,122.0,123.0,120.0,124.08
13,2024-04-10 12:00:00,1403/01/22,112,SO,3,30,18.0,10.2,8.6,132.0,118.6,0.78012722,13,2,4,2024,122.0,122.0,122.0,124.08
14,2024-04-10 13:00:00,1403/01/22,112,SO,3,30,17.0,10.2,8.6,132.0,118.6,0.774350829,14,2,4,2024,121.0,123.0,130.0,124.08
15,2024-04-10 14:00:00,1403/01/22,112,SO,3,29,21.0,10.7,8.8,132.0,118.6,0.756356344,15,2,4,2024,121.0,121.0,120.0,124.08
16,2024-04-10 15:00:00,1403/01/22,112,SO,3,29,21.0,10.7,8.8,132.0,118.6,0.744917438,16,2,4,2024,120.0,122.0,118.0,124.08
17,2024-04-10 16:00:00,1403/01/22,112,SO,3,27,30.0,10.7,8.8,132.0,119.5,0.750036623,17,2,4,2024,121.0,122.0,125.0,124.08
18,2024-04-10 17:00:00,1403/01/22,112,SO,3,25,37.0,10.7,8.8,132.0,120.3,0.776615198,18,2,4,2024,123.0,123.0,123.0,124.08
19,2024-04-10 18:00:00,1403/01/22,112,SO,3,22,49.0,10.9,9.2,132.0,121.1,0.804457505,19,2,4,2024,124.0,124.0,129.0,124.08
20,2024-04-10 19:00:00,1403/01/22,127,LF1,3,21,54.0,10.9,9.2,132.0,122.0,0.826197855,20,2,4,2024,125.0,125.0,130.0,124.08
21,2024-04-10 20:00:00,1403/01/22,128,LF1,3,20,60.0,10.9,9.2,132.0,120.5,0.825182164,21,2,4,2024,126.0,126.0,131.0,124.08
22,2024-04-10 21:00:00,1403/01/22,127,LF1,3,20,62.0,10.9,9.2,132.0,121.3,0.777683269,22,2,4,2024,125.0,126.0,129.0,124.08
23,2024-04-10 22:00:00,1403/01/22,128,LF1,3,20,63.0,10.9,9.2,132.0,121.3,0.69820305,23,2,4,2024,126.0,127.0,130.0,124.08
24,2024-04-10 23:00:00,1403/01/23,129,LF1,3,19,72.0,10.6,9.1,132.0,121.3,0.623329784,24,2,4,2024,127.0,127.0,131.0,124.08
1,2024-04-11 00:00:00,1403/01/23,130,LF1,3,18,71.0,10.9,9.2,132.0,123.6,0.563126677,1,3,4,2024,128.0,130.0,131.0,124.08
2,2024-04-11 01:00:00,1403/01/23,117,LF1,3,17,72.0,10.9,9.2,132.0,123.6,0.516248372,2,3,4,2024,130.0,130.0,131.0,124.08
3,2024-04-11 02:00:00,1403/01/23,117,LF1,3,18,72.0,10.0,9.0,132.0,124.5,0.481190326,3,3,4,2024,131.0,130.0,110.0,124.08
4,2024-04-11 03:00:00,1403/01/23,117,LF1,3,18,75.0,10.0,9.0,132.0,125.3,0.456701241,4,3,4,2024,130.0,130.0,110.0,124.08
5,2024-04-11 04:00:00,1403/01/23,117,LF1,3,17,80.0,10.0,9.0,132.0,125.3,0.446474732,5,3,4,2024,130.0,131.0,110.0,124.08
6,2024-04-11 05:00:00,1403/01/23,117,LF1,3,18,75.0,10.0,9.0,132.0,125.3,0.453118406,6,3,4,2024,131.0,131.0,110.0,124.08
7,2024-04-11 06:00:00,1403/01/23,117,LF1,3,19,64.0,9.4,8.4,132.0,124.5,0.474653849,7,3,4,2024,110.0,131.0,110.0,124.08
8,2024-04-11 07:00:00,1403/01/23,114,LF1,3,21,53.0,9.4,8.4,132.0,122.0,0.512814226,8,3,4,2024,110.0,131.0,110.0,124.08
9,2024-04-11 08:00:00,1403/01/23,114,LF1,3,23,42.0,9.4,8.4,132.0,120.3,0.573318876,9,3,4,2024,114.0,127.0,110.0,124.08
10,2024-04-11 09:00:00,1403/01/23,113,LF1,3,25,35.0,9.4,8.4,132.0,119.5,0.645970182,10,3,4,2024,112.0,124.0,110.0,124.08
11,2024-04-11 10:00:00,1403/01/23,110,LF1,3,27,23.0,10.6,9.0,132.0,118.6,0.704838766,11,3,4,2024,112.0,123.0,110.0,124.08
12,2024-04-11 11:00:00,1403/01/23,123,LF1,3,27,13.0,10.6,9.0,132.0,118.6,0.747337063,12,3,4,2024,112.0,122.0,123.0,124.08
13,2024-04-11 12:00:00,1403/01/23,123,LF1,3,28,19.0,10.6,9.0,132.0,118.6,0.764818725,13,3,4,2024,112.0,122.0,122.0,124.08
14,2024-04-11 13:00:00,1403/01/23,123,LF1,3,28,14.0,10.6,9.0,132.0,118.6,0.75797456,14,3,4,2024,112.0,121.0,123.0,124.08
15,2024-04-11 14:00:00,1403/01/23,123,LF1,3,28,15.0,10.5,9.0,132.0,118.6,0.740900626,15,3,4,2024,112.0,121.0,121.0,124.08
16,2024-04-11 15:00:00,1403/01/23,123,LF1,3,27,18.0,10.5,9.0,132.0,118.6,0.731129548,16,3,4,2024,112.0,120.0,122.0,124.08
17,2024-04-11 16:00:00,1403/01/23,124,LF1,3,25,24.0,10.5,9.0,132.0,119.5,0.73816188,17,3,4,2024,112.0,121.0,122.0,124.08
18,2024-04-11 17:00:00,1403/01/23,125,LF1,3,23,30.0,10.5,9.0,132.0,120.3,0.767245492,18,3,4,2024,112.0,123.0,123.0,124.08
19,2024-04-11 18:00:00,1403/01/23,126,LF1,3,22,35.0,10.7,9.1,132.0,121.1,0.798260134,19,3,4,2024,112.0,124.0,124.0,124.08
20,2024-04-11 19:00:00,1403/01/23,127,LF1,3,19,40.0,10.7,9.1,132.0,122.0,0.822153413,20,3,4,2024,127.0,125.0,125.0,124.08
21,2024-04-11 20:00:00,1403/01/23,127,LF1,3,18,42.0,10.7,9.1,132.0,120.5,0.821843673,21,3,4,2024,128.0,126.0,126.0,124.08
22,2024-04-11 21:00:00,1403/01/23,128,LF1,3,17,46.0,10.7,9.1,132.0,121.3,0.775442626,22,3,4,2024,127.0,125.0,126.0,124.08
23,2024-04-11 22:00:00,1403/01/23,130,LF1,3,15,57.0,11.0,9.3,132.0,121.3,0.695381919,23,3,4,2024,128.0,126.0,127.0,124.08
24,2024-04-11 23:00:00,1403/01/24,130,LF1,3,15,51.0,10.9,9.2,132.0,121.3,0.589452614,24,3,4,2024,129.0,127.0,127.0,124.08
1,2024-04-12 00:00:00,1403/01/24,130,LF1,3,15,45.0,11.0,9.3,132.0,123.6,0.531818833,1,4,4,2024,130.0,128.0,130.0,124.08
2,2024-04-12 01:00:00,1403/01/24,133,LF1,3,14,52.0,11.0,9.3,132.0,123.6,0.487567138,2,4,4,2024,117.0,130.0,130.0,124.08
3,2024-04-12 02:00:00,1403/01/24,134,LF1,3,12,60.0,11.0,9.4,132.0,124.5,0.454167154,3,4,4,2024,117.0,131.0,130.0,124.08
4,2024-04-12 03:00:00,1403/01/24,134,LF1,3,10,67.0,11.0,9.4,132.0,125.3,0.431637115,4,4,4,2024,117.0,130.0,130.0,124.08
5,2024-04-12 04:00:00,1403/01/24,134,LF1,3,10,69.0,11.0,9.4,132.0,125.3,0.423526008,5,4,4,2024,117.0,130.0,131.0,124.08
6,2024-04-12 05:00:00,1403/01/24,134,LF1,3,10,70.0,11.0,9.4,132.0,125.3,0.431487892,6,4,4,2024,117.0,131.0,131.0,124.08
7,2024-04-12 06:00:00,1403/01/24,132,LF1,3,12,61.0,10.9,9.3,132.0,124.5,0.453890003,7,4,4,2024,117.0,110.0,131.0,124.08
8,2024-04-12 07:00:00,1403/01/24,131,LF1,3,17,35.0,10.9,9.3,132.0,122.0,0.492923861,8,4,4,2024,114.0,110.0,131.0,124.08
9,2024-04-12 08:00:00,1403/01/24,128,LF1,3,20,23.0,10.9,9.3,132.0,120.3,0.553914909,9,4,4,2024,114.0,114.0,127.0,124.08
10,2024-04-12 09:00:00,1403/01/24,126,LF1,3,24,13.0,10.9,9.3,132.0,119.5,0.626875015,10,4,4,2024,113.0,112.0,124.0,124.08
11,2024-04-12 10:00:00,1403/01/24,126,LF1,3,25,13.0,10.1,9.0,132.0,118.6,0.685893714,11,4,4,2024,110.0,112.0,123.0,124.08
12,2024-04-12 11:00:00,1403/01/24,125,LF1,3,26,10.0,10.1,9.0,132.0,118.6,0.728243596,12,4,4,2024,123.0,112.0,122.0,124.08
13,2024-04-12 12:00:00,1403/01/24,125,LF1,3,26,9.0,10.1,9.0,132.0,118.6,0.74531823,13,4,4,2024,123.0,112.0,122.0,124.08
14,2024-04-12 13:00:00,1403/01/24,126,LF1,3,26,10.0,10.1,9.0,132.0,118.6,0.738938353,14,4,4,2024,123.0,112.0,121.0,124.08
15,2024-04-12 14:00:00,1403/01/24,124,LF1,3,26,12.0,10.1,9.1,132.0,118.6,0.721645876,15,4,4,2024,123.0,112.0,121.0,124.61907753286536
16,2024-04-12 15:00:00,1403/01/24,124,LF1,3,26,15.0,10.1,9.1,132.0,118.6,0.710542123,16,4,4,2024,123.0,112.0,120.0,124.61795765011837
17,2024-04-12 16:00:00,1403/01/24,126,LF1,3,24,19.0,10.1,9.1,132.0,119.5,0.716400852,17,4,4,2024,124.0,112.0,121.0,124.68842352941247
18,2024-04-12 17:00:00,1403/01/24,127,LF1,3,22,26.0,10.1,9.1,132.0,120.3,0.745675398,18,4,4,2024,125.0,112.0,123.0,125.56897517829678
19,2024-04-12 18:00:00,1403/01/24,128,LF1,3,20,31.0,10.8,9.2,132.0,121.1,0.776695299,19,4,4,2024,126.0,112.0,124.0,126.68242531820012
20,2024-04-12 19:00:00,1403/01/24,130,LF1,3,18,36.0,10.8,9.2,132.0,122.0,0.799540249,20,4,4,2024,127.0,127.0,125.0,127.74883303777123
21,2024-04-12 20:00:00,1403/01/24,131,LF1,3,17,38.0,10.8,9.2,132.0,120.5,0.798798889,21,4,4,2024,127.0,128.0,126.0,127.74883303777123
22,2024-04-12 21:00:00,1403/01/24,130,LF1,3,15,43.0,10.8,9.2,132.0,121.3,0.750683725,22,4,4,2024,128.0,127.0,125.0,128.16487458166807
23,2024-04-12 22:00:00,1403/01/24,131,LF1,3,14,44.0,10.7,9.3,132.0,121.3,0.668041548,23,4,4,2024,130.0,128.0,126.0,129.04187872049172
24,2024-04-12 23:00:00,1403/01/25,131,LF1,3,14,42.0,11.0,9.3,132.0,121.3,0.620653756,24,4,4,2024,130.0,129.0,127.0,128.84464718218766
1,2024-04-13 00:00:00,1403/01/25,120,SO,3,12,54.0,10.1,8.8,132.0,123.6,0.557884048,1,5,4,2024,130.0,130.0,128.0,127.4575702719477
2,2024-04-13 01:00:00,1403/01/25,120,SO,3,13,52.0,10.1,8.8,132.0,123.6,0.510566305,2,5,4,2024,133.0,117.0,130.0,125.59081768752804
3,2024-04-13 02:00:00,1403/01/25,120,SO,3,11,58.0,10.1,8.8,132.0,124.5,0.475584217,3,5,4,2024,134.0,117.0,131.0,125.68064398697621
4,2024-04-13 03:00:00,1403/01/25,120,SO,3,10,60.0,10.1,8.8,132.0,125.3,0.452946866,4,5,4,2024,134.0,117.0,130.0,125.68261105631896
5,2024-04-13 04:00:00,1403/01/25,122,SO,3,10,61.0,10.1,8.8,132.0,125.3,0.445731056,5,5,4,2024,134.0,117.0,130.0,125.33315732662915
6,2024-04-13 05:00:00,1403/01/25,122,SO,3,9,60.0,10.1,8.8,132.0,125.3,0.456140658,6,5,4,2024,134.0,117.0,131.0,125.33029781564078
7,2024-04-13 06:00:00,1403/01/25,122,SO,3,14,58.0,10.3,8.9,132.0,124.5,0.48192733,7,5,4,2024,132.0,117.0,110.0,124.08
8,2024-04-13 07:00:00,1403/01/25,122,SO,3,18,39.0,10.3,8.9,132.0,122.0,0.525689655,8,5,4,2024,131.0,114.0,110.0,124.08
9,2024-04-13 08:00:00,1403/01/25,122,SO,3,21,29.0,10.3,8.9,132.0,120.3,0.592923354,9,5,4,2024,128.0,114.0,114.0,124.08
10,2024-04-13 09:00:00,1403/01/25,120,SO,3,22,23.0,10.3,8.9,132.0,119.5,0.671860494,10,5,4,2024,126.0,113.0,112.0,124.08
11,2024-04-13 10:00:00,1403/01/25,120,SO,3,24,18.0,10.8,9.1,132.0,118.6,0.733196789,11,5,4,2024,126.0,110.0,112.0,124.08
12,2024-04-13 11:00:00,1403/01/25,118,SO,3,25,16.0,10.8,9.1,132.0,118.6,0.77617719,12,5,4,2024,125.0,123.0,112.0,124.08
13,2024-04-13 12:00:00,1403/01/25,116,SO,3,26,15.0,10.8,9.1,132.0,118.6,0.791867709,13,5,4,2024,125.0,123.0,112.0,124.08
14,2024-04-13 13:00:00,1403/01/25,115,SO,3,26,16.0,10.8,9.1,132.0,118.6,0.783444583,14,5,4,2024,126.0,123.0,112.0,124.08
15,2024-04-13 14:00:00,1403/01/25,114,SO,3,26,18.0,10.4,8.9,132.0,118.6,0.764231962,15,5,4,2024,124.0,123.0,112.0,124.08
16,2024-04-13 15:00:00,1403/01/25,114,SO,3,26,19.0,10.4,8.9,132.0,118.6,0.753229043,16,5,4,2024,124.0,123.0,112.0,124.08
17,2024-04-13 16:00:00,1403/01/25,114,SO,3,24,25.0,10.4,8.9,132.0,119.5,0.759693896,17,5,4,2024,126.0,124.0,112.0,124.08
18,2024-04-13 17:00:00,1403/01/25,114,SO,3,22,31.0,10.4,8.9,132.0,120.3,0.79250732,18,5,4,2024,127.0,125.0,112.0,124.08
19,2024-04-13 18:00:00,1403/01/25,116,SO,3,19,40.0,10.5,9.1,132.0,121.1,0.827028459,19,5,4,2024,128.0,126.0,112.0,124.08
20,2024-04-13 19:00:00,1403/01/25,124,LF1,3,19,41.0,10.5,9.1,132.0,122.0,0.852327769,20,5,4,2024,130.0,127.0,127.0,124.08
21,2024-04-13 20:00:00,1403/01/25,124,LF1,3,19,44.0,10.5,9.1,132.0,120.5,0.850707278,21,5,4,2024,131.0,127.0,128.0,124.08
22,2024-04-13 21:00:00,1403/01/25,126,LF1,3,18,46.0,10.5,9.1,132.0,121.3,0.797072448,22,5,4,2024,130.0,128.0,127.0,124.08
23,2024-04-13 22:00:00,1403/01/25,126,LF1,3,14,48.0,10.5,9.1,132.0,121.3,0.705398441,23,5,4,2024,131.0,130.0,128.0,124.08
24,2024-04-13 23:00:00,1403/01/26,126,LF1,3,13,46.0,10.1,8.8,132.0,121.3,0.620856206,24,5,4,2024,131.0,130.0,129.0,124.08
1,2024-04-14 00:00:00,1403/01/26,126,LF1,3,12,45.0,10.5,9.1,132.0,127.0,0.556225911,1,6,4,2024,120.0,130.0,130.0,124.08
2,2024-04-14 01:00:00,1403/01/26,127,LF1,3,12,48.0,10.5,9.1,132.0,127.8,0.5083633,2,6,4,2024,120.0,133.0,117.0,124.08
3,2024-04-14 02:00:00,1403/01/26,128,LF1,3,10,52.0,11.2,9.3,132.0,127.8,0.474050131,3,6,4,2024,120.0,134.0,117.0,124.08
4,2024-04-14 03:00:00,1403/01/26,129,LF1,3,10,53.0,11.2,9.3,132.0,127.8,0.452847711,4,6,4,2024,120.0,134.0,117.0,124.08
5,2024-04-14 04:00:00,1403/01/26,129,LF1,3,9,53.0,11.2,9.3,132.0,127.8,0.448534456,5,6,4,2024,122.0,134.0,117.0,124.08
6,2024-04-14 05:00:00,1403/01/26,129,LF1,3,8,63.0,11.2,9.3,132.0,127.8,0.462522692,6,6,4,2024,122.0,134.0,117.0,124.08
7,2024-04-14 06:00:00,1403/01/26,126,LF1,3,12,56.0,10.8,9.0,132.0,126.2,0.492218879,7,6,4,2024,122.0,132.0,117.0,124.08
8,2024-04-14 07:00:00,1403/01/26,126,LF1,3,17,39.0,10.8,9.0,132.0,123.6,0.540944748,8,6,4,2024,122.0,131.0,114.0,124.08
9,2024-04-14 08:00:00,1403/01/26,120,LF1,3,20,20.0,10.8,9.0,132.0,122.8,0.614724515,9,6,4,2024,122.0,128.0,114.0,124.08
10,2024-04-14 09:00:00,1403/01/26,120,LF1,3,23,24.0,10.8,9.0,132.0,122.0,0.699533416,10,6,4,2024,120.0,126.0,113.0,124.08
11,2024-04-14 10:00:00,1403/01/26,120,LF1,3,25,18.0,10.8,9.0,132.0,122.0,0.764556233,11,6,4,2024,120.0,126.0,110.0,124.08
12,2024-04-14 11:00:00,1403/01/26,120,SO,3,26,21.0,10.8,9.0,132.0,122.8,0.809861897,12,6,4,2024,118.0,125.0,123.0,124.08
13,2024-04-14 12:00:00,1403/01/26,122,SO,3,25,22.0,10.8,9.0,132.0,122.8,0.826427715,13,6,4,2024,116.0,125.0,123.0,124.08
14,2024-04-14 13:00:00,1403/01/26,122,SO,3,23,23.0,10.8,9.0,132.0,122.8,0.817241673,14,6,4,2024,115.0,126.0,123.0,124.08
15,2024-04-14 14:00:00,1403/01/26,122,SO,3,22,25.0,10.5,9.0,132.0,122.8,0.795715259,15,6,4,2024,114.0,124.0,123.0,124.08
16,2024-04-14 15:00:00,1403/01/26,116,SO,3,20,38.0,10.5,9.0,132.0,123.6,0.781110633,16,6,4,2024,114.0,124.0,123.0,124.08
17,2024-04-14 16:00:00,1403/01/26,116,SO,3,17,64.0,10.5,9.0,132.0,123.6,0.78440945,17,6,4,2024,114.0,126.0,124.0,124.08
18,2024-04-14 17:00:00,1403/01/26,117,SO,3,16,64.0,10.5,9.0,132.0,123.6,0.815390542,18,6,4,2024,114.0,127.0,125.0,124.08
19,2024-04-14 18:00:00,1403/01/26,117,SO,3,16,64.0,11.0,9.2,132.0,124.5,0.848160496,19,6,4,2024,116.0,128.0,126.0,124.08
20,2024-04-14 19:00:00,1403/01/26,117,SO,3,15,67.0,11.0,9.2,132.0,124.5,0.870408901,20,6,4,2024,124.0,130.0,127.0,124.08
21,2024-04-14 20:00:00,1403/01/26,118,SO,3,15,70.0,11.0,9.2,132.0,123.8,0.865739124,21,6,4,2024,124.0,131.0,127.0,124.08
22,2024-04-14 21:00:00,1403/01/26,118,SO,3,15,67.0,11.0,9.2,132.0,123.8,0.808332405,22,6,4,2024,126.0,130.0,128.0,124.08
23,2024-04-14 22:00:00,1403/01/26,118,SO,3,14,73.0,10.9,9.1,132.0,124.7,0.712917865,23,6,4,2024,126.0,131.0,130.0,124.17731362853387
24,2024-04-14 23:00:00,1403/01/27,118,SO,3,14,68.0,10.5,9.1,132.0,124.7,0.625841752,24,6,4,2024,126.0,131.0,130.0,124.08
1,2024-04-15 00:00:00,1403/01/27,118,SO,3,16,66.0,10.9,9.1,132.0,127.0,0.559507473,1,0,4,2024,126.0,120.0,130.0,124.08
2,2024-04-15 01:00:00,1403/01/27,118,SO,3,17,67.0,10.9,9.1,132.0,127.8,0.511116305,2,0,4,2024,127.0,120.0,133.0,124.08
3,2024-04-15 02:00:00,1403/01/27,118,SO,3,15,80.0,10.7,8.9,132.0,127.8,0.476809341,3,0,4,2024,128.0,120.0,134.0,124.08
4,2024-04-15 03:00:00,1403/01/27,118,SO,3,16,66.0,10.7,8.9,132.0,127.8,0.454575578,4,0,4,2024,129.0,120.0,134.0,124.08
5,2024-04-15 04:00:00,1403/01/27,118,SO,3,16,59.0,10.7,8.9,132.0,127.8,0.448920853,5,0,4,2024,129.0,122.0,134.0,124.08
6,2024-04-15 05:00:00,1403/01/27,118,SO,3,16,56.0,10.7,8.9,132.0,127.8,0.461824577,6,0,4,2024,129.0,122.0,134.0,124.08
7,2024-04-15 06:00:00,1403/01/27,118,SO,3,17,53.0,11.0,9.2,132.0,126.2,0.490084871,7,0,4,2024,126.0,122.0,132.0,124.08
8,2024-04-15 07:00:00,1403/01/27,118,SO,3,17,52.0,11.0,9.2,132.0,123.6,0.536754,8,0,4,2024,126.0,122.0,131.0,124.08
9,2024-04-15 08:00:00,1403/01/27,118,SO,3,19,28.0,11.0,9.2,132.0,122.8,0.608225598,9,0,4,2024,120.0,122.0,128.0,124.08
10,2024-04-15 09:00:00,1403/01/27,114,SO,3,22,25.0,11.0,9.2,132.0,122.0,0.690634783,10,0,4,2024,120.0,120.0,126.0,124.08
11,2024-04-15 10:00:00,1403/01/27,114,SO,3,23,30.0,11.0,9.2,132.0,122.0,0.754477533,11,0,4,2024,120.0,120.0,126.0,124.08
12,2024-04-15 11:00:00,1403/01/27,114,SO,3,24,32.0,11.0,9.2,132.0,122.8,0.799131324,12,0,4,2024,120.0,118.0,125.0,124.08
13,2024-04-15 12:00:00,1403/01/27,114,SO,3,24,29.0,11.0,9.2,132.0,122.8,0.816632749,13,0,4,2024,122.0,116.0,125.0,124.08
14,2024-04-15 13:00:00,1403/01/27,123,SO,3,22,35.0,11.0,9.2,132.0,122.8,0.809726712,14,0,4,2024,122.0,115.0,126.0,124.08
15,2024-04-15 14:00:00,1403/01/27,123,SO,3,20,46.0,11.0,9.2,132.0,122.8,0.790191821,15,0,4,2024,122.0,114.0,124.0,124.08
16,2024-04-15 15:00:00,1403/01/27,123,SO,3,20,51.0,11.0,9.2,132.0,123.6,0.774790838,16,0,4,2024,116.0,114.0,124.0,124.08
17,2024-04-15 16:00:00,1403/01/27,124,SO,3,18,58.0,11.0,9.2,132.0,123.6,0.777106855,17,0,4,2024,116.0,114.0,126.0,124.08
18,2024-04-15 17:00:00,1403/01/27,126,SO,3,17,68.0,11.0,9.2,132.0,123.6,0.807318133,18,0,4,2024,117.0,114.0,127.0,124.08
19,2024-04-15 18:00:00,1403/01/27,127,SO,3,17,68.0,10.0,9.2,132.0,124.5,0.839688364,19,0,4,2024,117.0,116.0,128.0,124.08
20,2024-04-15 19:00:00,1403/01/27,126,LF1,3,16,69.0,10.0,9.2,132.0,124.5,0.862921865,20,0,4,2024,117.0,124.0,130.0,124.08
21,2024-04-15 20:00:00,1403/01/27,126,LF1,3,16,65.0,10.0,9.2,132.0,123.8,0.862384545,21,0,4,2024,118.0,124.0,131.0,124.08
22,2024-04-15 21:00:00,1403/01/27,126,LF1,3,16,66.0,10.0,9.2,132.0,123.8,0.809164049,22,0,4,2024,118.0,126.0,130.0,124.08
23,2024-04-15 22:00:00,1403/01/27,126,LF1,3,16,69.0,10.5,8.9,132.0,124.7,0.716469721,23,0,4,2024,118.0,126.0,131.0,124.08
24,2024-04-15 23:00:00,1403/01/28,117,LF1,3,16,66.0,10.9,9.1,132.0,124.7,0.630302797,24,0,4,2024,118.0,126.0,131.0,124.08
1,2024-04-16 00:00:00,1403/01/28,115,LF1,3,15,79.0,10.5,8.9,132.0,127.0,0.564005972,1,1,4,2024,118.0,126.0,120.0,124.08
2,2024-04-16 01:00:00,1403/01/28,120,LF1,3,15,78.0,10.5,8.9,132.0,127.8,0.515488668,2,1,4,2024,118.0,127.0,120.0,124.08
3,2024-04-16 02:00:00,1403/01/28,120,LF1,3,14,77.0,10.5,8.9,132.0,127.8,0.481238776,3,1,4,2024,118.0,128.0,120.0,124.08
4,2024-04-16 03:00:00,1403/01/28,120,LF1,3,14,77.0,10.5,8.9,132.0,127.8,0.458904227,4,1,4,2024,118.0,129.0,120.0,124.08
5,2024-04-16 04:00:00,1403/01/28,120,LF1,3,13,78.0,10.5,8.9,132.0,127.8,0.453952364,5,1,4,2024,118.0,129.0,122.0,124.08
6,2024-04-16 05:00:00,1403/01/28,120,LF1,3,13,78.0,10.5,8.9,132.0,127.8,0.468244408,6,1,4,2024,118.0,129.0,122.0,124.08
7,2024-04-16 06:00:00,1403/01/28,120,LF1,3,14,78.0,10.7,8.9,132.0,126.2,0.498388012,7,1,4,2024,118.0,126.0,122.0,124.08
8,2024-04-16 07:00:00,1403/01/28,113,LF1,3,18,54.0,10.7,8.9,132.0,123.6,0.547509251,8,1,4,2024,118.0,126.0,122.0,124.08
9,2024-04-16 08:00:00,1403/01/28,113,LF1,3,21,36.0,10.7,8.9,132.0,122.8,0.623097289,9,1,4,2024,118.0,120.0,122.0,124.08
10,2024-04-16 09:00:00,1403/01/28,110,LF1,3,22,25.0,10.7,8.9,132.0,122.0,0.709397264,10,1,4,2024,114.0,120.0,120.0,124.08
11,2024-04-16 10:00:00,1403/01/28,110,LF1,3,24,20.0,10.4,9.0,132.0,122.0,0.776144566,11,1,4,2024,114.0,120.0,120.0,124.08
12,2024-04-16 11:00:00,1403/01/28,110,LF1,3,24,21.0,10.4,9.0,132.0,122.8,0.822724438,12,1,4,2024,114.0,120.0,118.0,124.08
13,2024-04-16 12:00:00,1403/01/28,110,LF1,3,24,33.0,10.4,9.0,132.0,122.8,0.842357515,13,1,4,2024,114.0,122.0,116.0,124.08
14,2024-04-16 13:00:00,1403/01/28,110,SO,3,24,31.0,10.4,9.0,132.0,122.8,0.834323607,14,1,4,2024,123.0,122.0,115.0,124.08
15,2024-04-16 14:00:00,1403/01/28,110,SO,3,24,29.0,10.7,9.0,132.0,122.8,0.812311013,15,1,4,2024,123.0,122.0,114.0,124.08
16,2024-04-16 15:00:00,1403/01/28,115,SO,3,18,51.0,10.7,9.0,132.0,123.6,0.792834157,16,1,4,2024,123.0,116.0,114.0,124.08
17,2024-04-16 16:00:00,1403/01/28,115,SO,3,19,59.0,10.7,9.0,132.0,123.6,0.791322528,17,1,4,2024,124.0,116.0,114.0,124.08
18,2024-04-16 17:00:00,1403/01/28,115,SO,3,18,61.0,10.7,9.0,132.0,123.6,0.818288774,18,1,4,2024,126.0,117.0,114.0,124.08
19,2024-04-16 18:00:00,1403/01/28,118,SO,3,18,65.0,11.0,9.2,132.0,124.5,0.848702289,19,1,4,2024,127.0,117.0,116.0,124.08
20,2024-04-16 19:00:00,1403/01/28,118,SO,3,15,86.0,11.0,9.2,132.0,124.5,0.872050047,20,1,4,2024,126.0,117.0,124.0,124.08
21,2024-04-16 20:00:00,1403/01/28,118,SO,3,14,73.0,11.0,9.2,132.0,123.8,0.873968322,21,1,4,2024,126.0,118.0,124.0,124.08
22,2024-04-16 21:00:00,1403/01/28,118,SO,3,14,78.0,11.0,9.2,132.0,123.8,0.823049973,22,1,4,2024,126.0,118.0,126.0,124.08
23,2024-04-16 22:00:00,1403/01/28,118,SO,3,14,74.0,11.0,9.1,132.0,124.7,0.731001579,23,1,4,2024,126.0,118.0,126.0,124.08
24,2024-04-16 23:00:00,1403/01/29,118,SO,3,13,79.0,10.5,8.9,132.0,124.7,0.645350368,24,1,4,2024,117.0,118.0,126.0,124.08
1,2024-04-17 00:00:00,1403/01/29,118,SO,3,13,79.0,11.0,9.1,132.0,127.0,0.578191773,1,2,4,2024,115.0,118.0,126.0,124.08
2,2024-04-17 01:00:00,1403/01/29,118,SO,3,12,77.0,11.0,9.1,132.0,127.8,0.528726826,2,2,4,2024,120.0,118.0,127.0,124.08
3,2024-04-17 02:00:00,1403/01/29,118,SO,3,11,82.0,11.1,9.2,132.0,127.8,0.493841447,3,2,4,2024,120.0,118.0,128.0,124.08
4,2024-04-17 03:00:00,1403/01/29,118,SO,3,11,82.0,11.1,9.2,132.0,127.8,0.470360231,4,2,4,2024,120.0,118.0,129.0,124.08
5,2024-04-17 04:00:00,1403/01/29,118,SO,3,10,86.0,11.1,9.2,132.0,127.8,0.464413476,5,2,4,2024,120.0,118.0,129.0,124.08
6,2024-04-17 05:00:00,1403/01/29,118,SO,3,10,87.0,11.1,9.2,132.0,127.8,0.478862636,6,2,4,2024,120.0,118.0,129.0,124.08
7,2024-04-17 06:00:00,1403/01/29,118,SO,3,13,80.0,10.9,9.2,132.0,126.2,0.510555755,7,2,4,2024,120.0,118.0,126.0,124.08
8,2024-04-17 07:00:00,1403/01/29,118,SO,3,16,52.0,10.9,9.2,132.0,123.6,0.56217711,8,2,4,2024,113.0,118.0,126.0,124.08
9,2024-04-17 08:00:00,1403/01/29,118,SO,3,19,43.0,10.9,9.2,132.0,122.8,0.643132806,9,2,4,2024,113.0,118.0,120.0,124.08
10,2024-04-17 09:00:00,1403/01/29,100,SO,3,21,32.0,10.9,9.2,132.0,122.0,0.73725076,10,2,4,2024,110.0,114.0,120.0,124.08
11,2024-04-17 10:00:00,1403/01/29,118,SO,3,24,21.0,10.3,9.0,132.0,122.0,0.810610706,11,2,4,2024,110.0,114.0,120.0,124.08
12,2024-04-17 11:00:00,1403/01/29,118,SO,3,25,19.0,10.3,9.0,132.0,122.8,0.860953665,12,2,4,2024,110.0,114.0,120.0,124.08
13,2024-04-17 12:00:00,1403/01/29,116,SO,3,26,17.0,10.3,9.0,132.0,122.8,0.882525682,13,2,4,2024,110.0,114.0,122.0,124.08
14,2024-04-17 13:00:00,1403/01/29,116,SO,3,27,12.0,10.3,9.0,132.0,122.8,0.873080721,14,2,4,2024,110.0,123.0,122.0,124.08
15,2024-04-17 14:00:00,1403/01/29,116,SO,3,27,17.0,10.5,8.8,132.0,122.8,0.846036173,15,2,4,2024,110.0,123.0,122.0,124.08
16,2024-04-17 15:00:00,1403/01/29,116,SO,3,27,21.0,10.5,8.8,132.0,123.6,0.822288051,16,2,4,2024,115.0,123.0,116.0,124.08
17,2024-04-17 16:00:00,1403/01/29,116,SO,3,26,30.0,10.5,8.8,132.0,123.6,0.816571398,17,2,4,2024,115.0,124.0,116.0,124.08
18,2024-04-17 17:00:00,1403/01/29,116,SO,3,23,38.0,10.5,8.8,132.0,123.6,0.839898177,18,2,4,2024,115.0,126.0,117.0,124.08
19,2024-04-17 18:00:00,1403/01/29,116,SO,3,20,38.0,10.7,9.0,132.0,124.5,0.86568259,19,2,4,2024,118.0,127.0,117.0,124.08
20,2024-04-17 19:00:00,1403/01/29,116,SO,3,20,38.0,10.7,9.0,132.0,124.5,0.884862221,20,2,4,2024,118.0,126.0,117.0,124.08
21,2024-04-17 20:00:00,1403/01/29,120,SO,3,18,49.0,10.7,9.0,132.0,123.8,0.883529524,21,2,4,2024,118.0,126.0,118.0,124.08
22,2024-04-17 21:00:00,1403/01/29,120,SO,3,17,48.0,10.7,9.0,132.0,123.8,0.832299442,22,2,4,2024,118.0,126.0,118.0,124.08
23,2024-04-17 22:00:00,1403/01/29,120,SO,3,17,51.0,10.7,9.0,132.0,124.7,0.741682184,23,2,4,2024,118.0,126.0,118.0,124.08
24,2024-04-17 23:00:00,1403/01/30,120,SO,3,15,54.0,11.0,9.1,132.0,124.7,0.657174669,24,2,4,2024,118.0,117.0,118.0,124.08
1,2024-04-18 00:00:00,1403/01/30,122,SO,3,15,54.0,10.7,9.0,132.0,127.0,0.59046929,1,3,4,2024,118.0,115.0,118.0,124.08
2,2024-04-18 01:00:00,1403/01/30,122,SO,3,14,59.0,10.7,9.0,132.0,127.0,0.540308196,2,3,4,2024,118.0,120.0,118.0,124.08
3,2024-04-18 02:00:00,1403/01/30,122,SO,3,13,60.0,11.0,9.2,132.0,127.0,0.504226774,3,3,4,2024,118.0,120.0,118.0,124.08
4,2024-04-18 03:00:00,1403/01/30,125,SO,3,12,65.0,11.0,9.2,132.0,127.8,0.478450081,4,3,4,2024,118.0,120.0,118.0,124.08
5,2024-04-18 04:00:00,1403/01/30,125,SO,3,12,68.0,11.0,9.2,132.0,127.8,0.469737118,5,3,4,2024,118.0,120.0,118.0,124.08
6,2024-04-18 05:00:00,1403/01/30,125,SO,3,12,71.0,11.0,9.2,132.0,127.8,0.480629415,6,3,4,2024,118.0,120.0,118.0,124.08
7,2024-04-18 06:00:00,1403/01/30,125,SO,3,15,62.0,10.8,9.1,132.0,126.2,0.50836387,7,3,4,2024,118.0,120.0,118.0,124.08
8,2024-04-18 07:00:00,1403/01/30,124,SO,3,18,47.0,10.8,9.1,132.0,123.6,0.55523736,8,3,4,2024,118.0,113.0,118.0,124.08
9,2024-04-18 08:00:00,1403/01/30,123,SO,3,22,31.0,10.8,9.1,132.0,122.8,0.630217301,9,3,4,2024,118.0,113.0,118.0,124.08
10,2024-04-18 09:00:00,1403/01/30,123,SO,3,24,27.0,10.8,9.1,132.0,122.0,0.718520393,10,3,4,2024,100.0,110.0,114.0,124.08
11,2024-04-18 10:00:00,1403/01/30,124,SO,3,25,23.0,10.8,9.1,132.0,121.1,0.789301138,11,3,4,2024,118.0,110.0,114.0,124.08
12,2024-04-18 11:00:00,1403/01/30,117,SO,3,27,21.0,10.8,9.1,132.0,120.3,0.838591062,12,3,4,2024,118.0,110.0,114.0,124.08
13,2024-04-18 12:00:00,1403/01/30,118,SO,3,27,27.0,10.8,9.1,132.0,120.3,0.860957095,13,3,4,2024,116.0,110.0,114.0,124.08
14,2024-04-18 13:00:00,1403/01/30,118,SO,3,28,25.0,10.8,9.1,132.0,120.3,0.851693731,14,3,4,2024,116.0,110.0,123.0,124.08
15,2024-04-18 14:00:00,1403/01/30,118,SO,3,28,25.0,10.5,8.9,132.0,121.1,0.824218742,15,3,4,2024,116.0,110.0,123.0,124.08
16,2024-04-18 15:00:00,1403/01/30,118,SO,3,28,28.0,10.5,8.9,132.0,121.1,0.799565993,16,3,4,2024,116.0,115.0,123.0,124.08
17,2024-04-18 16:00:00,1403/01/30,117,SO,3,26,28.0,10.5,8.9,132.0,122.0,0.793794711,17,3,4,2024,116.0,115.0,124.0,124.08
18,2024-04-18 17:00:00,1403/01/30,114,SO,3,24,34.0,10.5,8.9,132.0,122.0,0.815450546,18,3,4,2024,116.0,115.0,126.0,124.08
19,2024-04-18 18:00:00,1403/01/30,114,SO,3,23,36.0,10.6,9.0,132.0,122.8,0.841497216,19,3,4,2024,116.0,118.0,127.0,124.08
20,2024-04-18 19:00:00,1403/01/30,116,SO,3,20,35.0,10.6,9.0,132.0,122.8,0.862794285,20,3,4,2024,116.0,118.0,126.0,124.08
21,2024-04-18 20:00:00,1403/01/30,117,SO,3,19,41.0,10.6,9.0,132.0,121.3,0.867119635,21,3,4,2024,120.0,118.0,126.0,124.08
22,2024-04-18 21:00:00,1403/01/30,117,SO,3,17,44.0,10.6,9.0,132.0,122.1,0.823262395,22,3,4,2024,120.0,118.0,126.0,124.08
23,2024-04-18 22:00:00,1403/01/30,117,SO,3,16,51.0,10.5,9.0,132.0,123.0,0.73890211,23,3,4,2024,120.0,118.0,126.0,124.08
24,2024-04-18 23:00:00,1403/01/31,117,SO,3,16,49.0,10.7,9.0,132.0,123.8,0.627400619,24,3,4,2024,120.0,118.0,117.0,124.08
1,2024-04-19 00:00:00,1403/01/31,133,LF1,3,12,50.0,10.7,9.3,132.0,123.6,0.56655286,1,4,4,2024,122.0,118.0,115.0,124.08
2,2024-04-19 01:00:00,1403/01/31,133,LF1,3,11,53.0,10.7,9.3,132.0,123.6,0.519532475,2,4,4,2024,122.0,118.0,120.0,124.08
3,2024-04-19 02:00:00,1403/01/31,115,LF1,3,11,58.0,10.7,8.8,132.0,124.5,0.484933398,3,4,4,2024,122.0,118.0,120.0,124.08
4,2024-04-19 03:00:00,1403/01/31,120,LF1,3,11,55.0,10.7,8.8,132.0,125.3,0.459515736,4,4,4,2024,125.0,118.0,120.0,124.08
5,2024-04-19 04:00:00,1403/01/31,120,LF1,3,10,57.0,10.7,8.8,132.0,125.3,0.449573182,5,4,4,2024,125.0,118.0,120.0,124.08
6,2024-04-19 05:00:00,1403/01/31,116,LF1,3,10,63.0,10.7,8.8,132.0,125.3,0.457765337,6,4,4,2024,125.0,118.0,120.0,124.08
7,2024-04-19 06:00:00,1403/01/31,115,LF1,3,15,51.0,9.8,8.5,132.0,124.5,0.481902207,7,4,4,2024,125.0,118.0,120.0,124.08
8,2024-04-19 07:00:00,1403/01/31,115,LF1,3,17,35.0,9.8,8.5,132.0,122.0,0.524017674,8,4,4,2024,124.0,118.0,113.0,124.08
9,2024-04-19 08:00:00,1403/01/31,115,LF1,3,19,25.0,9.8,8.5,132.0,120.3,0.592505724,9,4,4,2024,123.0,118.0,113.0,124.08
10,2024-04-19 09:00:00,1403/01/31,115,LF1,3,21,20.0,9.8,8.5,132.0,119.5,0.673897958,10,4,4,2024,123.0,100.0,110.0,124.08
11,2024-04-19 10:00:00,1403/01/31,128,LF1,3,22,17.0,11.0,9.0,132.0,118.6,0.740419829,11,4,4,2024,124.0,118.0,110.0,124.08
12,2024-04-19 11:00:00,1403/01/31,127,LF1,3,24,17.0,11.0,9.0,132.0,118.6,0.787516903,12,4,4,2024,117.0,118.0,110.0,124.08
13,2024-04-19 12:00:00,1403/01/31,126,LF1,3,23,16.0,11.0,9.0,132.0,118.6,0.809739632,13,4,4,2024,118.0,116.0,110.0,124.08
14,2024-04-19 13:00:00,1403/01/31,126,LF1,3,24,17.0,11.0,9.0,132.0,118.6,0.801597849,14,4,4,2024,118.0,116.0,110.0,124.08
15,2024-04-19 14:00:00,1403/01/31,125,LF1,3,26,17.0,10.5,9.0,132.0,118.6,0.777588092,15,4,4,2024,118.0,116.0,110.0,124.08
16,2024-04-19 15:00:00,1403/01/31,120,LF1,3,25,20.0,10.5,9.0,132.0,118.6,0.754819623,16,4,4,2024,118.0,116.0,115.0,124.08
17,2024-04-19 16:00:00,1403/01/31,120,LF1,3,24,22.0,10.5,9.0,132.0,119.5,0.750326285,17,4,4,2024,117.0,116.0,115.0,124.08
18,2024-04-19 17:00:00,1403/01/31,120,LF1,3,22,29.0,10.5,9.0,132.0,120.3,0.771147987,18,4,4,2024,114.0,116.0,115.0,124.08
19,2024-04-19 18:00:00,1403/01/31,120,LF1,3,20,38.0,10.5,9.0,132.0,121.1,0.795852127,19,4,4,2024,114.0,116.0,118.0,124.08
20,2024-04-19 19:00:00,1403/01/31,120,SO,3,18,41.0,10.5,9.0,132.0,122.0,0.8167057,20,4,4,2024,116.0,116.0,118.0,124.08
21,2024-04-19 20:00:00,1403/01/31,120,SO,3,16,45.0,10.5,9.0,132.0,120.5,0.824773223,21,4,4,2024,117.0,120.0,118.0,124.08
22,2024-04-19 21:00:00,1403/01/31,120,SO,3,15,46.0,10.5,9.0,132.0,121.3,0.785048574,22,4,4,2024,117.0,120.0,118.0,124.08
23,2024-04-19 22:00:00,1403/01/31,120,SO,3,15,54.0,10.1,8.8,132.0,121.3,0.705750075,23,4,4,2024,117.0,120.0,118.0,124.08
24,2024-04-19 23:00:00,1403/02/01,120,SO,3,14,52.0,10.7,9.3,132.0,121.3,0.66126042,24,4,4,2024,117.0,120.0,118.0,124.08
1,2024-04-20 00:00:00,1403/02/01,117,SO,3,15,54.0,10.5,9.0,132.0,126.2,0.597034692,1,5,4,2024,133.0,122.0,118.0,124.08
2,2024-04-20 01:00:00,1403/02/01,117,SO,3,14,54.0,10.5,9.0,132.0,126.2,0.546389983,2,5,4,2024,133.0,122.0,118.0,124.08
3,2024-04-20 02:00:00,1403/02/01,117,SO,3,14,59.0,10.6,8.9,132.0,126.2,0.50908521,3,5,4,2024,115.0,122.0,118.0,124.08
4,2024-04-20 03:00:00,1403/02/01,120,SO,3,13,58.0,10.6,8.9,132.0,126.2,0.48218514,4,5,4,2024,120.0,125.0,118.0,124.08
5,2024-04-20 04:00:00,1403/02/01,120,SO,3,12,62.0,10.6,8.9,132.0,127.0,0.471730734,5,5,4,2024,120.0,125.0,118.0,124.08
6,2024-04-20 05:00:00,1403/02/01,90,SO,3,13,60.0,10.6,8.9,132.0,127.0,0.480027048,6,5,4,2024,116.0,125.0,118.0,124.08
7,2024-04-20 06:00:00,1403/02/01,90,SO,3,17,50.0,10.7,9.1,132.0,124.5,0.505137494,7,5,4,2024,115.0,125.0,118.0,124.08
8,2024-04-20 07:00:00,1403/02/01,90,SO,3,19,42.0,10.7,9.1,132.0,122.8,0.549440673,8,5,4,2024,115.0,124.0,118.0,124.08
9,2024-04-20 08:00:00,1403/02/01,118,SO,3,23,28.0,10.7,9.1,132.0,121.1,0.620572542,9,5,4,2024,115.0,123.0,118.0,124.08
10,2024-04-20 09:00:00,1403/02/01,118,SO,3,25,26.0,10.7,9.1,132.0,119.5,0.705177115,10,5,4,2024,115.0,123.0,100.0,124.08
11,2024-04-20 10:00:00,1403/02/01,112,SO,3,27,21.0,10.7,9.1,132.0,119.5,0.775803015,11,5,4,2024,128.0,124.0,118.0,124.08
12,2024-04-20 11:00:00,1403/02/01,122,SO,3,28,18.0,10.7,9.1,132.0,118.6,0.82833108,12,5,4,2024,127.0,117.0,118.0,124.08
13,2024-04-20 12:00:00,1403/02/01,121,LF1,3,29,16.0,10.7,9.1,132.0,118.6,0.85663069,13,5,4,2024,126.0,118.0,116.0,124.08
14,2024-04-20 13:00:00,1403/02/01,121,LF1,3,29,18.0,10.7,9.1,132.0,118.6,0.854359674,14,5,4,2024,126.0,118.0,116.0,124.08
15,2024-04-20 14:00:00,1403/02/01,122,LF1,3,29,18.0,10.7,9.1,132.0,119.5,0.832142683,15,5,4,2024,125.0,118.0,116.0,124.08
16,2024-04-20 15:00:00,1403/02/01,122,LF1,3,29,19.0,10.7,9.1,132.0,119.5,0.808702976,16,5,4,2024,120.0,118.0,116.0,124.08
17,2024-04-20 16:00:00,1403/02/01,122,LF1,3,28,21.0,10.7,9.1,132.0,121.1,0.801714674,17,5,4,2024,120.0,117.0,116.0,124.08
18,2024-04-20 17:00:00,1403/02/01,123,LF1,3,25,25.0,10.7,9.1,132.0,122.0,0.821962351,18,5,4,2024,120.0,114.0,116.0,124.08
19,2024-04-20 18:00:00,1403/02/01,112,LF1,3,21,33.0,10.1,8.6,132.0,122.8,0.84635533,19,5,4,2024,120.0,114.0,116.0,124.08
20,2024-04-20 19:00:00,1403/02/01,115,LF1,3,21,35.0,10.1,8.6,132.0,122.8,0.867183891,20,5,4,2024,120.0,116.0,116.0,124.08
21,2024-04-20 20:00:00,1403/02/01,115,LF1,3,20,37.0,10.1,8.6,132.0,121.3,0.874899525,21,5,4,2024,120.0,117.0,120.0,124.08
22,2024-04-20 21:00:00,1403/02/01,115,LF1,3,20,38.0,10.1,8.6,132.0,122.1,0.832856934,22,5,4,2024,120.0,117.0,120.0,124.08
23,2024-04-20 22:00:00,1403/02/01,122,LF1,3,17,40.0,10.3,8.8,132.0,123.0,0.748049525,23,5,4,2024,120.0,117.0,120.0,124.08
24,2024-04-20 23:00:00,1403/02/02,120,LF1,3,16,44.0,10.5,9.0,128.0,123.8,0.666842477,24,5,4,2024,120.0,117.0,120.0,120.32
1,2024-04-21 00:00:00,1403/02/02,124,LF1,3,14,51.0,10.3,8.8,128.0,126.2,0.601729482,1,6,4,2024,117.0,133.0,122.0,120.32
2,2024-04-21 01:00:00,1403/02/02,130,LF1,3,14,53.0,10.3,8.8,128.0,126.2,0.550588875,2,6,4,2024,117.0,133.0,122.0,120.32
3,2024-04-21 02:00:00,1403/02/02,125,LF1,3,13,54.0,10.3,8.8,128.0,126.2,0.513002947,3,6,4,2024,117.0,115.0,122.0,120.32
4,2024-04-21 03:00:00,1403/02/02,126,LF1,3,14,55.0,10.3,8.8,128.0,126.2,0.486676674,4,6,4,2024,120.0,120.0,125.0,120.32
5,2024-04-21 04:00:00,1403/02/02,126,LF1,3,14,55.0,10.3,8.8,128.0,126.2,0.47723671,5,6,4,2024,120.0,120.0,125.0,120.32
6,2024-04-21 05:00:00,1403/02/02,127,LF1,3,14,55.0,10.3,8.8,128.0,126.2,0.487406541,6,6,4,2024,90.0,116.0,125.0,120.32
7,2024-04-21 06:00:00,1403/02/02,132,LF1,3,16,55.0,10.4,9.2,128.0,123.6,0.515174322,7,6,4,2024,90.0,115.0,125.0,120.32
8,2024-04-21 07:00:00,1403/02/02,120,LF1,3,21,32.0,10.4,9.2,128.0,121.1,0.563688407,8,6,4,2024,90.0,115.0,124.0,120.32
9,2024-04-21 08:00:00,1403/02/02,126,LF1,3,25,26.0,10.4,9.2,128.0,119.5,0.639482959,9,6,4,2024,118.0,115.0,123.0,120.32
10,2024-04-21 09:00:00,1403/02/02,124,LF1,3,28,19.0,10.4,9.2,128.0,118.6,0.729304402,10,6,4,2024,118.0,115.0,123.0,120.32
11,2024-04-21 10:00:00,1403/02/02,122,LF1,3,28,19.0,10.3,9.0,128.0,118.6,0.802418398,11,6,4,2024,112.0,128.0,124.0,120.32
12,2024-04-21 11:00:00,1403/02/02,121,LF1,3,29,16.0,10.3,9.0,128.0,118.6,0.854031133,12,6,4,2024,122.0,127.0,117.0,120.32
13,2024-04-21 12:00:00,1403/02/02,121,LF1,3,29,15.0,10.3,9.0,128.0,117.8,0.880061065,13,6,4,2024,121.0,126.0,118.0,120.32
14,2024-04-21 13:00:00,1403/02/02,120,LF1,3,29,16.0,10.3,9.0,128.0,117.8,0.877998337,14,6,4,2024,121.0,126.0,118.0,120.32
15,2024-04-21 14:00:00,1403/02/02,120,LF1,3,30,16.0,10.4,9.0,128.0,117.8,0.855756046,15,6,4,2024,122.0,125.0,118.0,120.32
16,2024-04-21 15:00:00,1403/02/02,121,LF1,3,29,17.0,10.4,9.0,128.0,117.8,0.832461192,16,6,4,2024,122.0,120.0,118.0,120.32
17,2024-04-21 16:00:00,1403/02/02,122,LF1,3,28,18.0,10.4,9.0,128.0,118.6,0.826238805,17,6,4,2024,122.0,120.0,117.0,120.32
18,2024-04-21 17:00:00,1403/02/02,122,LF1,3,26,36.0,10.4,9.0,128.0,118.6,0.847411757,18,6,4,2024,123.0,120.0,114.0,120.32
19,2024-04-21 18:00:00,1403/02/02,122,LF1,3,22,43.0,10.6,9.1,128.0,119.5,0.870875256,19,6,4,2024,112.0,120.0,114.0,120.32
20,2024-04-21 19:00:00,1403/02/02,125,LF1,3,20,52.0,10.6,9.1,128.0,120.3,0.890106494,20,6,4,2024,115.0,120.0,116.0,121.49175122725312
21,2024-04-21 20:00:00,1403/02/02,127,LF1,3,18,58.0,10.6,9.1,128.0,119.6,0.895431011,21,6,4,2024,115.0,120.0,117.0,121.52881624325745
22,2024-04-21 21:00:00,1403/02/02,127,LF1,3,18,46.0,10.6,9.1,128.0,119.6,0.849339919,22,6,4,2024,115.0,120.0,117.0,122.17074707004362
23,2024-04-21 22:00:00,1403/02/02,128,LF1,3,17,49.0,10.9,9.1,128.0,120.5,0.760600712,23,6,4,2024,122.0,120.0,117.0,123.49880751177245
24,2024-04-21 23:00:00,1403/02/03,128,LF1,3,16,45.0,10.3,8.8,128.0,121.3,0.675621348,24,6,4,2024,120.0,120.0,117.0,124.39718511634797
1,2024-04-22 00:00:00,1403/02/03,128,LF1,3,16,54.0,10.9,9.1,128.0,126.2,0.607725145,1,0,4,2024,124.0,117.0,133.0,124.34427682148558
2,2024-04-22 01:00:00,1403/02/03,127,LF1,3,17,51.0,10.9,9.1,128.0,126.2,0.555240354,2,0,4,2024,130.0,117.0,133.0,124.49446444504859
3,2024-04-22 02:00:00,1403/02/03,128,LF1,3,18,54.0,10.9,9.1,128.0,126.2,0.516219119,3,0,4,2024,125.0,117.0,115.0,123.32725791348058
4,2024-04-22 03:00:00,1403/02/03,129,LF1,3,16,52.0,10.9,9.1,128.0,126.2,0.488366114,4,0,4,2024,126.0,120.0,120.0,123.92627517887941
5,2024-04-22 04:00:00,1403/02/03,129,LF1,3,16,52.0,10.9,9.1,128.0,126.2,0.477505107,5,0,4,2024,126.0,120.0,120.0,123.87163871808838
6,2024-04-22 05:00:00,1403/02/03,130,LF1,3,16,52.0,10.9,9.1,128.0,126.2,0.485693876,6,0,4,2024,127.0,90.0,116.0,121.58757901649031
7,2024-04-22 06:00:00,1403/02/03,131,LF1,3,15,52.0,10.6,9.1,128.0,123.6,0.509957027,7,0,4,2024,132.0,90.0,115.0,121.67877966574251
8,2024-04-22 07:00:00,1403/02/03,128,LF1,3,21,37.0,10.6,9.1,128.0,121.1,0.55364695,8,0,4,2024,120.0,90.0,115.0,121.34318797759633
9,2024-04-22 08:00:00,1403/02/03,126,LF1,3,25,24.0,10.6,9.1,128.0,119.5,0.621934024,9,0,4,2024,126.0,118.0,115.0,122.83380746912147
10,2024-04-22 09:00:00,1403/02/03,123,LF1,3,28,18.0,10.6,9.1,128.0,118.6,0.700469348,10,0,4,2024,124.0,118.0,115.0,122.14963106341682
11,2024-04-22 10:00:00,1403/02/03,121,LF1,3,30,19.0,10.3,8.9,128.0,118.6,0.763276131,11,0,4,2024,122.0,112.0,128.0,122.99931591313278
12,2024-04-22 11:00:00,1403/02/03,120,LF1,3,31,18.0,10.3,8.9,128.0,118.6,0.806875359,12,0,4,2024,121.0,122.0,127.0,123.0341007800827
13,2024-04-22 12:00:00,1403/02/03,120,LF1,3,30,19.0,10.3,8.9,128.0,117.8,0.829929842,13,0,4,2024,121.0,121.0,126.0,123.1536268704146
14,2024-04-22 13:00:00,1403/02/03,120,LF1,3,31,14.0,10.3,8.9,128.0,117.8,0.829277133,14,0,4,2024,120.0,121.0,126.0,122.94339782267178
15,2024-04-22 14:00:00,1403/02/03,120,LF1,3,31,14.0,10.5,8.8,128.0,117.8,0.813895932,15,0,4,2024,120.0,122.0,125.0,122.48816701364342
16,2024-04-22 15:00:00,1403/02/03,120,LF1,3,31,17.0,10.5,8.8,128.0,117.8,0.796196161,16,0,4,2024,121.0,122.0,120.0,122.07047942946556
17,2024-04-22 16:00:00,1403/02/03,120,LF1,3,30,16.0,10.5,8.8,128.0,118.6,0.795766963,17,0,4,2024,122.0,122.0,120.0,122.06076719352781
18,2024-04-22 17:00:00,1403/02/03,122,LF1,3,27,21.0,10.5,8.8,128.0,118.6,0.819125918,18,0,4,2024,122.0,123.0,120.0,122.96166384444257
19,2024-04-22 18:00:00,1403/02/03,123,LF1,3,25,24.0,10.5,9.0,128.0,119.5,0.845150327,19,0,4,2024,122.0,112.0,120.0,123.4317031276355
20,2024-04-22 19:00:00,1403/02/03,124,LF1,3,24,28.0,10.5,9.0,128.0,120.3,0.866842868,20,0,4,2024,125.0,115.0,120.0,123.79050519053719
21,2024-04-22 20:00:00,1403/02/03,125,LF1,3,22,32.0,10.5,9.0,128.0,119.6,0.876088694,21,0,4,2024,127.0,115.0,120.0,123.79050519053719
22,2024-04-22 21:00:00,1403/02/03,126,LF1,3,20,40.0,10.5,9.0,128.0,119.6,0.834704148,22,0,4,2024,127.0,115.0,120.0,123.79050519053719
23,2024-04-22 22:00:00,1403/02/03,128,LF1,3,19,40.0,10.5,9.0,128.0,120.5,0.749667796,23,0,4,2024,128.0,122.0,120.0,125.19128325557858
24,2024-04-22 23:00:00,1403/02/04,127,LF1,3,19,35.0,10.9,9.1,128.0,121.3,0.667148753,24,0,4,2024,128.0,120.0,120.0,124.43246048693902
1,2024-04-23 00:00:00,1403/02/04,120,LF1,3,18,36.0,10.5,9.0,128.0,126.2,0.60128162,1,1,4,2024,128.0,124.0,117.0,124.08966417228174
2,2024-04-23 01:00:00,1403/02/04,120,LF1,3,16,40.0,10.5,9.0,128.0,126.2,0.550985753,2,1,4,2024,127.0,130.0,117.0,122.6636551141161
3,2024-04-23 02:00:00,1403/02/04,120,LF1,3,16,39.0,11.0,9.1,128.0,126.2,0.513005872,3,1,4,2024,128.0,125.0,117.0,122.64830816652673
4,2024-04-23 03:00:00,1403/02/04,123,LF1,3,15,47.0,11.0,9.1,128.0,126.2,0.486964539,4,1,4,2024,129.0,126.0,120.0,122.846907447439
5,2024-04-23 04:00:00,1403/02/04,123,LF1,3,15,42.0,11.0,9.1,128.0,126.2,0.479020255,5,1,4,2024,129.0,126.0,120.0,122.57645751800212
6,2024-04-23 05:00:00,1403/02/04,123,LF1,3,14,32.0,11.0,9.1,128.0,126.2,0.490919126,6,1,4,2024,130.0,127.0,90.0,120.86477048458273
7,2024-04-23 06:00:00,1403/02/04,123,LF1,3,17,41.0,10.4,9.2,128.0,123.6,0.519360273,7,1,4,2024,131.0,132.0,90.0,120.50050199617695
8,2024-04-23 07:00:00,1403/02/04,128,LF1,3,21,29.0,10.4,9.2,128.0,121.1,0.568875118,8,1,4,2024,128.0,120.0,90.0,120.32
9,2024-04-23 08:00:00,1403/02/04,127,LF1,3,24,25.0,10.4,9.2,128.0,119.5,0.643969191,9,1,4,2024,126.0,126.0,118.0,121.58498104833365
10,2024-04-23 09:00:00,1403/02/04,125,LF1,3,26,18.0,10.4,9.2,128.0,118.6,0.726959291,10,1,4,2024,123.0,124.0,118.0,121.41508561274382
11,2024-04-23 10:00:00,1403/02/04,124,LF1,3,27,19.0,10.4,8.9,128.0,118.6,0.789014412,11,1,4,2024,121.0,122.0,112.0,121.14091596868263
12,2024-04-23 11:00:00,1403/02/04,122,LF1,3,28,20.0,10.4,8.9,128.0,118.6,0.828675233,12,1,4,2024,120.0,121.0,122.0,121.6418135787928
13,2024-04-23 12:00:00,1403/02/04,122,LF1,3,29,16.0,10.4,8.9,128.0,117.8,0.84695453,13,1,4,2024,120.0,121.0,121.0,121.49023064546627
14,2024-04-23 13:00:00,1403/02/04,122,LF1,3,29,15.0,10.4,8.9,128.0,117.8,0.847936387,14,1,4,2024,120.0,120.0,121.0,121.1738266397993
15,2024-04-23 14:00:00,1403/02/04,122,LF1,3,29,17.0,10.4,8.9,128.0,117.8,0.836252568,15,1,4,2024,120.0,120.0,122.0,121.0722738413387
16,2024-04-23 15:00:00,1403/02/04,122,LF1,3,28,20.0,10.4,8.9,128.0,117.8,0.820513048,16,1,4,2024,120.0,121.0,122.0,121.39974706413503
17,2024-04-23 16:00:00,1403/02/04,123,LF1,3,27,20.0,10.4,8.9,128.0,118.6,0.818573565,17,1,4,2024,120.0,122.0,122.0,121.6427707555149
18,2024-04-23 17:00:00,1403/02/04,124,LF1,3,24,27.0,10.4,8.9,128.0,118.6,0.840839712,18,1,4,2024,122.0,122.0,123.0,122.49274327612179
19,2024-04-23 18:00:00,1403/02/04,126,LF1,3,20,41.0,10.7,9.1,128.0,119.5,0.864124124,19,1,4,2024,123.0,122.0,112.0,121.4101419590152
20,2024-04-23 19:00:00,1403/02/04,126,LF1,3,18,44.0,10.7,9.1,128.0,120.3,0.881327336,20,1,4,2024,124.0,125.0,115.0,122.61886989638047
21,2024-04-23 20:00:00,1403/02/04,126,LF1,3,18,41.0,10.7,9.1,128.0,119.6,0.886159728,21,1,4,2024,125.0,127.0,115.0,122.27360218887675
22,2024-04-23 21:00:00,1403/02/04,128,LF1,3,17,41.0,10.7,9.1,128.0,119.6,0.841143182,22,1,4,2024,126.0,127.0,115.0,122.2487883630556
23,2024-04-23 22:00:00,1403/02/04,128,LF1,3,16,54.0,10.9,9.1,128.0,120.5,0.754220308,23,1,4,2024,128.0,128.0,122.0,124.6683906533437
24,2024-04-23 23:00:00,1403/02/05,128,LF1,3,15,51.0,10.5,9.0,128.0,121.3,0.670933308,24,1,4,2024,127.0,128.0,120.0,124.75120445640357
1,2024-04-24 00:00:00,1403/02/05,130,LF1,3,15,55.0,10.9,9.1,128.0,126.2,0.604518487,1,2,4,2024,120.0,128.0,124.0,124.12470616006397
2,2024-04-24 01:00:00,1403/02/05,113,LF1,3,13,56.0,10.9,9.1,128.0,126.2,0.554801752,2,2,4,2024,120.0,127.0,130.0,123.53132374464579
3,2024-04-24 02:00:00,1403/02/05,113,LF1,3,12,57.0,9.7,8.5,128.0,126.2,0.517256783,3,2,4,2024,120.0,128.0,125.0,122.80902383227053
4,2024-04-24 03:00:00,1403/02/05,115,LF1,3,12,59.0,9.7,8.5,128.0,126.2,0.492007288,4,2,4,2024,123.0,129.0,126.0,122.84850789624211
5,2024-04-24 04:00:00,1403/02/05,115,LF1,3,11,61.0,9.7,8.5,128.0,126.2,0.485814698,5,2,4,2024,123.0,129.0,126.0,122.27686420087545
6,2024-04-24 05:00:00,1403/02/05,115,LF1,3,12,63.0,9.7,8.5,128.0,126.2,0.500952057,6,2,4,2024,123.0,130.0,127.0,120.83041647777404
7,2024-04-24 06:00:00,1403/02/05,117,LF1,3,16,52.0,10.9,9.1,128.0,123.6,0.533804205,7,2,4,2024,123.0,131.0,132.0,120.57344233573676
8,2024-04-24 07:00:00,1403/02/05,117,LF1,3,20,38.0,10.9,9.1,128.0,121.1,0.590280889,8,2,4,2024,128.0,128.0,120.0,120.32
9,2024-04-24 08:00:00,1403/02/05,115,LF1,3,23,29.0,10.9,9.1,128.0,119.5,0.675558731,9,2,4,2024,127.0,126.0,126.0,120.32
10,2024-04-24 09:00:00,1403/02/05,123,LF1,3,25,23.0,10.9,9.1,128.0,118.6,0.770600865,10,2,4,2024,125.0,123.0,124.0,120.32
11,2024-04-24 10:00:00,1403/02/05,123,LF1,3,26,21.0,10.9,9.1,128.0,118.6,0.841527744,11,2,4,2024,124.0,121.0,122.0,120.32
12,2024-04-24 11:00:00,1403/02/05,122,LF1,3,26,20.0,10.9,9.1,128.0,118.6,0.886181218,12,2,4,2024,122.0,120.0,121.0,120.32
13,2024-04-24 12:00:00,1403/02/05,123,LF1,3,26,20.0,10.9,9.1,128.0,117.8,0.90335566,13,2,4,2024,122.0,120.0,121.0,120.32
14,2024-04-24 13:00:00,1403/02/05,124,LF1,3,25,25.0,10.9,9.1,128.0,117.8,0.899105809,14,2,4,2024,122.0,120.0,120.0,120.32
15,2024-04-24 14:00:00,1403/02/05,125,LF1,3,24,40.0,10.9,9.1,128.0,117.8,0.878869269,15,2,4,2024,122.0,120.0,120.0,120.32
16,2024-04-24 15:00:00,1403/02/05,126,LF1,3,23,45.0,10.9,9.1,128.0,117.8,0.856096526,16,2,4,2024,122.0,120.0,121.0,120.32
17,2024-04-24 16:00:00,1403/02/05,127,LF1,3,22,60.0,10.9,9.1,128.0,118.6,0.848712763,17,2,4,2024,123.0,120.0,122.0,120.32
18,2024-04-24 17:00:00,1403/02/05,127,LF1,3,20,44.0,10.9,9.1,128.0,118.6,0.868149217,18,2,4,2024,124.0,122.0,122.0,120.50803784710816
19,2024-04-24 18:00:00,1403/02/05,127,LF1,3,20,49.0,10.8,9.1,128.0,119.5,0.888849718,19,2,4,2024,126.0,123.0,122.0,120.32
20,2024-04-24 19:00:00,1403/02/05,128,LF1,3,19,48.0,10.8,9.1,128.0,120.3,0.904744729,20,2,4,2024,126.0,124.0,125.0,120.9698322976933
21,2024-04-24 20:00:00,1403/02/05,128,LF1,3,19,49.0,10.8,9.1,128.0,119.6,0.905978976,21,2,4,2024,126.0,125.0,127.0,120.9698322976933
22,2024-04-24 21:00:00,1403/02/05,128,LF1,3,17,49.0,10.8,9.1,128.0,119.6,0.857738973,22,2,4,2024,128.0,126.0,127.0,120.9698322976933
23,2024-04-24 22:00:00,1403/02/05,128,LF1,3,17,46.0,10.5,9.1,128.0,120.5,0.76810307,23,2,4,2024,128.0,128.0,128.0,123.67455522519954
24,2024-04-24 23:00:00,1403/02/06,128,LF1,3,17,44.0,10.9,9.1,128.0,121.3,0.683894016,24,2,4,2024,128.0,127.0,128.0,123.52959568577913
1,2024-04-25 00:00:00,1403/02/06,129,LF1,3,16,49.0,10.5,9.1,128.0,126.2,0.616466024,1,3,4,2024,130.0,120.0,128.0,121.77885958015838
2,2024-04-25 01:00:00,1403/02/06,120,LF1,3,14,56.0,10.5,9.1,128.0,126.2,0.566876981,2,3,4,2024,113.0,120.0,127.0,121.62374185470173
3,2024-04-25 02:00:00,1403/02/06,121,LF1,3,14,57.0,10.5,9.1,128.0,126.2,0.528851982,3,3,4,2024,113.0,120.0,128.0,122.08454899207001
4,2024-04-25 03:00:00,1403/02/06,121,LF1,3,14,58.0,10.5,9.1,128.0,126.2,0.502374413,4,3,4,2024,115.0,123.0,129.0,122.52427452102694
5,2024-04-25 04:00:00,1403/02/06,120,LF1,3,13,58.0,10.5,9.1,128.0,126.2,0.494646904,5,3,4,2024,115.0,123.0,129.0,122.37105567480627
6,2024-04-25 05:00:00,1403/02/06,120,LF1,3,13,57.0,10.5,9.1,128.0,126.2,0.508455097,6,3,4,2024,115.0,123.0,130.0,122.44659372145739
7,2024-04-25 06:00:00,1403/02/06,131,LF1,3,18,43.0,10.9,9.1,128.0,123.6,0.539941809,7,3,4,2024,117.0,123.0,131.0,122.29172239130168
8,2024-04-25 07:00:00,1403/02/06,128,LF1,3,20,33.0,10.9,9.1,128.0,121.1,0.594843009,8,3,4,2024,117.0,128.0,128.0,123.60679902414572
9,2024-04-25 08:00:00,1403/02/06,125,LF1,3,22,19.0,10.9,9.1,128.0,119.5,0.678849375,9,3,4,2024,115.0,127.0,126.0,123.66651032332422
10,2024-04-25 09:00:00,1403/02/06,123,LF1,3,27,20.0,10.9,9.1,128.0,118.6,0.771095404,10,3,4,2024,123.0,125.0,123.0,122.94879753272912
11,2024-04-25 10:00:00,1403/02/06,122,LF1,3,27,18.0,10.6,9.0,128.0,118.6,0.838256112,11,3,4,2024,123.0,124.0,121.0,123.0163231714916
12,2024-04-25 11:00:00,1403/02/06,121,LF1,3,28,16.0,10.6,9.0,128.0,118.6,0.875354743,12,3,4,2024,122.0,122.0,120.0,122.94424905036135
13,2024-04-25 12:00:00,1403/02/06,121,LF1,3,27,15.0,10.6,9.0,128.0,117.8,0.884737613,13,3,4,2024,123.0,122.0,120.0,122.940712140339
14,2024-04-25 13:00:00,1403/02/06,121,LF1,3,27,19.0,10.6,9.0,128.0,117.8,0.872910891,14,3,4,2024,124.0,122.0,120.0,122.60952442568724
15,2024-04-25 14:00:00,1403/02/06,121,LF1,3,28,19.0,10.5,9.0,128.0,117.8,0.853765738,15,3,4,2024,125.0,122.0,120.0,122.43220071998856
16,2024-04-25 15:00:00,1403/02/06,121,LF1,3,27,19.0,10.5,9.0,128.0,117.8,0.835428053,16,3,4,2024,126.0,122.0,120.0,121.95496670733328
17,2024-04-25 16:00:00,1403/02/06,121,LF1,3,28,20.0,10.5,9.0,128.0,118.6,0.832511894,17,3,4,2024,127.0,123.0,120.0,121.40515700786278
18,2024-04-25 17:00:00,1403/02/06,122,LF1,3,27,23.0,10.5,9.0,128.0,118.6,0.85349693,18,3,4,2024,127.0,124.0,122.0,121.96497138119682
19,2024-04-25 18:00:00,1403/02/06,123,LF1,3,23,34.0,10.4,9.0,128.0,119.5,0.877212527,19,3,4,2024,127.0,126.0,123.0,121.25701408634156
20,2024-04-25 19:00:00,1403/02/06,122,LF1,3,21,32.0,10.4,9.0,128.0,120.3,0.896611874,20,3,4,2024,128.0,126.0,124.0,121.78573301550308
21,2024-04-25 20:00:00,1403/02/06,125,LF1,3,19,39.0,10.4,9.0,128.0,119.6,0.902425905,21,3,4,2024,128.0,126.0,125.0,122.26104054356738
22,2024-04-25 21:00:00,1403/02/06,126,LF1,3,18,44.0,10.4,9.0,128.0,119.6,0.860387265,22,3,4,2024,128.0,128.0,126.0,122.74942268581368
23,2024-04-25 22:00:00,1403/02/06,126,LF1,3,17,47.0,10.4,9.0,128.0,120.5,0.775073107,23,3,4,2024,128.0,128.0,128.0,124.69998978542485
24,2024-04-25 23:00:00,1403/02/07,127,LF1,3,16,47.0,10.5,9.1,128.0,121.3,0.659587128,24,3,4,2024,128.0,128.0,127.0,124.81995294749257
1,2024-04-26 00:00:00,1403/02/07,123,SO,3,15,52.0,10.4,9.0,128.0,126.2,0.595543538,1,4,4,2024,129.0,130.0,120.0,123.31327766012527
2,2024-04-26 01:00:00,1403/02/07,123,SO,3,16,54.0,10.4,9.0,128.0,126.2,0.54785833,2,4,4,2024,120.0,113.0,120.0,121.8409053629116
3,2024-04-26 02:00:00,1403/02/07,124,SO,3,13,51.0,10.7,9.0,128.0,126.2,0.510705257,3,4,4,2024,121.0,113.0,120.0,121.8990993824228
4,2024-04-26 03:00:00,1403/02/07,125,SO,3,13,50.0,10.7,9.0,128.0,126.2,0.484000917,4,4,4,2024,121.0,115.0,123.0,122.08496340596184
5,2024-04-26 04:00:00,1403/02/07,126,SO,3,13,53.0,10.7,9.0,128.0,126.2,0.475963546,5,4,4,2024,120.0,115.0,123.0,122.08249135490223
6,2024-04-26 05:00:00,1403/02/07,127,SO,3,12,55.0,10.7,9.0,128.0,126.2,0.48883863,6,4,4,2024,120.0,115.0,123.0,121.61067796388718
7,2024-04-26 06:00:00,1403/02/07,100,SO,3,16,54.0,9.8,8.4,128.0,123.6,0.51785678,7,4,4,2024,131.0,117.0,123.0,120.32
8,2024-04-26 07:00:00,1403/02/07,100,SO,3,21,32.0,9.8,8.4,128.0,121.1,0.568296161,8,4,4,2024,128.0,117.0,128.0,120.32
9,2024-04-26 08:00:00,1403/02/07,100,SO,3,25,20.0,9.8,8.4,128.0,119.5,0.646777172,9,4,4,2024,125.0,115.0,127.0,120.32
10,2024-04-26 09:00:00,1403/02/07,100,SO,3,28,17.0,9.8,8.4,128.0,118.6,0.731504444,10,4,4,2024,123.0,123.0,125.0,120.32
11,2024-04-26 10:00:00,1403/02/07,100,SO,3,29,17.0,10.5,8.8,128.0,118.6,0.79300501,11,4,4,2024,122.0,123.0,124.0,120.32
12,2024-04-26 11:00:00,1403/02/07,116,SO,3,30,16.0,10.5,8.8,128.0,118.6,0.831008379,12,4,4,2024,121.0,122.0,122.0,120.32
13,2024-04-26 12:00:00,1403/02/07,115,LF1,3,29,15.0,10.5,8.8,128.0,117.8,0.846860852,13,4,4,2024,121.0,123.0,122.0,120.32
14,2024-04-26 13:00:00,1403/02/07,115,LF1,3,30,14.0,10.5,8.8,128.0,117.8,0.841174253,14,4,4,2024,121.0,124.0,122.0,120.32
15,2024-04-26 14:00:00,1403/02/07,115,LF1,3,31,13.0,10.5,8.7,128.0,117.8,0.825815574,15,4,4,2024,121.0,125.0,122.0,120.32
16,2024-04-26 15:00:00,1403/02/07,115,LF1,3,31,13.0,10.5,8.7,128.0,117.8,0.806746736,16,4,4,2024,121.0,126.0,122.0,120.32
17,2024-04-26 16:00:00,1403/02/07,115,LF1,3,29,23.0,10.5,8.7,128.0,118.6,0.799522217,17,4,4,2024,121.0,127.0,123.0,120.32
18,2024-04-26 17:00:00,1403/02/07,117,LF1,3,27,25.0,10.5,8.7,128.0,118.6,0.81568945,18,4,4,2024,122.0,127.0,124.0,120.32
19,2024-04-26 18:00:00,1403/02/07,118,LF1,3,22,32.0,10.4,8.9,128.0,119.5,0.837016437,19,4,4,2024,123.0,127.0,126.0,120.32
20,2024-04-26 19:00:00,1403/02/07,118,LF1,3,22,33.0,10.4,8.9,128.0,120.3,0.854711912,20,4,4,2024,122.0,128.0,126.0,120.32
21,2024-04-26 20:00:00,1403/02/07,118,LF1,3,20,31.0,10.4,8.9,128.0,119.6,0.861476781,21,4,4,2024,125.0,128.0,126.0,120.32
22,2024-04-26 21:00:00,1403/02/07,120,LF1,3,20,30.0,10.4,8.9,128.0,119.6,0.824124243,22,4,4,2024,126.0,128.0,128.0,120.32
23,2024-04-26 22:00:00,1403/02/07,121,LF1,3,19,37.0,10.4,8.9,128.0,120.5,0.745301287,23,4,4,2024,126.0,128.0,128.0,120.32
24,2024-04-26 23:00:00,1403/02/08,122,LF1,3,17,43.0,10.4,9.0,128.0,121.3,0.701486493,24,4,4,2024,127.0,128.0,128.0,120.32
1,2024-04-27 00:00:00,1403/02/08,123,LF1,3,17,44.0,10.4,8.9,128.0,125.3,0.63522303,1,5,4,2024,123.0,129.0,130.0,120.32
2,2024-04-27 01:00:00,1403/02/08,123,LF1,3,16,43.0,10.4,8.9,128.0,126.2,0.58640779,2,5,4,2024,123.0,120.0,113.0,120.32
3,2024-04-27 02:00:00,1403/02/08,123,LF1,3,14,46.0,10.6,9.0,128.0,126.2,0.548593464,3,5,4,2024,124.0,121.0,113.0,120.32
4,2024-04-27 03:00:00,1403/02/08,123,LF1,3,14,47.0,10.6,9.0,128.0,126.2,0.521624367,4,5,4,2024,125.0,121.0,115.0,120.32
5,2024-04-27 04:00:00,1403/02/08,115,LF1,3,13,47.0,10.6,9.0,128.0,126.2,0.515736229,5,5,4,2024,126.0,120.0,115.0,120.32
6,2024-04-27 05:00:00,1403/02/08,115,LF1,3,13,46.0,10.6,9.0,128.0,126.2,0.533797737,6,5,4,2024,127.0,120.0,115.0,120.32
7,2024-04-27 06:00:00,1403/02/08,115,LF1,3,18,44.0,10.9,9.0,128.0,123.6,0.569755674,7,5,4,2024,100.0,131.0,117.0,120.32
8,2024-04-27 07:00:00,1403/02/08,122,LF1,3,22,33.0,10.9,9.0,128.0,120.3,0.631507156,8,5,4,2024,100.0,128.0,117.0,120.32
9,2024-04-27 08:00:00,1403/02/08,121,LF1,3,26,20.0,10.9,9.0,128.0,118.6,0.729694625,9,5,4,2024,100.0,125.0,115.0,120.32
10,2024-04-27 09:00:00,1403/02/08,116,LF1,3,29,16.0,10.9,9.0,128.0,117.8,0.840595683,10,5,4,2024,100.0,123.0,123.0,120.32
11,2024-04-27 10:00:00,1403/02/08,115,LF1,3,30,17.0,11.0,8.7,128.0,117.0,0.924668666,11,5,4,2024,100.0,122.0,123.0,120.32
12,2024-04-27 11:00:00,1403/02/08,114,LF1,3,31,17.0,11.0,8.7,128.0,117.0,0.983269687,12,5,4,2024,116.0,121.0,122.0,120.32
13,2024-04-27 12:00:00,1403/02/08,115,LF1,3,31,12.0,11.0,8.7,128.0,117.0,1.008942216,13,5,4,2024,115.0,121.0,123.0,120.32
14,2024-04-27 13:00:00,1403/02/08,114,LF1,3,30,13.0,11.0,8.7,128.0,117.0,0.998624606,14,5,4,2024,115.0,121.0,124.0,120.32
15,2024-04-27 14:00:00,1403/02/08,117,LF1,3,27,25.0,10.5,8.8,128.0,117.8,0.966160086,15,5,4,2024,115.0,121.0,125.0,120.32
16,2024-04-27 15:00:00,1403/02/08,117,LF1,3,27,24.0,10.5,8.8,128.0,117.8,0.927300924,16,5,4,2024,115.0,121.0,126.0,120.32
17,2024-04-27 16:00:00,1403/02/08,117,LF1,3,21,48.0,10.5,8.8,128.0,118.6,0.902888095,17,5,4,2024,115.0,121.0,127.0,120.32
18,2024-04-27 17:00:00,1403/02/08,129,LF1,3,20,56.0,10.5,8.8,128.0,118.6,0.913373714,18,5,4,2024,117.0,122.0,127.0,120.47538242125233
19,2024-04-27 18:00:00,1403/02/08,130,LF1,3,18,64.0,10.5,9.1,128.0,119.5,0.931155589,19,5,4,2024,118.0,123.0,127.0,120.32
20,2024-04-27 19:00:00,1403/02/08,126,LF1,3,20,40.0,10.5,9.1,128.0,120.3,0.946513581,20,5,4,2024,118.0,122.0,128.0,120.32
21,2024-04-27 20:00:00,1403/02/08,127,LF1,3,17,56.0,10.5,9.1,128.0,119.6,0.951317826,21,5,4,2024,118.0,125.0,128.0,120.32
22,2024-04-27 21:00:00,1403/02/08,130,LF1,3,16,68.0,10.5,9.1,128.0,119.6,0.908526973,22,5,4,2024,120.0,126.0,128.0,120.32
23,2024-04-27 22:00:00,1403/02/08,130,LF1,3,15,62.0,10.9,9.2,128.0,120.5,0.816850739,23,5,4,2024,121.0,126.0,128.0,123.33524020407961
24,2024-04-27 23:00:00,1403/02/09,130,LF1,3,16,70.0,10.4,8.9,128.0,121.3,0.729265892,24,5,4,2024,122.0,127.0,128.0,123.28716623792576
1,2024-04-28 00:00:00,1403/02/09,130,LF1,3,16,67.0,10.9,9.2,128.0,125.3,0.657621639,1,6,4,2024,123.0,123.0,129.0,121.32934211615168
2,2024-04-28 01:00:00,1403/02/09,131,LF1,3,15,70.0,10.9,9.2,128.0,126.2,0.60515812,2,6,4,2024,123.0,123.0,120.0,120.6523036578067
3,2024-04-28 02:00:00,1403/02/09,131,LF1,3,15,69.0,10.5,9.1,128.0,126.2,0.565135422,3,6,4,2024,123.0,124.0,121.0,120.61534430610541
4,2024-04-28 03:00:00,1403/02/09,128,LF1,3,16,50.0,10.5,9.1,128.0,126.2,0.536318391,4,6,4,2024,123.0,125.0,121.0,120.76465190711644
5,2024-04-28 04:00:00,1403/02/09,126,LF1,3,20,36.0,10.5,9.1,128.0,126.2,0.529151728,5,6,4,2024,115.0,126.0,120.0,120.40216084286843
6,2024-04-28 05:00:00,1403/02/09,125,LF1,3,21,30.0,10.5,9.1,128.0,126.2,0.546959074,6,6,4,2024,115.0,127.0,120.0,120.32
7,2024-04-28 06:00:00,1403/02/09,124,LF1,3,25,20.0,10.7,9.0,128.0,123.6,0.583088814,7,6,4,2024,115.0,100.0,131.0,120.32
8,2024-04-28 07:00:00,1403/02/09,123,LF1,3,28,15.0,10.7,9.0,128.0,120.3,0.645525653,8,6,4,2024,122.0,100.0,128.0,120.32
9,2024-04-28 08:00:00,1403/02/09,122,LF1,3,29,12.0,10.7,9.0,128.0,118.6,0.746644213,9,6,4,2024,121.0,100.0,125.0,120.32
10,2024-04-28 09:00:00,1403/02/09,122,LF1,3,29,10.0,10.7,9.0,128.0,117.8,0.863587585,10,6,4,2024,116.0,100.0,123.0,120.32
11,2024-04-28 10:00:00,1403/02/09,121,LF1,3,30,8.0,10.7,9.0,128.0,117.0,0.957039495,11,6,4,2024,115.0,100.0,122.0,120.32
12,2024-04-28 11:00:00,1403/02/09,120,LF1,3,31,8.0,10.7,9.0,128.0,116.1,1.027315508,12,6,4,2024,114.0,116.0,121.0,120.79731344878843
13,2024-04-28 12:00:00,1403/02/09,119,LF1,3,30,9.0,10.7,9.0,128.0,115.3,1.063303255,13,6,4,2024,115.0,115.0,121.0,121.17203333724706
14,2024-04-28 13:00:00,1403/02/09,119,LF1,3,32,9.0,10.7,9.0,128.0,115.3,1.05400271,14,6,4,2024,114.0,115.0,121.0,121.05456378480882
15,2024-04-28 14:00:00,1403/02/09,118,LF1,3,32,9.0,10.3,8.8,128.0,116.1,1.014789654,15,6,4,2024,117.0,115.0,121.0,121.24339507047412
16,2024-04-28 15:00:00,1403/02/09,119,LF1,3,31,10.0,10.3,8.8,128.0,116.1,0.965179326,16,6,4,2024,117.0,115.0,121.0,121.54006868276984
17,2024-04-28 16:00:00,1403/02/09,121,LF1,3,29,18.0,10.3,8.8,128.0,117.8,0.932158938,17,6,4,2024,117.0,115.0,121.0,122.0238538521549
18,2024-04-28 17:00:00,1403/02/09,123,LF1,3,26,27.0,10.3,8.8,128.0,118.6,0.93826215,18,6,4,2024,129.0,117.0,122.0,122.95771202048692
19,2024-04-28 18:00:00,1403/02/09,124,LF1,3,26,34.0,10.7,9.0,128.0,119.5,0.95337829,19,6,4,2024,130.0,118.0,123.0,123.06132456162047
20,2024-04-28 19:00:00,1403/02/09,124,LF1,3,22,36.0,10.7,9.0,128.0,120.3,0.966920063,20,6,4,2024,126.0,118.0,122.0,123.58533965634916
21,2024-04-28 20:00:00,1403/02/09,126,LF1,3,21,40.0,10.7,9.0,128.0,119.6,0.970986753,21,6,4,2024,127.0,118.0,125.0,122.39613061659742
22,2024-04-28 21:00:00,1403/02/09,127,LF1,3,19,50.0,10.7,9.0,128.0,119.6,0.928859777,22,6,4,2024,130.0,120.0,126.0,121.77608698109974
23,2024-04-28 22:00:00,1403/02/09,126,LF1,3,20,44.0,10.4,9.1,128.0,120.5,0.834652723,23,6,4,2024,130.0,121.0,126.0,124.62828060698638
24,2024-04-28 23:00:00,1403/02/10,126,LF1,3,19,51.0,10.9,9.2,128.0,121.3,0.744333805,24,6,4,2024,130.0,122.0,127.0,124.97436829696139
1,2024-04-29 00:00:00,1403/02/10,128,LF1,3,18,54.0,10.4,9.1,128.0,125.3,0.670594221,1,0,4,2024,130.0,123.0,123.0,123.01633895839662
2,2024-04-29 01:00:00,1403/02/10,129,LF1,3,17,52.0,10.4,9.1,128.0,126.2,0.616401306,2,0,4,2024,131.0,123.0,123.0,122.98041207464695
3,2024-04-29 02:00:00,1403/02/10,129,LF1,3,17,52.0,10.9,9.2,128.0,126.2,0.574214833,3,0,4,2024,131.0,123.0,124.0,123.0355557665265
4,2024-04-29 03:00:00,1403/02/10,129,LF1,3,15,56.0,10.9,9.2,128.0,126.2,0.542044893,4,0,4,2024,128.0,123.0,125.0,123.53013853602351
5,2024-04-29 04:00:00,1403/02/10,130,LF1,3,14,57.0,10.9,9.2,128.0,126.2,0.53183811,5,0,4,2024,126.0,115.0,126.0,122.89722804083956
6,2024-04-29 05:00:00,1403/02/10,130,LF1,3,16,53.0,10.9,9.2,128.0,126.2,0.545988242,6,0,4,2024,125.0,115.0,127.0,121.5638122901849
7,2024-04-29 06:00:00,1403/02/10,130,LF1,3,17,50.0,10.8,9.1,128.0,123.6,0.578251201,7,0,4,2024,124.0,115.0,100.0,120.4851621117883
8,2024-04-29 07:00:00,1403/02/10,127,LF1,3,21,39.0,10.8,9.1,128.0,120.3,0.63537847,8,0,4,2024,123.0,122.0,100.0,121.11853913798143
9,2024-04-29 08:00:00,1403/02/10,124,LF1,3,27,22.0,10.8,9.1,128.0,118.6,0.730215556,9,0,4,2024,122.0,121.0,100.0,121.2041860046773
10,2024-04-29 09:00:00,1403/02/10,120,LF1,3,30,8.0,10.8,9.1,128.0,117.8,0.840095599,10,0,4,2024,122.0,116.0,100.0,120.41308852252324
11,2024-04-29 10:00:00,1403/02/10,120,LF1,3,31,7.0,10.5,8.8,128.0,117.0,0.930475106,11,0,4,2024,121.0,115.0,100.0,120.32
12,2024-04-29 11:00:00,1403/02/10,119,LF1,3,32,6.0,10.5,8.8,128.0,116.1,1.000981136,12,0,4,2024,120.0,114.0,116.0,121.25619310799306
13,2024-04-29 12:00:00,1403/02/10,118,LF1,3,32,8.0,10.5,8.8,128.0,115.3,1.039732319,13,0,4,2024,119.0,115.0,115.0,120.77070519949709
14,2024-04-29 13:00:00,1403/02/10,118,LF1,3,32,7.0,10.5,8.8,128.0,115.3,1.0361004,14,0,4,2024,119.0,114.0,115.0,120.60012989051475
15,2024-04-29 14:00:00,1403/02/10,118,LF1,3,32,8.0,10.5,8.8,128.0,116.1,1.00217202,15,0,4,2024,118.0,117.0,115.0,120.94806526618098
16,2024-04-29 15:00:00,1403/02/10,119,LF1,3,32,13.0,10.5,8.8,128.0,116.1,0.956018923,16,0,4,2024,119.0,117.0,115.0,120.64323663486564
17,2024-04-29 16:00:00,1403/02/10,93,LF1,3,30,18.0,10.5,8.8,128.0,117.8,0.92495958,17,0,4,2024,121.0,117.0,115.0,120.32
18,2024-04-29 17:00:00,1403/02/10,116,LF1,3,27,25.0,10.5,8.8,128.0,118.6,0.934182835,18,0,4,2024,123.0,129.0,117.0,120.9550963454214
19,2024-04-29 18:00:00,1403/02/10,117,LF1,3,24,27.0,10.7,8.9,128.0,119.5,0.952108173,19,0,4,2024,124.0,130.0,118.0,120.32
20,2024-04-29 19:00:00,1403/02/10,119,LF1,3,23,33.0,10.7,8.9,128.0,120.3,0.968402321,20,0,4,2024,124.0,126.0,118.0,120.32
21,2024-04-29 20:00:00,1403/02/10,119,LF1,3,21,32.0,10.7,8.9,128.0,119.6,0.976744032,21,0,4,2024,126.0,127.0,118.0,120.32
22,2024-04-29 21:00:00,1403/02/10,120,LF1,3,22,31.0,10.7,8.9,128.0,119.6,0.938737973,22,0,4,2024,127.0,130.0,120.0,120.32
23,2024-04-29 22:00:00,1403/02/10,120,LF1,3,19,36.0,10.6,9.0,128.0,120.5,0.844849536,23,0,4,2024,126.0,130.0,121.0,122.21098691322089
24,2024-04-29 23:00:00,1403/02/11,122,LF1,3,17,39.0,10.4,9.1,128.0,121.3,0.753090898,24,0,4,2024,126.0,130.0,122.0,122.12488360822607
1,2024-04-30 00:00:00,1403/02/11,122,LF1,3,17,39.0,10.6,9.0,128.0,124.5,0.678028359,1,1,4,2024,128.0,130.0,123.0,120.32
2,2024-04-30 01:00:00,1403/02/11,65,LF1,3,16,41.0,10.6,9.0,128.0,124.5,0.622056712,2,1,4,2024,129.0,131.0,123.0,120.32
3,2024-04-30 02:00:00,1403/02/11,65,LF1,3,15,43.0,6.2,6.1,128.0,124.5,0.578281441,3,1,4,2024,129.0,131.0,123.0,120.32
4,2024-04-30 03:00:00,1403/02/11,65,LF1,3,16,44.0,6.2,6.1,128.0,124.5,0.54535344,4,1,4,2024,129.0,128.0,123.0,120.32
5,2024-04-30 04:00:00,1403/02/11,65,LF1,3,17,45.0,6.2,6.1,128.0,124.5,0.535033042,5,1,4,2024,130.0,126.0,115.0,120.32
6,2024-04-30 05:00:00,1403/02/11,65,LF1,3,19,45.0,6.2,6.1,128.0,124.5,0.549420345,6,1,4,2024,130.0,125.0,115.0,120.32
7,2024-04-30 06:00:00,1403/02/11,70,LF1,3,20,41.0,6.6,6.3,128.0,122.0,0.58217471,7,1,4,2024,130.0,124.0,115.0,120.32
8,2024-04-30 07:00:00,1403/02/11,70,LF1,3,22,34.0,6.6,6.3,128.0,120.3,0.639933958,8,1,4,2024,127.0,123.0,122.0,120.32
9,2024-04-30 08:00:00,1403/02/11,70,LF1,3,26,31.0,6.6,6.3,128.0,118.6,0.734251494,9,1,4,2024,124.0,122.0,121.0,120.32
10,2024-04-30 09:00:00,1403/02/11,119,LF1,3,27,21.0,6.6,6.3,128.0,117.8,0.844211914,10,1,4,2024,120.0,122.0,116.0,120.32
11,2024-04-30 10:00:00,1403/02/11,119,LF1,3,27,24.0,10.6,8.9,128.0,117.0,0.936284756,11,1,4,2024,120.0,121.0,115.0,120.32
12,2024-04-30 11:00:00,1403/02/11,119,LF1,3,28,20.0,10.6,8.9,128.0,116.1,1.011512938,12,1,4,2024,119.0,120.0,114.0,120.32
13,2024-04-30 12:00:00,1403/02/11,118,LF1,3,28,29.0,10.6,8.9,128.0,115.3,1.056409316,13,1,4,2024,118.0,119.0,115.0,120.32
14,2024-04-30 13:00:00,1403/02/11,118,LF1,3,28,21.0,10.6,8.9,128.0,115.3,1.060392009,14,1,4,2024,118.0,119.0,114.0,120.32
15,2024-04-30 14:00:00,1403/02/11,118,LF1,3,28,20.0,10.4,8.8,128.0,116.1,1.028586396,15,1,4,2024,118.0,118.0,117.0,120.32
16,2024-04-30 15:00:00,1403/02/11,119,LF1,3,26,30.0,10.4,8.8,128.0,116.1,0.978675657,16,1,4,2024,119.0,119.0,117.0,120.32
17,2024-04-30 16:00:00,1403/02/11,120,LF1,3,25,29.0,10.4,8.8,128.0,117.8,0.942212265,17,1,4,2024,93.0,121.0,117.0,120.32
18,2024-04-30 17:00:00,1403/02/11,119,LF1,3,24,33.0,10.4,8.8,128.0,118.6,0.947669223,18,1,4,2024,116.0,123.0,129.0,120.32
19,2024-04-30 18:00:00,1403/02/11,120,LF1,3,24,27.0,11.0,8.9,128.0,119.5,0.961030905,19,1,4,2024,117.0,124.0,130.0,120.32
20,2024-04-30 19:00:00,1403/02/11,120,LF1,3,23,33.0,11.0,8.9,128.0,120.3,0.973148539,20,1,4,2024,119.0,124.0,126.0,120.32
21,2024-04-30 20:00:00,1403/02/11,120,LF1,3,24,31.0,11.0,8.9,128.0,119.6,0.979692381,21,1,4,2024,119.0,126.0,127.0,120.32
22,2024-04-30 21:00:00,1403/02/11,120,LF1,3,23,34.0,11.0,8.9,128.0,119.6,0.943682297,22,1,4,2024,120.0,127.0,130.0,120.32
23,2024-04-30 22:00:00,1403/02/11,120,LF1,3,23,31.0,10.8,8.9,128.0,120.5,0.851590777,23,1,4,2024,120.0,126.0,130.0,120.32
24,2024-04-30 23:00:00,1403/02/12,120,LF1,3,23,32.0,10.6,9.0,128.0,121.3,0.761576949,24,1,4,2024,122.0,126.0,130.0,120.32
1,2024-05-01 00:00:00,1403/02/12,121,LF1,3,21,37.0,10.8,8.9,128.0,124.5,0.687173633,1,2,5,2024,122.0,128.0,130.0,120.32
2,2024-05-01 01:00:00,1403/02/12,122,LF1,3,19,44.0,10.8,8.9,128.0,124.5,0.631513901,2,2,5,2024,65.0,129.0,131.0,120.32
3,2024-05-01 02:00:00,1403/02/12,123,LF1,3,17,50.0,10.8,9.0,128.0,124.5,0.587344898,3,2,5,2024,65.0,129.0,131.0,120.32
4,2024-05-01 03:00:00,1403/02/12,121,LF1,3,18,43.0,10.8,9.0,128.0,124.5,0.55356962,4,2,5,2024,65.0,129.0,128.0,120.32
5,2024-05-01 04:00:00,1403/02/12,124,LF1,3,16,54.0,10.8,9.0,128.0,124.5,0.542222632,5,2,5,2024,65.0,130.0,126.0,120.32
6,2024-05-01 05:00:00,1403/02/12,124,LF1,3,17,52.0,10.8,9.0,128.0,124.5,0.555818457,6,2,5,2024,65.0,130.0,125.0,120.32
7,2024-05-01 06:00:00,1403/02/12,124,LF1,3,19,50.0,10.7,9.0,128.0,122.0,0.588870123,7,2,5,2024,70.0,130.0,124.0,120.32
8,2024-05-01 07:00:00,1403/02/12,123,LF1,3,22,44.0,10.7,9.0,128.0,120.3,0.647945993,8,2,5,2024,70.0,127.0,123.0,120.32
9,2024-05-01 08:00:00,1403/02/12,121,LF1,3,22,42.0,10.7,9.0,128.0,118.6,0.746014202,9,2,5,2024,70.0,124.0,122.0,120.32
10,2024-05-01 09:00:00,1403/02/12,123,LF1,3,20,50.0,10.7,9.0,128.0,117.8,0.862421395,10,2,5,2024,119.0,120.0,122.0,120.32
11,2024-05-01 10:00:00,1403/02/12,125,LF1,3,18,91.0,10.8,9.1,128.0,117.0,0.962617855,11,2,5,2024,119.0,120.0,121.0,120.5849980931088
12,2024-05-01 11:00:00,1403/02/12,125,LF1,3,18,90.0,10.8,9.1,128.0,116.1,1.043978882,12,2,5,2024,119.0,119.0,120.0,120.9775126028327
13,2024-05-01 12:00:00,1403/02/12,123,LF1,3,20,71.0,10.8,9.1,128.0,115.3,1.091388478,13,2,5,2024,118.0,118.0,119.0,120.94379697897472
14,2024-05-01 13:00:00,1403/02/12,122,LF1,3,20,73.0,10.8,9.1,128.0,115.3,1.095401949,14,2,5,2024,118.0,118.0,119.0,120.93206428613576
15,2024-05-01 14:00:00,1403/02/12,123,LF1,3,20,70.0,11.0,9.0,128.0,116.1,1.060871952,15,2,5,2024,118.0,118.0,118.0,121.04587599407688
16,2024-05-01 15:00:00,1403/02/12,123,LF1,3,20,67.0,11.0,9.0,128.0,116.1,1.006576846,16,2,5,2024,119.0,119.0,119.0,121.11815203946307
17,2024-05-01 16:00:00,1403/02/12,124,LF1,3,19,76.0,11.0,9.0,128.0,117.8,0.965332966,17,2,5,2024,120.0,93.0,121.0,120.32
18,2024-05-01 17:00:00,1403/02/12,125,LF1,3,18,99.0,11.0,9.0,128.0,118.6,0.968201534,18,2,5,2024,119.0,116.0,123.0,122.56877407947837
19,2024-05-01 18:00:00,1403/02/12,126,LF1,3,17,99.0,11.2,9.2,128.0,119.5,0.977704279,19,2,5,2024,120.0,117.0,124.0,123.6044167992092
20,2024-05-01 19:00:00,1403/02/12,126,LF1,3,17,78.0,11.2,9.2,128.0,120.3,0.985765821,20,2,5,2024,120.0,119.0,124.0,122.90906836580113
21,2024-05-01 20:00:00,1403/02/12,125,LF1,3,19,67.0,11.2,9.2,128.0,119.6,0.990246259,21,2,5,2024,120.0,119.0,126.0,123.212224698605
22,2024-05-01 21:00:00,1403/02/12,126,LF1,3,18,71.0,11.2,9.2,128.0,119.6,0.953653793,22,2,5,2024,120.0,120.0,127.0,123.212224698605
23,2024-05-01 22:00:00,1403/02/12,125,LF1,3,18,65.0,5.9,5.8,128.0,120.5,0.860598223,23,2,5,2024,120.0,120.0,126.0,124.53667598040876
24,2024-05-01 23:00:00,1403/02/13,60,LF1,3,18,66.0,10.8,8.9,128.0,121.3,0.769884759,24,2,5,2024,120.0,122.0,126.0,122.43665735724136
1,2024-05-02 00:00:00,1403/02/13,60,LF1,3,18,62.0,5.9,5.8,128.0,124.5,0.694900319,1,3,5,2024,121.0,122.0,128.0,120.32
2,2024-05-02 01:00:00,1403/02/13,0,RLF1,3,16,70.0,5.9,5.8,128.0,124.5,0.637321207,2,3,5,2024,122.0,65.0,129.0,120.32
3,2024-05-02 02:00:00,1403/02/13,0,RLF1,3,17,70.0,5.9,5.8,128.0,124.5,0.590789351,3,3,5,2024,123.0,65.0,129.0,120.32
4,2024-05-02 03:00:00,1403/02/13,0,RLF1,3,16,70.0,5.9,5.8,128.0,124.5,0.555226095,4,3,5,2024,121.0,65.0,129.0,120.32
5,2024-05-02 04:00:00,1403/02/13,0,RLF1,3,17,69.0,5.9,5.8,128.0,124.5,0.541412114,5,3,5,2024,124.0,65.0,130.0,120.32
6,2024-05-02 05:00:00,1403/02/13,0,RLF1,3,18,67.0,11.0,9.1,128.0,124.5,0.552132142,6,3,5,2024,124.0,65.0,130.0,120.32
7,2024-05-02 06:00:00,1403/02/13,0,RLF1,3,19,68.0,11.0,9.1,128.0,122.0,0.582600642,7,3,5,2024,124.0,70.0,130.0,120.32
8,2024-05-02 07:00:00,1403/02/13,0,RLF1,3,19,65.0,11.0,9.1,128.0,120.3,0.638789865,8,3,5,2024,123.0,70.0,127.0,120.32
9,2024-05-02 08:00:00,1403/02/13,90,SO,3,19,71.0,11.0,9.1,128.0,118.6,0.731927174,9,3,5,2024,121.0,70.0,124.0,120.32
10,2024-05-02 09:00:00,1403/02/13,115,SO,3,18,75.0,11.0,9.1,128.0,117.8,0.844114944,10,3,5,2024,123.0,119.0,120.0,120.32
11,2024-05-02 10:00:00,1403/02/13,115,SO,3,20,68.0,11.0,8.9,128.0,117.0,0.943933908,11,3,5,2024,125.0,119.0,120.0,120.32
12,2024-05-02 11:00:00,1403/02/13,115,SO,3,23,52.0,11.0,8.9,128.0,116.1,1.02729789,12,3,5,2024,125.0,119.0,119.0,120.32
13,2024-05-02 12:00:00,1403/02/13,115,SO,3,22,57.0,11.0,8.9,128.0,115.3,1.079770604,13,3,5,2024,123.0,118.0,118.0,120.32
14,2024-05-02 13:00:00,1403/02/13,112,SO,3,20,75.0,11.0,8.9,128.0,115.3,1.089748759,14,3,5,2024,122.0,118.0,118.0,120.32
15,2024-05-02 14:00:00,1403/02/13,70,SO,3,16,100.0,6.0,6.0,128.0,116.1,1.06054828,15,3,5,2024,123.0,118.0,118.0,120.32
16,2024-05-02 15:00:00,1403/02/13,70,SO,3,16,100.0,6.0,6.0,128.0,116.1,1.008141491,16,3,5,2024,123.0,119.0,119.0,120.32
17,2024-05-02 16:00:00,1403/02/13,65,SO,3,14,100.0,6.0,6.0,128.0,117.8,0.967844446,17,3,5,2024,124.0,120.0,93.0,120.32
18,2024-05-02 17:00:00,1403/02/13,65,SO,3,16,100.0,6.0,6.0,128.0,118.6,0.971412632,18,3,5,2024,125.0,119.0,116.0,120.32
19,2024-05-02 18:00:00,1403/02/13,65,SO,3,16,96.0,10.9,0.0,128.0,119.5,0.981625744,19,3,5,2024,126.0,120.0,117.0,120.32
20,2024-05-02 19:00:00,1403/02/13,126,LF1,3,16,91.0,10.9,0.0,128.0,120.3,0.991192352,20,3,5,2024,126.0,120.0,119.0,120.32
21,2024-05-02 20:00:00,1403/02/13,85,LF1,3,15,93.0,10.9,0.0,128.0,119.6,0.998722866,21,3,5,2024,125.0,120.0,119.0,120.32
22,2024-05-02 21:00:00,1403/02/13,0,R,3,15,95.0,10.9,0.0,128.0,119.6,0.964316342,22,3,5,2024,126.0,120.0,120.0,120.32
23,2024-05-02 22:00:00,1403/02/13,0,R,3,14,99.0,10.9,0.0,128.0,120.5,0.871432245,23,3,5,2024,125.0,120.0,120.0,120.32
24,2024-05-02 23:00:00,1403/02/14,0,R,3,14,99.0,5.9,5.8,128.0,121.3,0.741676609,24,3,5,2024,60.0,120.0,122.0,120.32
1,2024-05-03 00:00:00,1403/02/14,0,RLF1,3,17,91.0,10.7,9.1,128.0,127.0,0.668787705,1,4,5,2024,60.0,121.0,122.0,120.32
2,2024-05-03 01:00:00,1403/02/14,0,RLF1,3,16,96.0,10.7,9.1,128.0,127.0,0.612436074,2,4,5,2024,0.0,122.0,65.0,120.32
3,2024-05-03 02:00:00,1403/02/14,0,RLF1,3,16,99.0,10.7,9.1,128.0,127.0,0.56692104,3,4,5,2024,0.0,123.0,65.0,120.32
4,2024-05-03 03:00:00,1403/02/14,0,RLF1,3,16,93.0,10.7,9.1,128.0,127.0,0.532795013,4,4,5,2024,0.0,121.0,65.0,120.32
5,2024-05-03 04:00:00,1403/02/14,0,RLF1,3,15,99.0,10.7,9.1,128.0,127.0,0.520645305,5,4,5,2024,0.0,124.0,65.0,120.32
6,2024-05-03 05:00:00,1403/02/14,0,RLF1,3,15,96.0,10.7,9.1,128.0,126.2,0.531828642,6,4,5,2024,0.0,124.0,65.0,120.32
7,2024-05-03 06:00:00,1403/02/14,0,RLF1,3,19,80.0,10.7,9.1,128.0,125.3,0.562474414,7,4,5,2024,0.0,124.0,70.0,120.32
8,2024-05-03 07:00:00,1403/02/14,0,RLF1,3,21,55.0,10.7,9.1,128.0,123.6,0.618727679,8,4,5,2024,0.0,123.0,70.0,120.32
9,2024-05-03 08:00:00,1403/02/14,0,RLF1,3,25,50.0,10.7,9.1,128.0,122.8,0.711435673,9,4,5,2024,90.0,121.0,70.0,120.32
10,2024-05-03 09:00:00,1403/02/14,0,RLF1,3,26,45.0,10.7,9.1,128.0,122.0,0.823077805,10,4,5,2024,115.0,123.0,119.0,120.32
11,2024-05-03 10:00:00,1403/02/14,124,SO,3,26,20.0,10.7,9.1,128.0,122.0,0.924212785,11,4,5,2024,115.0,125.0,119.0,120.32
12,2024-05-03 11:00:00,1403/02/14,122,SO,3,28,16.0,10.7,9.1,128.0,122.0,1.010545271,12,4,5,2024,115.0,125.0,119.0,120.32
13,2024-05-03 12:00:00,1403/02/14,121,SO,3,29,14.0,10.7,9.1,128.0,122.0,1.067457001,13,4,5,2024,115.0,123.0,118.0,120.32
14,2024-05-03 13:00:00,1403/02/14,119,LF1,3,30,22.0,10.7,9.1,128.0,122.8,1.081777146,14,4,5,2024,112.0,122.0,118.0,120.32
15,2024-05-03 14:00:00,1403/02/14,116,LF1,3,31,20.0,10.5,8.8,128.0,123.6,1.056295253,15,4,5,2024,70.0,123.0,118.0,120.32
16,2024-05-03 15:00:00,1403/02/14,117,LF1,3,32,19.0,10.5,8.8,128.0,123.6,1.003749417,16,4,5,2024,70.0,123.0,119.0,120.32
17,2024-05-03 16:00:00,1403/02/14,117,LF1,3,29,30.0,10.5,8.8,128.0,123.6,0.961960222,17,4,5,2024,65.0,124.0,120.0,120.32
18,2024-05-03 17:00:00,1403/02/14,110,LF1,3,27,41.0,10.5,8.8,128.0,124.5,0.965299449,18,4,5,2024,65.0,125.0,119.0,120.32
19,2024-05-03 18:00:00,1403/02/14,119,LF1,3,25,48.0,10.6,8.9,128.0,126.2,0.975040154,19,4,5,2024,65.0,126.0,120.0,120.32
20,2024-05-03 19:00:00,1403/02/14,120,LF1,3,21,57.0,10.6,8.9,128.0,126.2,0.982957777,20,4,5,2024,126.0,126.0,120.0,120.32
21,2024-05-03 20:00:00,1403/02/14,121,LF1,3,20,59.0,10.6,8.9,128.0,124.7,0.990595179,21,4,5,2024,85.0,125.0,120.0,120.32
22,2024-05-03 21:00:00,1403/02/14,123,LF1,3,19,65.0,10.6,8.9,128.0,124.7,0.954290792,22,4,5,2024,0.0,126.0,120.0,120.32
23,2024-05-03 22:00:00,1403/02/14,0,FQ,3,18,63.0,10.6,8.9,128.0,125.5,0.857533982,23,4,5,2024,0.0,125.0,120.0,120.32
24,2024-05-03 23:00:00,1403/02/15,0,FQ,3,18,64.0,10.7,9.1,128.0,125.5,0.799897496,24,4,5,2024,0.0,60.0,120.0,120.32
1,2024-05-04 00:00:00,1403/02/15,0,RLF1,3,18,83.0,8.3,7.4,128.0,127.8,0.718707391,1,5,5,2024,0.0,60.0,121.0,120.32
2,2024-05-04 01:00:00,1403/02/15,0,RLF1,3,15,84.0,8.3,7.4,128.0,127.8,0.656461568,2,5,5,2024,0.0,0.0,122.0,120.32
3,2024-05-04 02:00:00,1403/02/15,0,RLF1,3,14,95.0,8.3,7.4,128.0,127.8,0.606803028,3,5,5,2024,0.0,0.0,123.0,120.32
4,2024-05-04 03:00:00,1403/02/15,0,RLF1,3,14,100.0,8.3,7.4,128.0,127.8,0.571773439,4,5,5,2024,0.0,0.0,121.0,120.32
5,2024-05-04 04:00:00,1403/02/15,0,RLF1,3,14,98.0,8.3,7.4,128.0,127.8,0.561709745,5,5,5,2024,0.0,0.0,124.0,120.32
6,2024-05-04 05:00:00,1403/02/15,0,RLF1,3,14,94.0,8.3,7.4,128.0,127.8,0.577626778,6,5,5,2024,0.0,0.0,124.0,120.32
7,2024-05-04 06:00:00,1403/02/15,0,RLF1,3,15,85.0,8.3,7.4,128.0,127.0,0.615281104,7,5,5,2024,0.0,0.0,124.0,120.32
8,2024-05-04 07:00:00,1403/02/15,0,RLF1,3,16,74.0,8.3,7.4,128.0,125.3,0.683455889,8,5,5,2024,0.0,0.0,123.0,120.32
9,2024-05-04 08:00:00,1403/02/15,0,RLF1,3,19,54.0,10.7,9.1,128.0,125.3,0.794862198,9,5,5,2024,0.0,90.0,121.0,120.32
10,2024-05-04 09:00:00,1403/02/15,0,RLF1,3,21,44.0,10.7,9.1,128.0,124.5,0.930339993,10,5,5,2024,0.0,115.0,123.0,120.32
11,2024-05-04 10:00:00,1403/02/15,0,RLF1,3,25,48.0,10.7,9.1,128.0,123.6,1.05525076,11,5,5,2024,124.0,115.0,125.0,120.32
12,2024-05-04 11:00:00,1403/02/15,0,RLF1,3,26,46.0,10.7,9.1,128.0,123.6,1.166168422,12,5,5,2024,122.0,115.0,125.0,120.32
13,2024-05-04 12:00:00,1403/02/15,0,RLF1,3,26,48.0,10.7,9.1,128.0,123.6,1.242269808,13,5,5,2024,121.0,115.0,123.0,120.32
14,2024-05-04 13:00:00,1403/02/15,0,RLF1,3,27,48.0,10.7,9.1,128.0,122.8,1.263660661,14,5,5,2024,119.0,112.0,122.0,120.32
15,2024-05-04 14:00:00,1403/02/15,0,RLF1,3,27,37.0,10.7,9.1,128.0,122.8,1.232064421,15,5,5,2024,116.0,70.0,123.0,120.32
16,2024-05-04 15:00:00,1403/02/15,0,RLF1,3,26,38.0,10.7,9.1,128.0,122.8,1.162493236,16,5,5,2024,117.0,70.0,123.0,120.32
17,2024-05-04 16:00:00,1403/02/15,0,RLF1,3,26,45.0,10.7,9.1,128.0,122.8,1.103624804,17,5,5,2024,117.0,65.0,124.0,120.32
18,2024-05-04 17:00:00,1403/02/15,0,RLF1,3,24,57.0,10.7,9.1,128.0,122.8,1.09858914,18,5,5,2024,110.0,65.0,125.0,120.32
19,2024-05-04 18:00:00,1403/02/15,122,SO,3,22,62.0,10.7,9.1,128.0,123.6,1.101349519,19,5,5,2024,119.0,65.0,126.0,120.32
20,2024-05-04 19:00:00,1403/02/15,126,SO,3,20,68.0,10.7,9.1,128.0,123.6,1.101226674,20,5,5,2024,120.0,126.0,126.0,120.32
21,2024-05-04 20:00:00,1403/02/15,127,LF1,3,20,75.0,10.7,9.1,128.0,123.0,1.102393021,21,5,5,2024,121.0,85.0,125.0,120.32
22,2024-05-04 21:00:00,1403/02/15,128,LF1,3,19,77.0,10.7,9.1,128.0,123.0,1.054403199,22,5,5,2024,123.0,0.0,126.0,120.32
23,2024-05-04 22:00:00,1403/02/15,129,LF1,3,18,84.0,10.7,9.1,128.0,123.8,0.940508707,23,5,5,2024,0.0,0.0,125.0,120.32
24,2024-05-04 23:00:00,1403/02/16,130,LF1,3,18,90.0,8.3,7.4,128.0,123.8,0.830153291,24,5,5,2024,0.0,0.0,60.0,120.32
1,2024-05-05 00:00:00,1403/02/16,0,R,3,14,99.0,10.9,0.0,128.0,124.5,0.742812359,1,6,5,2024,0.0,0.0,60.0,120.32
2,2024-05-05 01:00:00,1403/02/16,0,R,3,13,99.0,10.9,0.0,128.0,124.5,0.677130039,2,6,5,2024,0.0,0.0,0.0,120.32
3,2024-05-05 02:00:00,1403/02/16,0,R,3,13,99.0,10.9,0.0,128.0,124.5,0.625411145,3,6,5,2024,0.0,0.0,0.0,120.32
4,2024-05-05 03:00:00,1403/02/16,0,R,3,14,99.0,10.9,0.0,128.0,124.5,0.589720846,4,6,5,2024,0.0,0.0,0.0,120.32
5,2024-05-05 04:00:00,1403/02/16,0,R,3,14,96.0,11.0,9.1,128.0,124.5,0.58141513,5,6,5,2024,0.0,0.0,0.0,120.32
6,2024-05-05 05:00:00,1403/02/16,0,R,3,14,92.0,11.0,9.1,128.0,124.5,0.601044383,6,6,5,2024,0.0,0.0,0.0,120.32
7,2024-05-05 06:00:00,1403/02/16,0,R,3,16,89.0,11.0,9.1,128.0,122.0,0.644449159,7,6,5,2024,0.0,0.0,0.0,120.32
8,2024-05-05 07:00:00,1403/02/16,0,R,3,17,88.0,11.0,9.1,128.0,120.3,0.722714632,8,6,5,2024,0.0,0.0,0.0,120.32
9,2024-05-05 08:00:00,1403/02/16,0,R,3,18,73.0,11.0,9.1,128.0,118.6,0.851412364,9,6,5,2024,0.0,0.0,90.0,120.32
10,2024-05-05 09:00:00,1403/02/16,0,R,3,19,68.0,11.0,9.1,128.0,117.8,1.008145181,10,6,5,2024,0.0,0.0,115.0,120.32
11,2024-05-05 10:00:00,1403/02/16,18,SO,3,21,55.0,11.0,9.1,128.0,117.0,1.152419539,11,6,5,2024,0.0,124.0,115.0,120.32
12,2024-05-05 11:00:00,1403/02/16,120,LF1,3,20,60.0,11.0,9.1,128.0,116.1,1.281514976,12,6,5,2024,0.0,122.0,115.0,120.32
13,2024-05-05 12:00:00,1403/02/16,90,LF1,3,21,48.0,11.0,9.1,128.0,115.3,1.369905709,13,6,5,2024,0.0,121.0,115.0,120.32
14,2024-05-05 13:00:00,1403/02/16,90,LF1,3,23,46.0,11.0,9.1,128.0,115.3,1.391286961,14,6,5,2024,0.0,119.0,112.0,120.32
15,2024-05-05 14:00:00,1403/02/16,90,LF1,3,24,42.0,8.3,7.5,128.0,116.1,1.352853236,15,6,5,2024,0.0,116.0,70.0,120.32
16,2024-05-05 15:00:00,1403/02/16,90,LF1,3,24,41.0,8.3,7.5,128.0,116.1,1.267851627,16,6,5,2024,0.0,117.0,70.0,120.32
17,2024-05-05 16:00:00,1403/02/16,90,LF1,3,24,47.0,8.3,7.5,128.0,117.8,1.193910555,17,6,5,2024,0.0,117.0,65.0,120.32
18,2024-05-05 17:00:00,1403/02/16,90,LF1,3,23,49.0,8.3,7.5,128.0,118.6,1.181523804,18,6,5,2024,0.0,110.0,65.0,120.32
19,2024-05-05 18:00:00,1403/02/16,90,LF1,3,22,52.0,8.3,7.4,128.0,119.5,1.178345307,19,6,5,2024,122.0,119.0,65.0,120.32
20,2024-05-05 19:00:00,1403/02/16,90,LF1,3,21,61.0,8.3,7.4,128.0,120.3,1.169901487,20,6,5,2024,126.0,120.0,126.0,120.32
21,2024-05-05 20:00:00,1403/02/16,90,LF1,3,20,68.0,8.3,7.4,128.0,119.6,1.165062857,21,6,5,2024,127.0,121.0,85.0,120.32
22,2024-05-05 21:00:00,1403/02/16,90,LF1,3,20,74.0,8.3,7.4,128.0,119.6,1.106101814,22,6,5,2024,128.0,123.0,0.0,120.32
23,2024-05-05 22:00:00,1403/02/16,0,RLF1,3,19,81.0,8.3,7.4,128.0,120.5,0.978602278,23,6,5,2024,129.0,0.0,0.0,120.32
24,2024-05-05 23:00:00,1403/02/17,0,RLF1,3,19,84.0,10.9,0.0,128.0,121.3,0.85712905,24,6,5,2024,130.0,0.0,0.0,120.32
1,2024-05-06 00:00:00,1403/02/17,0,FQ,3,21,50.0,10.6,8.9,128.0,0.0,0.762724261,1,0,5,2024,0.0,0.0,0.0,120.32
2,2024-05-06 01:00:00,1403/02/17,0,FQ,3,19,50.0,10.6,8.9,128.0,0.0,0.692573746,2,0,5,2024,0.0,0.0,0.0,120.32
3,2024-05-06 02:00:00,1403/02/17,0,FQ,3,18,50.0,10.6,8.9,128.0,0.0,0.637919145,3,0,5,2024,0.0,0.0,0.0,120.32
4,2024-05-06 03:00:00,1403/02/17,0,FQ,3,17,68.0,10.6,8.9,128.0,0.0,0.600413373,4,0,5,2024,0.0,0.0,0.0,120.32
5,2024-05-06 04:00:00,1403/02/17,0,FQ,3,16,64.0,10.6,8.9,128.0,0.0,0.592003782,5,0,5,2024,0.0,0.0,0.0,120.32
6,2024-05-06 05:00:00,1403/02/17,0,FQ,3,18,62.0,10.6,8.9,128.0,0.0,0.612522538,6,0,5,2024,0.0,0.0,0.0,120.32
7,2024-05-06 06:00:00,1403/02/17,0,FQ,3,20,60.0,10.6,8.9,128.0,0.0,0.657567621,7,0,5,2024,0.0,0.0,0.0,120.32
8,2024-05-06 07:00:00,1403/02/17,0,FQ,3,25,40.0,10.6,8.9,128.0,0.0,0.739573618,8,0,5,2024,0.0,0.0,0.0,120.32
9,2024-05-06 08:00:00,1403/02/17,0,FQ,3,27,35.0,10.6,8.9,128.0,0.0,0.873681552,9,0,5,2024,0.0,0.0,0.0,120.32
10,2024-05-06 09:00:00,1403/02/17,0,FQ,3,30,25.0,10.6,8.9,128.0,0.0,1.035402896,10,0,5,2024,0.0,0.0,0.0,120.32
11,2024-05-06 10:00:00,1403/02/17,0,FQ,3,31,20.0,10.6,8.9,128.0,0.0,1.182885296,11,0,5,2024,18.0,0.0,124.0,120.32
12,2024-05-06 11:00:00,1403/02/17,0,FQ,3,31,17.0,10.6,8.9,128.0,0.0,1.314519504,12,0,5,2024,120.0,0.0,122.0,120.32
13,2024-05-06 12:00:00,1403/02/17,0,FQ,3,32,21.0,10.6,8.9,128.0,0.0,1.404783133,13,0,5,2024,90.0,0.0,121.0,120.32
14,2024-05-06 13:00:00,1403/02/17,0,FQ,3,32,20.0,10.6,8.9,128.0,0.0,1.424474689,14,0,5,2024,90.0,0.0,119.0,120.32
15,2024-05-06 14:00:00,1403/02/17,0,FQ,3,32,20.0,10.6,8.9,128.0,0.0,1.382389536,15,0,5,2024,90.0,0.0,116.0,120.32
16,2024-05-06 15:00:00,1403/02/17,0,FQ,3,32,21.0,10.6,8.9,128.0,0.0,1.290490554,16,0,5,2024,90.0,0.0,117.0,120.32
17,2024-05-06 16:00:00,1403/02/17,0,FQ,3,28,33.0,10.6,8.9,128.0,0.0,1.21115524,17,0,5,2024,90.0,0.0,117.0,120.32
18,2024-05-06 17:00:00,1403/02/17,0,FQ,3,27,35.0,10.6,8.9,128.0,0.0,1.196126059,18,0,5,2024,90.0,0.0,110.0,120.32
19,2024-05-06 18:00:00,1403/02/17,0,FQ,3,26,37.0,10.6,8.9,128.0,0.0,1.192155863,19,0,5,2024,90.0,122.0,119.0,120.32
20,2024-05-06 19:00:00,1403/02/17,0,FQ,3,24,44.0,10.6,8.9,128.0,0.0,1.183991125,20,0,5,2024,90.0,126.0,120.0,120.32
21,2024-05-06 20:00:00,1403/02/17,0,FQ,3,22,42.0,10.6,8.9,128.0,0.0,1.17881927,21,0,5,2024,90.0,127.0,121.0,120.32
22,2024-05-06 21:00:00,1403/02/17,0,FQ,3,20,45.0,10.6,8.9,128.0,0.0,1.120500592,22,0,5,2024,90.0,128.0,123.0,120.32
23,2024-05-06 22:00:00,1403/02/17,0,FQ,3,20,51.0,10.6,8.9,128.0,0.0,0.991136445,23,0,5,2024,0.0,129.0,0.0,120.32
24,2024-05-06 23:00:00,1403/02/18,0,FQ,3,20,53.0,10.6,8.9,128.0,0.0,0.86724571,24,0,5,2024,0.0,130.0,0.0,120.32
1,2024-05-07 00:00:00,1403/02/18,0,FQ,3,18,62.0,10.6,8.9,128.0,123.0,0.770565482,1,1,5,2024,0.0,0.0,0.0,120.32
2,2024-05-07 01:00:00,1403/02/18,0,FQ,3,18,62.0,10.6,8.9,128.0,123.0,0.69925034,2,1,5,2024,0.0,0.0,0.0,120.32
3,2024-05-07 02:00:00,1403/02/18,0,FQ,3,18,63.0,10.6,8.9,128.0,123.8,0.643146157,3,1,5,2024,0.0,0.0,0.0,120.32
4,2024-05-07 03:00:00,1403/02/18,0,FQ,3,18,65.0,10.6,8.9,128.0,124.6,0.604353296,4,1,5,2024,0.0,0.0,0.0,120.32
5,2024-05-07 04:00:00,1403/02/18,0,FQ,3,18,68.0,10.6,8.9,128.0,124.6,0.596076063,5,1,5,2024,0.0,0.0,0.0,120.32
6,2024-05-07 05:00:00,1403/02/18,0,FQ,3,18,71.0,10.6,8.9,128.0,124.6,0.618091,6,1,5,2024,0.0,0.0,0.0,120.32
7,2024-05-07 06:00:00,1403/02/18,0,FQ,3,19,66.0,10.6,8.9,128.0,122.1,0.665998146,7,1,5,2024,0.0,0.0,0.0,120.32
8,2024-05-07 07:00:00,1403/02/18,0,FQ,3,24,41.0,10.6,8.9,128.0,120.5,0.753219475,8,1,5,2024,0.0,0.0,0.0,120.32
9,2024-05-07 08:00:00,1403/02/18,0,FQ,3,28,27.0,10.6,8.9,128.0,119.6,0.896695835,9,1,5,2024,0.0,0.0,0.0,120.32
10,2024-05-07 09:00:00,1403/02/18,0,FQ,3,30,9.0,10.6,8.9,128.0,118.8,1.070200132,10,1,5,2024,0.0,0.0,0.0,120.32
11,2024-05-07 10:00:00,1403/02/18,0,FQ,3,31,9.0,10.6,8.9,128.0,118.8,1.228971239,11,1,5,2024,0.0,18.0,0.0,120.32
12,2024-05-07 11:00:00,1403/02/18,0,FQ,3,32,8.0,10.6,8.9,128.0,118.8,1.370465752,12,1,5,2024,0.0,120.0,0.0,120.32
13,2024-05-07 12:00:00,1403/02/18,0,FQ,3,31,9.0,10.2,7.2,128.0,118.0,1.465536273,13,1,5,2024,0.0,90.0,0.0,120.32
14,2024-05-07 13:00:00,1403/02/18,0,FQ,3,32,9.0,10.2,7.2,128.0,118.0,1.486933184,14,1,5,2024,0.0,90.0,0.0,120.32
15,2024-05-07 14:00:00,1403/02/18,0,FQ,3,31,9.0,10.2,7.2,128.0,118.0,1.439952149,15,1,5,2024,0.0,90.0,0.0,120.32
16,2024-05-07 15:00:00,1403/02/18,0,FQ,3,31,9.0,10.2,7.2,128.0,118.8,1.338566015,16,1,5,2024,0.0,90.0,0.0,120.32
17,2024-05-07 16:00:00,1403/02/18,0,FQ,3,30,12.0,10.2,7.2,128.0,119.6,1.247922258,17,1,5,2024,0.0,90.0,0.0,120.32
18,2024-05-07 17:00:00,1403/02/18,0,FQ,3,28,16.0,10.2,7.2,128.0,119.0,1.226037052,18,1,5,2024,0.0,90.0,0.0,120.32
19,2024-05-07 18:00:00,1403/02/18,0,FQ,3,24,24.0,10.2,7.2,128.0,119.0,1.214833658,19,1,5,2024,0.0,90.0,122.0,120.32
20,2024-05-07 19:00:00,1403/02/18,0,FQ,3,22,26.0,10.2,7.2,128.0,119.8,1.199368889,20,1,5,2024,0.0,90.0,126.0,120.32
21,2024-05-07 20:00:00,1403/02/18,0,FQ,3,22,25.0,10.2,7.2,128.0,119.8,1.18805948,21,1,5,2024,0.0,90.0,127.0,120.32
22,2024-05-07 21:00:00,1403/02/18,0,FQ,3,20,32.0,10.2,7.2,128.0,120.6,1.127480383,22,1,5,2024,0.0,90.0,128.0,120.32
23,2024-05-07 22:00:00,1403/02/18,0,FQ,3,18,34.0,10.2,7.2,128.0,121.5,0.998352011,23,1,5,2024,0.0,0.0,129.0,120.32
24,2024-05-07 23:00:00,1403/02/19,0,FQ,3,17,38.0,10.6,8.9,128.0,121.5,0.875731774,24,1,5,2024,0.0,0.0,130.0,120.32
1,2024-05-08 00:00:00,1403/02/19,0,FQ,3,16,39.0,10.2,7.2,128.0,123.0,0.779971473,1,2,5,2024,0.0,0.0,0.0,120.32
2,2024-05-08 01:00:00,1403/02/19,0,FQ,3,15,43.0,10.2,7.2,128.0,123.0,0.708455539,2,2,5,2024,0.0,0.0,0.0,120.32
3,2024-05-08 02:00:00,1403/02/19,0,FQ,3,14,49.0,10.2,7.2,128.0,123.8,0.65158313,3,2,5,2024,0.0,0.0,0.0,120.32
4,2024-05-08 03:00:00,1403/02/19,0,FQ,3,13,52.0,10.2,7.2,128.0,124.6,0.610952094,4,2,5,2024,0.0,0.0,0.0,120.32
5,2024-05-08 04:00:00,1403/02/19,0,FQ,3,12,53.0,10.2,7.2,128.0,124.6,0.600926825,5,2,5,2024,0.0,0.0,0.0,120.32
6,2024-05-08 05:00:00,1403/02/19,0,FQ,3,16,45.0,10.2,7.2,128.0,124.6,0.622434636,6,2,5,2024,0.0,0.0,0.0,120.32
7,2024-05-08 06:00:00,1403/02/19,0,FQ,3,19,34.0,10.2,7.2,128.0,122.1,0.670389767,7,2,5,2024,0.0,0.0,0.0,120.32
8,2024-05-08 07:00:00,1403/02/19,0,FQ,3,22,21.0,10.2,7.2,128.0,120.5,0.757842488,8,2,5,2024,0.0,0.0,0.0,120.32
9,2024-05-08 08:00:00,1403/02/19,0,FQ,3,25,11.0,10.2,7.2,128.0,119.6,0.903929453,9,2,5,2024,0.0,0.0,0.0,120.32
10,2024-05-08 09:00:00,1403/02/19,0,FQ,3,26,8.0,10.2,7.2,128.0,118.8,1.081595759,10,2,5,2024,0.0,0.0,0.0,120.32
11,2024-05-08 10:00:00,1403/02/19,0,FQ,3,25,6.0,10.2,7.2,128.0,118.8,1.242117676,11,2,5,2024,0.0,0.0,18.0,120.32
12,2024-05-08 11:00:00,1403/02/19,0,FQ,3,26,6.0,10.2,7.2,128.0,118.8,1.383036022,12,2,5,2024,0.0,0.0,120.0,120.32
13,2024-05-08 12:00:00,1403/02/19,0,FQ,3,29,3.0,10.2,7.2,128.0,118.0,1.480500344,13,2,5,2024,0.0,0.0,90.0,120.32
14,2024-05-08 13:00:00,1403/02/19,0,FQ,3,29,6.0,10.2,7.2,128.0,118.0,1.498911678,14,2,5,2024,0.0,0.0,90.0,120.32
15,2024-05-08 14:00:00,1403/02/19,0,FQ,3,29,5.0,10.2,7.2,128.0,118.0,1.445797268,15,2,5,2024,0.0,0.0,90.0,120.32
16,2024-05-08 15:00:00,1403/02/19,0,FQ,3,29,5.0,10.2,7.2,128.0,118.8,1.340668261,16,2,5,2024,0.0,0.0,90.0,120.32
17,2024-05-08 16:00:00,1403/02/19,0,FQ,3,29,6.0,10.2,7.2,128.0,119.6,1.24892332,17,2,5,2024,0.0,0.0,90.0,120.32
18,2024-05-08 17:00:00,1403/02/19,0,FQ,3,28,8.0,10.2,7.2,128.0,119.0,1.224724648,18,2,5,2024,0.0,0.0,90.0,120.32
19,2024-05-08 18:00:00,1403/02/19,0,FQ,3,24,17.0,10.2,7.2,128.0,119.0,1.211934727,19,2,5,2024,0.0,0.0,90.0,120.32
20,2024-05-08 19:00:00,1403/02/19,0,FQ,3,19,26.0,10.2,7.2,128.0,119.8,1.196155987,20,2,5,2024,0.0,0.0,90.0,120.32
21,2024-05-08 20:00:00,1403/02/19,0,FQ,3,18,26.0,10.2,7.2,128.0,119.8,1.185401615,21,2,5,2024,0.0,0.0,90.0,120.32
22,2024-05-08 21:00:00,1403/02/19,0,FQ,3,17,33.0,10.2,7.2,128.0,120.6,1.127196131,22,2,5,2024,0.0,0.0,90.0,120.32
23,2024-05-08 22:00:00,1403/02/19,0,FQ,3,15,35.0,10.2,7.2,128.0,121.5,1.003501746,23,2,5,2024,0.0,0.0,0.0,120.32
24,2024-05-08 23:00:00,1403/02/20,0,FQ,3,14,36.0,10.2,7.2,128.0,121.5,0.884255074,24,2,5,2024,0.0,0.0,0.0,120.32
1,2024-05-09 00:00:00,1403/02/20,0,FQ,3,15,38.0,10.2,7.2,128.0,123.0,0.790267334,1,3,5,2024,0.0,0.0,0.0,120.32
2,2024-05-09 01:00:00,1403/02/20,0,FQ,3,15,29.0,10.2,7.2,128.0,123.0,0.718363338,2,3,5,2024,0.0,0.0,0.0,120.32
3,2024-05-09 02:00:00,1403/02/20,0,FQ,3,13,38.0,10.2,7.2,128.0,123.8,0.660862177,3,3,5,2024,0.0,0.0,0.0,120.32
4,2024-05-09 03:00:00,1403/02/20,0,FQ,3,11,37.0,10.2,7.2,128.0,124.6,0.617490419,4,3,5,2024,0.0,0.0,0.0,120.32
5,2024-05-09 04:00:00,1403/02/20,0,FQ,3,10,44.0,10.2,7.2,128.0,124.6,0.604289261,5,3,5,2024,0.0,0.0,0.0,120.32
6,2024-05-09 05:00:00,1403/02/20,0,FQ,3,11,50.0,10.2,7.2,128.0,124.6,0.622026314,6,3,5,2024,0.0,0.0,0.0,120.32
7,2024-05-09 06:00:00,1403/02/20,0,FQ,3,17,33.0,10.2,7.2,128.0,122.1,0.665941354,7,3,5,2024,0.0,0.0,0.0,120.32
8,2024-05-09 07:00:00,1403/02/20,0,FQ,3,21,19.0,10.2,7.2,128.0,120.5,0.746968101,8,3,5,2024,0.0,0.0,0.0,120.32
9,2024-05-09 08:00:00,1403/02/20,0,FQ,3,25,13.0,10.2,7.2,128.0,119.6,0.882809961,9,3,5,2024,0.0,0.0,0.0,120.32
10,2024-05-09 09:00:00,1403/02/20,0,FQ,3,27,10.0,10.2,7.2,128.0,118.8,1.04517059,10,3,5,2024,0.0,0.0,0.0,120.32
11,2024-05-09 10:00:00,1403/02/20,0,FQ,3,29,8.0,10.2,7.2,128.0,118.8,1.190202009,11,3,5,2024,0.0,0.0,0.0,120.32
12,2024-05-09 11:00:00,1403/02/20,0,FQ,3,31,5.0,10.2,7.2,128.0,118.8,1.315355837,12,3,5,2024,0.0,0.0,0.0,120.32
13,2024-05-09 12:00:00,1403/02/20,0,FQ,3,32,2.0,10.2,7.2,128.0,118.0,1.400129674,13,3,5,2024,0.0,0.0,0.0,120.32
14,2024-05-09 13:00:00,1403/02/20,0,FQ,3,32,6.0,10.2,7.2,128.0,118.0,1.414003307,14,3,5,2024,0.0,0.0,0.0,120.32
15,2024-05-09 14:00:00,1403/02/20,0,FQ,3,32,6.0,10.2,7.2,128.0,118.0,1.366846381,15,3,5,2024,0.0,0.0,0.0,120.32
16,2024-05-09 15:00:00,1403/02/20,0,FQ,3,32,8.0,10.2,7.2,128.0,118.8,1.27491389,16,3,5,2024,0.0,0.0,0.0,120.32
17,2024-05-09 16:00:00,1403/02/20,0,FQ,3,30,18.0,10.2,7.2,128.0,119.6,1.194970929,17,3,5,2024,0.0,0.0,0.0,120.32
18,2024-05-09 17:00:00,1403/02/20,0,FQ,3,30,20.0,10.2,7.2,128.0,119.0,1.177123206,18,3,5,2024,0.0,0.0,0.0,120.32
19,2024-05-09 18:00:00,1403/02/20,0,FQ,3,27,22.0,10.2,7.2,128.0,119.0,1.169882381,19,3,5,2024,0.0,0.0,0.0,120.32
20,2024-05-09 19:00:00,1403/02/20,0,FQ,3,22,27.0,10.2,7.2,128.0,119.8,1.160455485,20,3,5,2024,0.0,0.0,0.0,120.32
21,2024-05-09 20:00:00,1403/02/20,0,FQ,3,20,32.0,10.2,7.2,128.0,119.8,1.154727225,21,3,5,2024,0.0,0.0,0.0,120.32
22,2024-05-09 21:00:00,1403/02/20,0,FQ,3,18,32.0,10.2,7.2,128.0,120.6,1.103531729,22,3,5,2024,0.0,0.0,0.0,120.32
23,2024-05-09 22:00:00,1403/02/20,0,FQ,3,18,35.0,10.2,7.2,128.0,121.5,0.988716453,23,3,5,2024,0.0,0.0,0.0,120.32
24,2024-05-09 23:00:00,1403/02/21,0,FQ,3,17,31.0,10.2,7.2,128.0,121.5,0.834320629,24,3,5,2024,0.0,0.0,0.0,120.32
1,2024-05-10 00:00:00,1403/02/21,0,FQ,3,15,38.0,10.2,7.2,128.0,126.3,0.748276268,1,4,5,2024,0.0,0.0,0.0,120.32
2,2024-05-10 01:00:00,1403/02/21,0,FQ,3,13,38.0,10.2,7.2,128.0,126.3,0.680741011,2,4,5,2024,0.0,0.0,0.0,120.32
3,2024-05-10 02:00:00,1403/02/21,40,LA,3,13,37.0,10.2,7.2,128.0,126.3,0.626197664,3,4,5,2024,0.0,0.0,0.0,120.32
4,2024-05-10 03:00:00,1403/02/21,40,LA,3,13,37.0,10.2,7.2,128.0,126.3,0.583885758,4,4,5,2024,0.0,0.0,0.0,120.32
5,2024-05-10 04:00:00,1403/02/21,60,LA,3,13,37.0,10.2,7.2,128.0,126.3,0.569715087,5,4,5,2024,0.0,0.0,0.0,120.32
6,2024-05-10 05:00:00,1403/02/21,90,LA,3,14,38.0,10.2,7.2,128.0,126.3,0.584630566,6,4,5,2024,0.0,0.0,0.0,120.32
7,2024-05-10 06:00:00,1403/02/21,120,LA,3,19,34.0,9.8,8.5,128.0,123.8,0.623874742,7,4,5,2024,0.0,0.0,0.0,120.32
8,2024-05-10 07:00:00,1403/02/21,110,LA,3,24,19.0,9.8,8.5,128.0,120.5,0.697000929,8,4,5,2024,0.0,0.0,0.0,120.32
9,2024-05-10 08:00:00,1403/02/21,110,LA,3,27,11.0,9.8,8.5,128.0,118.8,0.820182934,9,4,5,2024,0.0,0.0,0.0,120.32
10,2024-05-10 09:00:00,1403/02/21,110,LA,3,31,8.0,9.8,8.5,128.0,117.1,0.965842313,10,4,5,2024,0.0,0.0,0.0,120.32
11,2024-05-10 10:00:00,1403/02/21,110,LA,3,33,7.0,9.4,8.0,128.0,116.3,1.094341824,11,4,5,2024,0.0,0.0,0.0,120.32
12,2024-05-10 11:00:00,1403/02/21,100,LA,3,34,5.0,9.4,8.0,128.0,115.5,1.204453819,12,4,5,2024,0.0,0.0,0.0,120.32
13,2024-05-10 12:00:00,1403/02/21,110,LA,3,35,5.0,9.4,8.0,128.0,115.5,1.27720169,13,4,5,2024,0.0,0.0,0.0,120.32
14,2024-05-10 13:00:00,1403/02/21,110,LA,3,35,5.0,9.4,8.0,128.0,115.5,1.288096787,14,4,5,2024,0.0,0.0,0.0,120.32
15,2024-05-10 14:00:00,1403/02/21,110,SO,3,35,5.0,10.5,8.6,128.0,115.5,1.248458363,15,4,5,2024,0.0,0.0,0.0,120.32
16,2024-05-10 15:00:00,1403/02/21,110,SO,3,35,6.0,10.5,8.6,128.0,116.3,1.169041554,16,4,5,2024,0.0,0.0,0.0,120.32
17,2024-05-10 16:00:00,1403/02/21,110,SO,3,34,10.0,10.5,8.6,128.0,117.1,1.099931107,17,4,5,2024,0.0,0.0,0.0,120.32
18,2024-05-10 17:00:00,1403/02/21,110,SO,3,30,17.0,10.5,8.6,128.0,116.5,1.085742553,18,4,5,2024,0.0,0.0,0.0,120.32
19,2024-05-10 18:00:00,1403/02/21,112,SO,3,26,18.0,10.6,8.9,128.0,117.3,1.082411722,19,4,5,2024,0.0,0.0,0.0,120.32
20,2024-05-10 19:00:00,1403/02/21,119,LF1,3,23,17.0,10.6,8.9,128.0,118.1,1.078674257,20,4,5,2024,0.0,0.0,0.0,120.32
21,2024-05-10 20:00:00,1403/02/21,121,LF1,3,23,20.0,10.6,8.9,128.0,119.0,1.078534893,21,4,5,2024,0.0,0.0,0.0,120.32
22,2024-05-10 21:00:00,1403/02/21,122,LF1,3,21,26.0,10.6,8.9,128.0,119.8,1.03636083,22,4,5,2024,0.0,0.0,0.0,120.32
23,2024-05-10 22:00:00,1403/02/21,123,LF1,3,20,27.0,10.6,8.9,128.0,120.6,0.935082787,23,4,5,2024,0.0,0.0,0.0,120.32
24,2024-05-10 23:00:00,1403/02/22,124,LF1,3,19,26.0,10.2,7.2,128.0,121.5,0.873825326,24,4,5,2024,0.0,0.0,0.0,120.32
1,2024-05-11 00:00:00,1403/02/22,0,FO,3,17,27.0,10.6,8.9,128.0,123.8,0.785856612,1,5,5,2024,0.0,0.0,0.0,120.32
2,2024-05-11 01:00:00,1403/02/22,0,FO,3,16,32.0,10.6,8.9,128.0,123.8,0.715687818,2,5,5,2024,0.0,0.0,0.0,120.32
3,2024-05-11 02:00:00,1403/02/22,0,FO,3,15,36.0,10.6,8.9,128.0,123.8,0.658475923,3,5,5,2024,40.0,0.0,0.0,120.32
4,2024-05-11 03:00:00,1403/02/22,0,FO,3,14,40.0,10.6,8.9,128.0,123.8,0.613196999,4,5,5,2024,40.0,0.0,0.0,120.32
5,2024-05-11 04:00:00,1403/02/22,0,FO,3,18,33.0,10.6,8.9,128.0,123.8,0.597870223,5,5,5,2024,60.0,0.0,0.0,120.32
6,2024-05-11 05:00:00,1403/02/22,0,FO,3,18,37.0,10.6,8.9,128.0,123.8,0.613083861,6,5,5,2024,90.0,0.0,0.0,120.32
7,2024-05-11 06:00:00,1403/02/22,0,FO,3,18,37.0,10.3,8.5,128.0,121.3,0.653845389,7,5,5,2024,120.0,0.0,0.0,120.32
8,2024-05-11 07:00:00,1403/02/22,0,FO,3,25,21.0,10.3,8.5,128.0,118.8,0.73020751,8,5,5,2024,110.0,0.0,0.0,120.32
9,2024-05-11 08:00:00,1403/02/22,0,FO,3,29,13.0,10.3,8.5,128.0,117.1,0.859320463,9,5,5,2024,110.0,0.0,0.0,120.32
10,2024-05-11 09:00:00,1403/02/22,0,FO,3,32,11.0,10.3,8.5,128.0,116.3,1.01367625,10,5,5,2024,110.0,0.0,0.0,120.32
11,2024-05-11 10:00:00,1403/02/22,0,FO,3,34,7.0,10.3,8.5,128.0,115.5,1.149563819,11,5,5,2024,110.0,0.0,0.0,120.32
12,2024-05-11 11:00:00,1403/02/22,0,FO,3,35,6.0,10.3,8.5,128.0,114.6,1.267210825,12,5,5,2024,100.0,0.0,0.0,120.32
13,2024-05-11 12:00:00,1403/02/22,0,FO,3,36,5.0,10.3,8.5,128.0,113.8,1.344394326,13,5,5,2024,110.0,0.0,0.0,120.32
14,2024-05-11 13:00:00,1403/02/22,40,LA,3,37,7.0,10.3,8.5,128.0,113.0,1.359642976,14,5,5,2024,110.0,0.0,0.0,120.32
15,2024-05-11 14:00:00,1403/02/22,50,SO,3,36,8.0,10.3,8.5,128.0,113.0,1.318692922,15,5,5,2024,110.0,0.0,0.0,120.32
16,2024-05-11 15:00:00,1403/02/22,75,SO,3,36,8.0,10.3,8.5,128.0,113.8,1.238135726,16,5,5,2024,110.0,0.0,0.0,120.32
17,2024-05-11 16:00:00,1403/02/22,115,SO,3,35,9.0,10.3,8.5,128.0,115.5,1.164468661,17,5,5,2024,110.0,0.0,0.0,120.32
18,2024-05-11 17:00:00,1403/02/22,117,SO,3,33,12.0,10.3,8.5,128.0,116.5,1.148649424,18,5,5,2024,110.0,0.0,0.0,120.32
19,2024-05-11 18:00:00,1403/02/22,118,SO,3,27,19.0,10.6,8.9,128.0,117.3,1.143570285,19,5,5,2024,112.0,0.0,0.0,120.32
20,2024-05-11 19:00:00,1403/02/22,119,SO,3,26,19.0,10.6,8.9,128.0,118.1,1.139280399,20,5,5,2024,119.0,0.0,0.0,120.32
21,2024-05-11 20:00:00,1403/02/22,121,LF1,3,24,16.0,10.6,8.9,128.0,118.1,1.138269918,21,5,5,2024,121.0,0.0,0.0,120.32
22,2024-05-11 21:00:00,1403/02/22,121,LF1,3,22,16.0,10.6,8.9,128.0,119.0,1.09640533,22,5,5,2024,122.0,0.0,0.0,120.32
23,2024-05-11 22:00:00,1403/02/22,122,LF1,3,21,16.0,10.7,8.9,128.0,119.0,0.992181922,23,5,5,2024,123.0,0.0,0.0,120.32
24,2024-05-11 23:00:00,1403/02/23,123,LF1,3,20,17.0,10.6,8.9,128.0,119.0,0.884523118,24,5,5,2024,124.0,0.0,0.0,120.32
1,2024-05-12 00:00:00,1403/02/23,122,LF1,3,19,23.0,10.7,8.9,128.0,123.8,0.796770261,1,6,5,2024,0.0,0.0,0.0,120.32
2,2024-05-12 01:00:00,1403/02/23,125,LF1,3,19,26.0,10.7,8.9,128.0,123.8,0.726738212,2,6,5,2024,0.0,0.0,0.0,120.32
3,2024-05-12 02:00:00,1403/02/23,118,LF1,3,18,27.0,10.7,9.0,128.0,123.8,0.66898976,3,6,5,2024,0.0,40.0,0.0,120.32
4,2024-05-12 03:00:00,1403/02/23,118,LF1,3,18,31.0,10.7,9.0,128.0,123.8,0.623141446,4,6,5,2024,0.0,40.0,0.0,120.32
5,2024-05-12 04:00:00,1403/02/23,118,LF1,3,16,32.0,10.7,9.0,128.0,123.8,0.608458742,5,6,5,2024,0.0,60.0,0.0,120.32
6,2024-05-12 05:00:00,1403/02/23,118,LF1,3,17,31.0,10.7,9.0,128.0,123.8,0.624700577,6,6,5,2024,0.0,90.0,0.0,120.32
7,2024-05-12 06:00:00,1403/02/23,118,LF1,3,23,36.0,10.7,8.9,128.0,121.3,0.667378143,7,6,5,2024,0.0,120.0,0.0,120.32
8,2024-05-12 07:00:00,1403/02/23,122,LF1,3,27,22.0,10.7,8.9,128.0,118.8,0.746594342,8,6,5,2024,0.0,110.0,0.0,120.32
9,2024-05-12 08:00:00,1403/02/23,119,LF1,3,30,18.0,10.7,8.9,128.0,117.1,0.880802782,9,6,5,2024,0.0,110.0,0.0,120.32
10,2024-05-12 09:00:00,1403/02/23,115,LF1,3,34,11.0,10.7,8.9,128.0,116.3,1.03733185,10,6,5,2024,0.0,110.0,0.0,120.32
11,2024-05-12 10:00:00,1403/02/23,115,LF1,3,34,8.0,10.7,8.9,128.0,115.5,1.171267199,11,6,5,2024,0.0,110.0,0.0,120.32
12,2024-05-12 11:00:00,1403/02/23,115,LF1,3,35,9.0,10.7,8.9,128.0,114.6,1.28448294,12,6,5,2024,0.0,100.0,0.0,120.32
13,2024-05-12 12:00:00,1403/02/23,114,LF1,3,36,9.0,10.7,8.9,128.0,113.8,1.357878353,13,6,5,2024,0.0,110.0,0.0,120.32
14,2024-05-12 13:00:00,1403/02/23,113,LF1,3,36,9.0,10.7,8.9,128.0,113.0,1.371595379,14,6,5,2024,40.0,110.0,0.0,120.32
15,2024-05-12 14:00:00,1403/02/23,114,LF1,3,36,8.0,10.2,8.7,128.0,113.0,1.33568217,15,6,5,2024,50.0,110.0,0.0,120.32
16,2024-05-12 15:00:00,1403/02/23,114,LF1,3,35,8.0,10.2,8.7,128.0,113.8,1.258939667,16,6,5,2024,75.0,110.0,0.0,120.32
17,2024-05-12 16:00:00,1403/02/23,116,LF1,3,33,11.0,10.2,8.7,128.0,115.5,1.184125255,17,6,5,2024,115.0,110.0,0.0,120.32
18,2024-05-12 17:00:00,1403/02/23,116,LF1,3,30,15.0,10.2,8.7,128.0,116.5,1.165726688,18,6,5,2024,117.0,110.0,0.0,120.32
19,2024-05-12 18:00:00,1403/02/23,118,LF1,3,28,17.0,10.3,8.8,128.0,117.3,1.157920513,19,6,5,2024,118.0,112.0,0.0,120.32
20,2024-05-12 19:00:00,1403/02/23,118,LF1,3,26,19.0,10.3,8.8,128.0,118.1,1.151131002,20,6,5,2024,119.0,119.0,0.0,120.32
21,2024-05-12 20:00:00,1403/02/23,121,LF1,3,25,27.0,10.3,8.8,128.0,118.1,1.148576054,21,6,5,2024,121.0,121.0,0.0,120.32
22,2024-05-12 21:00:00,1403/02/23,120,LF1,3,27,21.0,10.3,8.8,128.0,119.0,1.10702033,22,6,5,2024,121.0,122.0,0.0,120.32
23,2024-05-12 22:00:00,1403/02/23,122,LF1,3,26,28.0,10.5,8.9,128.0,119.0,1.004738049,23,6,5,2024,122.0,123.0,0.0,120.71919203573594
24,2024-05-12 23:00:00,1403/02/24,122,LF1,3,26,27.0,10.7,8.9,128.0,119.0,0.89640373,24,6,5,2024,123.0,124.0,0.0,120.58493420783421
1,2024-05-13 00:00:00,1403/02/24,122,LF1,3,22,32.0,10.5,8.9,128.0,123.8,0.807822223,1,0,5,2024,122.0,0.0,0.0,120.32
2,2024-05-13 01:00:00,1403/02/24,122,LF1,3,21,30.0,10.5,8.9,128.0,123.8,0.737417006,2,0,5,2024,125.0,0.0,0.0,120.32
3,2024-05-13 02:00:00,1403/02/24,123,LF1,3,20,31.0,10.7,9.0,128.0,123.8,0.678874674,3,0,5,2024,118.0,0.0,40.0,120.32
4,2024-05-13 03:00:00,1403/02/24,124,LF1,3,21,38.0,10.7,9.0,128.0,123.8,0.63148414,4,0,5,2024,118.0,0.0,40.0,120.32
5,2024-05-13 04:00:00,1403/02/24,125,LF1,3,21,45.0,10.7,9.0,128.0,123.8,0.616572652,5,0,5,2024,118.0,0.0,60.0,120.32
6,2024-05-13 05:00:00,1403/02/24,124,LF1,3,23,37.0,10.7,9.0,128.0,123.8,0.632289701,6,0,5,2024,118.0,0.0,90.0,120.32
7,2024-05-13 06:00:00,1403/02/24,123,LF1,3,24,41.0,10.9,8.9,128.0,121.3,0.67482148,7,0,5,2024,118.0,0.0,120.0,120.32
8,2024-05-13 07:00:00,1403/02/24,122,LF1,3,25,27.0,10.9,8.9,128.0,118.8,0.754890025,8,0,5,2024,122.0,0.0,110.0,120.32
9,2024-05-13 08:00:00,1403/02/24,120,LF1,3,27,27.0,10.9,8.9,128.0,117.1,0.891084996,9,0,5,2024,119.0,0.0,110.0,120.32
10,2024-05-13 09:00:00,1403/02/24,121,LF1,3,27,28.0,10.9,8.9,128.0,116.3,1.046244434,10,0,5,2024,115.0,0.0,110.0,120.32
11,2024-05-13 10:00:00,1403/02/24,122,LF1,3,26,29.0,10.9,8.8,128.0,115.5,1.178892184,11,0,5,2024,115.0,0.0,110.0,120.32
12,2024-05-13 11:00:00,1403/02/24,119,LF1,3,29,21.0,10.9,8.8,128.0,114.6,1.290009433,12,0,5,2024,115.0,0.0,100.0,120.32
13,2024-05-13 12:00:00,1403/02/24,120,LF1,3,28,25.0,10.9,8.8,128.0,113.8,1.360309017,13,0,5,2024,114.0,0.0,110.0,120.32
14,2024-05-13 13:00:00,1403/02/24,121,LF1,3,26,36.0,10.9,8.8,128.0,113.0,1.373356442,14,0,5,2024,113.0,40.0,110.0,120.32
15,2024-05-13 14:00:00,1403/02/24,121,LF1,3,26,33.0,10.5,8.9,128.0,113.0,1.34372982,15,0,5,2024,114.0,50.0,110.0,120.32
16,2024-05-13 15:00:00,1403/02/24,120,LF1,3,26,32.0,10.5,8.9,128.0,113.8,1.270913504,16,0,5,2024,114.0,75.0,110.0,120.32
17,2024-05-13 16:00:00,1403/02/24,121,LF1,3,26,33.0,10.5,8.9,128.0,115.5,1.196939493,17,0,5,2024,116.0,115.0,110.0,120.32
18,2024-05-13 17:00:00,1403/02/24,121,LF1,3,25,39.0,10.5,8.9,128.0,116.5,1.178193892,18,0,5,2024,116.0,117.0,110.0,120.32
19,2024-05-13 18:00:00,1403/02/24,121,LF1,3,24,36.0,10.7,9.1,128.0,117.3,1.170891459,19,0,5,2024,118.0,118.0,112.0,120.6448356109813
20,2024-05-13 19:00:00,1403/02/24,124,LF1,3,22,52.0,10.7,9.1,128.0,118.1,1.163875277,20,0,5,2024,118.0,119.0,119.0,122.53992393482733
21,2024-05-13 20:00:00,1403/02/24,124,LF1,3,21,53.0,10.7,9.1,128.0,118.1,1.158327843,21,0,5,2024,121.0,121.0,121.0,122.70452384030251
22,2024-05-13 21:00:00,1403/02/24,124,LF1,3,21,54.0,10.7,9.1,128.0,119.0,1.114931315,22,0,5,2024,120.0,121.0,122.0,122.70452384030251
23,2024-05-13 22:00:00,1403/02/24,124,LF1,3,20,57.0,10.9,8.9,128.0,119.0,1.011329819,23,0,5,2024,122.0,122.0,123.0,122.81663500094879
24,2024-05-13 23:00:00,1403/02/25,110,LF1,3,20,53.0,10.5,8.9,128.0,119.0,0.900624889,24,0,5,2024,122.0,123.0,124.0,122.35251816828487
1,2024-05-14 00:00:00,1403/02/25,0,FQ,3,17,63.0,10.6,8.9,128.0,127.0,0.810412564,1,1,5,2024,122.0,122.0,0.0,120.32
2,2024-05-14 01:00:00,1403/02/25,0,FQ,3,17,61.0,10.6,8.9,128.0,127.0,0.740221469,2,1,5,2024,122.0,125.0,0.0,120.32
3,2024-05-14 02:00:00,1403/02/25,0,FQ,3,16,72.0,10.6,8.9,128.0,127.0,0.681303701,3,1,5,2024,123.0,118.0,0.0,120.32
4,2024-05-14 03:00:00,1403/02/25,0,FQ,3,15,75.0,10.6,8.9,128.0,127.0,0.633861408,4,1,5,2024,124.0,118.0,0.0,120.32
5,2024-05-14 04:00:00,1403/02/25,0,FQ,3,15,74.0,10.6,8.9,128.0,127.0,0.620086929,5,1,5,2024,125.0,118.0,0.0,120.32
6,2024-05-14 05:00:00,1403/02/25,0,FQ,3,15,70.0,10.6,8.9,128.0,126.2,0.636976801,6,1,5,2024,124.0,118.0,0.0,120.32
7,2024-05-14 06:00:00,1403/02/25,0,FQ,3,18,67.0,10.6,8.9,128.0,125.3,0.681130706,7,1,5,2024,123.0,118.0,0.0,120.32
8,2024-05-14 07:00:00,1403/02/25,0,FQ,3,23,40.0,10.6,8.9,128.0,123.6,0.76465962,8,1,5,2024,122.0,122.0,0.0,120.32
9,2024-05-14 08:00:00,1403/02/25,0,FQ,3,25,30.0,10.6,8.9,128.0,122.8,0.906647442,9,1,5,2024,120.0,119.0,0.0,120.32
10,2024-05-14 09:00:00,1403/02/25,0,FQ,3,28,20.0,10.6,8.9,128.0,122.0,1.067794465,10,1,5,2024,121.0,115.0,0.0,120.32
11,2024-05-14 10:00:00,1403/02/25,0,FQ,3,30,19.0,10.6,8.9,128.0,122.0,1.206659331,11,1,5,2024,122.0,115.0,0.0,120.32
12,2024-05-14 11:00:00,1403/02/25,0,FQ,3,32,18.0,10.6,8.9,128.0,122.0,1.324015873,12,1,5,2024,119.0,115.0,0.0,120.32
13,2024-05-14 12:00:00,1403/02/25,0,FQ,3,32,20.0,10.6,8.9,128.0,122.0,1.398503817,13,1,5,2024,120.0,114.0,0.0,120.32
14,2024-05-14 13:00:00,1403/02/25,0,FQ,3,32,20.0,10.6,8.9,128.0,122.8,1.414345209,14,1,5,2024,121.0,113.0,40.0,120.32
15,2024-05-14 14:00:00,1403/02/25,0,FQ,3,31,21.0,10.6,8.9,128.0,123.6,1.384604708,15,1,5,2024,121.0,114.0,50.0,120.32
16,2024-05-14 15:00:00,1403/02/25,0,FQ,3,32,15.0,10.6,8.9,128.0,123.6,1.308966929,16,1,5,2024,120.0,114.0,75.0,120.32
17,2024-05-14 16:00:00,1403/02/25,0,FQ,3,30,18.0,10.6,8.9,128.0,123.6,1.23035975,17,1,5,2024,121.0,116.0,115.0,120.32
18,2024-05-14 17:00:00,1403/02/25,0,FQ,3,29,21.0,10.6,8.9,128.0,124.5,1.208573278,18,1,5,2024,121.0,116.0,117.0,120.32
19,2024-05-14 18:00:00,1403/02/25,0,FQ,3,27,26.0,10.6,8.9,128.0,126.2,1.198720938,19,1,5,2024,121.0,118.0,118.0,120.32
20,2024-05-14 19:00:00,1403/02/25,0,FQ,3,24,0.0,10.6,8.9,128.0,126.2,1.189915313,20,1,5,2024,124.0,118.0,119.0,120.32
21,2024-05-14 20:00:00,1403/02/25,0,FQ,3,19,68.0,10.6,8.9,128.0,124.7,1.181967835,21,1,5,2024,124.0,121.0,121.0,120.32
22,2024-05-14 21:00:00,1403/02/25,0,FQ,3,21,65.0,10.6,8.9,128.0,124.7,1.139684022,22,1,5,2024,124.0,120.0,121.0,120.32
23,2024-05-14 22:00:00,1403/02/25,0,FQ,3,21,48.0,10.6,8.9,128.0,125.5,1.034688238,23,1,5,2024,124.0,122.0,122.0,120.32
24,2024-05-14 23:00:00,1403/02/26,0,FQ,3,23,45.0,10.6,8.9,128.0,125.5,0.921539701,24,1,5,2024,110.0,122.0,123.0,120.32
1,2024-05-15 00:00:00,1403/02/26,110,LF1,3,19,58.0,10.9,8.9,128.0,123.0,0.829357148,1,2,5,2024,0.0,122.0,122.0,120.32
2,2024-05-15 01:00:00,1403/02/26,110,LF1,3,19,57.0,10.9,8.9,128.0,123.0,0.758407563,2,2,5,2024,0.0,122.0,125.0,120.32
3,2024-05-15 02:00:00,1403/02/26,115,LF1,3,18,57.0,10.9,8.9,128.0,123.0,0.697608121,3,2,5,2024,0.0,123.0,118.0,120.32
4,2024-05-15 03:00:00,1403/02/26,110,LF1,3,18,57.0,10.9,8.9,128.0,123.0,0.648528407,4,2,5,2024,0.0,124.0,118.0,120.32
5,2024-05-15 04:00:00,1403/02/26,107,LF1,3,17,57.0,10.9,8.9,128.0,123.0,0.634371226,5,2,5,2024,0.0,125.0,118.0,120.32
6,2024-05-15 05:00:00,1403/02/26,97,LF1,3,19,57.0,10.9,8.9,128.0,123.0,0.651601708,6,2,5,2024,0.0,124.0,118.0,120.32
7,2024-05-15 06:00:00,1403/02/26,116,LF1,3,22,46.0,10.6,9.0,128.0,120.5,0.697667005,7,2,5,2024,0.0,123.0,118.0,120.32
8,2024-05-15 07:00:00,1403/02/26,124,LF1,3,24,42.0,10.6,9.0,128.0,118.8,0.785656146,8,2,5,2024,0.0,122.0,122.0,120.32
9,2024-05-15 08:00:00,1403/02/26,122,LF1,3,27,28.0,10.6,9.0,128.0,117.1,0.936812517,9,2,5,2024,0.0,120.0,119.0,120.32
10,2024-05-15 09:00:00,1403/02/26,119,LF1,3,29,24.0,10.6,9.0,128.0,116.3,1.10928283,10,2,5,2024,0.0,121.0,115.0,120.32
11,2024-05-15 10:00:00,1403/02/26,116,LF1,3,33,16.0,10.6,8.9,128.0,115.5,1.260627572,11,2,5,2024,0.0,122.0,115.0,120.32
12,2024-05-15 11:00:00,1403/02/26,121,LF1,3,30,15.0,10.6,8.9,128.0,114.6,1.385433818,12,2,5,2024,0.0,119.0,115.0,120.32
13,2024-05-15 12:00:00,1403/02/26,120,LF1,3,30,16.0,10.6,8.9,128.0,113.8,1.463535943,13,2,5,2024,0.0,120.0,114.0,120.32
14,2024-05-15 13:00:00,1403/02/26,119,LF1,3,31,19.0,10.6,8.9,128.0,113.0,1.47760626,14,2,5,2024,0.0,121.0,113.0,120.32
15,2024-05-15 14:00:00,1403/02/26,119,LF1,3,29,24.0,10.6,9.0,128.0,113.0,1.439418203,15,2,5,2024,0.0,121.0,114.0,120.32
16,2024-05-15 15:00:00,1403/02/26,121,LF1,3,25,36.0,10.6,9.0,128.0,113.8,1.35446249,16,2,5,2024,0.0,120.0,114.0,120.32
17,2024-05-15 16:00:00,1403/02/26,126,LF1,3,22,54.0,10.6,9.0,128.0,115.5,1.2693229,17,2,5,2024,0.0,121.0,116.0,120.32
18,2024-05-15 17:00:00,1403/02/26,125,LF1,3,20,70.0,10.6,9.0,128.0,116.5,1.243494219,18,2,5,2024,0.0,121.0,116.0,123.57005597730964
19,2024-05-15 18:00:00,1403/02/26,125,LF1,3,21,62.0,11.0,9.0,128.0,117.3,1.229537102,19,2,5,2024,0.0,121.0,118.0,120.32
20,2024-05-15 19:00:00,1403/02/26,124,LF1,3,20,64.0,11.0,9.0,128.0,118.1,1.217380739,20,2,5,2024,0.0,124.0,118.0,120.32
21,2024-05-15 20:00:00,1403/02/26,127,LF1,3,20,65.0,11.0,9.0,128.0,118.1,1.205801562,21,2,5,2024,0.0,124.0,121.0,120.32
22,2024-05-15 21:00:00,1403/02/26,127,LF1,3,19,62.0,11.0,9.0,128.0,119.0,1.160356903,22,2,5,2024,0.0,124.0,120.0,121.37985421387833
23,2024-05-15 22:00:00,1403/02/26,124,LF1,3,20,56.0,11.0,9.0,128.0,119.0,1.052423005,23,2,5,2024,0.0,124.0,122.0,120.7727765153304
24,2024-05-15 23:00:00,1403/02/27,126,LF1,3,19,62.0,10.9,8.9,128.0,119.0,0.937471238,24,2,5,2024,0.0,110.0,122.0,123.3756588185685
1,2024-05-16 00:00:00,1403/02/27,127,LF1,3,20,66.0,11.0,9.0,128.0,123.0,0.8443027,1,3,5,2024,110.0,0.0,122.0,120.32
2,2024-05-16 01:00:00,1403/02/27,126,LF1,3,20,54.0,11.0,9.0,128.0,123.0,0.772228053,2,3,5,2024,110.0,0.0,122.0,120.32
3,2024-05-16 02:00:00,1403/02/27,126,LF1,3,19,69.0,10.3,8.9,128.0,123.0,0.709934496,3,3,5,2024,115.0,0.0,123.0,120.32
4,2024-05-16 03:00:00,1403/02/27,118,LF1,3,18,72.0,10.3,8.9,128.0,123.0,0.659413583,4,3,5,2024,110.0,0.0,124.0,120.32
5,2024-05-16 04:00:00,1403/02/27,118,LF1,3,18,72.0,10.3,8.9,128.0,123.0,0.643961561,5,3,5,2024,107.0,0.0,125.0,120.32
6,2024-05-16 05:00:00,1403/02/27,118,LF1,3,20,53.0,10.3,8.9,128.0,123.0,0.659348091,6,3,5,2024,97.0,0.0,124.0,120.32
7,2024-05-16 06:00:00,1403/02/27,118,LF1,3,20,67.0,10.8,9.1,128.0,120.5,0.703329503,7,3,5,2024,116.0,0.0,123.0,121.0497846357492
8,2024-05-16 07:00:00,1403/02/27,118,LF1,3,22,62.0,10.8,9.1,128.0,118.8,0.788223431,8,3,5,2024,124.0,0.0,122.0,120.55245425004273
9,2024-05-16 08:00:00,1403/02/27,118,LF1,3,24,42.0,10.8,9.1,128.0,117.1,0.933752418,9,3,5,2024,122.0,0.0,120.0,120.60004209765711
10,2024-05-16 09:00:00,1403/02/27,118,LF1,3,25,43.0,10.8,9.1,128.0,116.3,1.095922521,10,3,5,2024,119.0,0.0,121.0,120.3822354303578
11,2024-05-16 10:00:00,1403/02/27,122,LF1,3,28,24.0,10.2,9.1,128.0,115.5,1.238946968,11,3,5,2024,116.0,0.0,122.0,120.8043156612546
12,2024-05-16 11:00:00,1403/02/27,121,LF1,3,27,36.0,10.2,9.1,128.0,114.6,1.356806178,12,3,5,2024,121.0,0.0,119.0,121.10894653755311
13,2024-05-16 12:00:00,1403/02/27,122,LF1,3,29,30.0,10.2,9.1,128.0,113.8,1.436267838,13,3,5,2024,120.0,0.0,120.0,121.23988825342231
14,2024-05-16 13:00:00,1403/02/27,122,LF1,3,26,35.0,10.2,9.1,128.0,113.0,1.452484174,14,3,5,2024,119.0,0.0,121.0,121.40731297928761
15,2024-05-16 14:00:00,1403/02/27,124,LF1,3,25,42.0,10.5,9.1,128.0,113.0,1.417670902,15,3,5,2024,119.0,0.0,121.0,121.48613173389714
16,2024-05-16 15:00:00,1403/02/27,122,LF1,3,26,38.0,10.5,9.1,128.0,113.8,1.335249631,16,3,5,2024,121.0,0.0,120.0,121.43251174076184
17,2024-05-16 16:00:00,1403/02/27,122,LF1,3,26,42.0,10.5,9.1,128.0,115.5,1.255675039,17,3,5,2024,126.0,0.0,121.0,121.68813481102532
18,2024-05-16 17:00:00,1403/02/27,123,LF1,3,24,46.0,10.5,9.1,128.0,116.5,1.232135071,18,3,5,2024,125.0,0.0,121.0,122.01344786673732
19,2024-05-16 18:00:00,1403/02/27,124,LF1,3,22,55.0,11.0,9.1,128.0,117.3,1.221467827,19,3,5,2024,125.0,0.0,121.0,123.07107598906393
20,2024-05-16 19:00:00,1403/02/27,125,LF1,3,22,60.0,11.0,9.1,128.0,118.1,1.214356708,20,3,5,2024,124.0,0.0,124.0,123.95768642334453
21,2024-05-16 20:00:00,1403/02/27,126,LF1,3,21,65.0,11.0,9.1,128.0,118.1,1.207585523,21,3,5,2024,127.0,0.0,124.0,124.03002702169384
22,2024-05-16 21:00:00,1403/02/27,126,LF1,3,21,61.0,11.0,9.1,128.0,119.0,1.166128871,22,3,5,2024,127.0,0.0,124.0,124.03002702169384
23,2024-05-16 22:00:00,1403/02/27,126,LF1,3,21,61.0,11.0,9.1,128.0,119.0,1.062719899,23,3,5,2024,124.0,0.0,124.0,123.98027369940928
24,2024-05-16 23:00:00,1403/02/28,127,LF1,3,19,73.0,11.0,9.0,128.0,119.0,0.905044746,24,3,5,2024,126.0,0.0,110.0,123.77909057430875
1,2024-05-17 00:00:00,1403/02/28,128,LF1,3,19,82.0,11.0,9.1,128.0,123.0,0.816257815,1,4,5,2024,127.0,110.0,0.0,121.2631887856842
2,2024-05-17 01:00:00,1403/02/28,128,LF1,3,19,76.0,11.0,9.1,128.0,123.0,0.746935599,2,4,5,2024,126.0,110.0,0.0,121.02865641878705
3,2024-05-17 02:00:00,1403/02/28,128,LF1,3,18,79.0,11.0,9.2,128.0,123.0,0.686754728,3,4,5,2024,126.0,115.0,0.0,121.18946733109891
4,2024-05-17 03:00:00,1403/02/28,128,LF1,3,18,80.0,11.0,9.2,128.0,123.0,0.637782966,4,4,5,2024,118.0,110.0,0.0,121.15235129782602
5,2024-05-17 04:00:00,1403/02/28,128,LF1,3,18,78.0,11.0,9.2,128.0,123.0,0.622171765,5,4,5,2024,118.0,107.0,0.0,120.85357559349933
6,2024-05-17 05:00:00,1403/02/28,110,LF1,3,18,72.0,11.0,9.2,128.0,123.0,0.636688325,6,4,5,2024,118.0,97.0,0.0,120.32
7,2024-05-17 06:00:00,1403/02/28,110,LF1,3,19,72.0,10.8,9.1,128.0,120.5,0.678343506,7,4,5,2024,118.0,116.0,0.0,120.32
8,2024-05-17 07:00:00,1403/02/28,116,LF1,3,20,66.0,10.8,9.1,128.0,118.8,0.759156825,8,4,5,2024,118.0,124.0,0.0,120.32
9,2024-05-17 08:00:00,1403/02/28,116,LF1,3,22,56.0,10.8,9.1,128.0,117.1,0.894860524,9,4,5,2024,118.0,122.0,0.0,120.32
10,2024-05-17 09:00:00,1403/02/28,125,LF1,3,25,42.0,10.8,9.1,128.0,116.3,1.044353074,10,4,5,2024,118.0,119.0,0.0,120.32
11,2024-05-17 10:00:00,1403/02/28,123,LF1,3,27,36.0,10.8,8.8,128.0,115.5,1.174233101,11,4,5,2024,122.0,116.0,0.0,120.35164980631168
12,2024-05-17 11:00:00,1403/02/28,120,LF1,3,29,29.0,10.8,8.8,128.0,114.6,1.277790435,12,4,5,2024,121.0,121.0,0.0,121.04197085401066
13,2024-05-17 12:00:00,1403/02/28,120,LF1,3,31,24.0,10.8,8.8,128.0,113.8,1.349407258,13,4,5,2024,122.0,120.0,0.0,120.35825264991993
14,2024-05-17 13:00:00,1403/02/28,119,LF1,3,32,22.0,10.8,8.8,128.0,113.0,1.369780359,14,4,5,2024,122.0,119.0,0.0,120.32
15,2024-05-17 14:00:00,1403/02/28,118,LF1,3,33,20.0,10.5,8.8,128.0,113.0,1.340626008,15,4,5,2024,124.0,119.0,0.0,120.32
16,2024-05-17 15:00:00,1403/02/28,118,LF1,3,33,19.0,10.5,8.8,128.0,113.8,1.265116776,16,4,5,2024,122.0,121.0,0.0,120.32
17,2024-05-17 16:00:00,1403/02/28,119,LF1,3,32,20.0,10.5,8.8,128.0,115.5,1.194420629,17,4,5,2024,122.0,126.0,0.0,120.32
18,2024-05-17 17:00:00,1403/02/28,117,LF1,3,30,27.0,10.5,8.8,128.0,116.5,1.175540058,18,4,5,2024,123.0,125.0,0.0,120.36265363882876
19,2024-05-17 18:00:00,1403/02/28,118,LF1,3,28,29.0,10.6,8.9,128.0,117.3,1.169561026,19,4,5,2024,124.0,125.0,0.0,120.32
20,2024-05-17 19:00:00,1403/02/28,120,LF1,3,24,39.0,10.6,8.9,128.0,118.1,1.166834702,20,4,5,2024,125.0,124.0,0.0,120.88409665424548
21,2024-05-17 20:00:00,1403/02/28,121,LF1,3,24,39.0,10.6,8.9,128.0,118.1,1.16308962,21,4,5,2024,126.0,127.0,0.0,120.32
22,2024-05-17 21:00:00,1403/02/28,122,LF1,3,22,41.0,10.6,8.9,128.0,119.0,1.125615703,22,4,5,2024,126.0,127.0,0.0,120.32525712840477
23,2024-05-17 22:00:00,1403/02/28,108,LF1,3,21,48.0,10.0,8.4,128.0,119.0,1.025609463,23,4,5,2024,126.0,124.0,0.0,121.77206328593365
24,2024-05-17 23:00:00,1403/02/29,110,LF1,3,20,50.0,11.0,9.1,128.0,119.0,0.962756918,24,4,5,2024,127.0,126.0,0.0,121.63559055975296
1,2024-05-18 00:00:00,1403/02/29,110,LF1,3,19,54.0,10.0,8.4,128.0,123.0,0.867920914,1,5,5,2024,128.0,127.0,110.0,120.32
2,2024-05-18 01:00:00,1403/02/29,110,LF1,3,18,59.0,10.0,8.4,128.0,123.0,0.794080097,2,5,5,2024,128.0,126.0,110.0,120.32
3,2024-05-18 02:00:00,1403/02/29,110,LF1,3,18,63.0,10.1,8.5,128.0,123.0,0.730413701,3,5,5,2024,128.0,126.0,115.0,120.32
4,2024-05-18 03:00:00,1403/02/29,112,LF1,3,17,66.0,10.1,8.5,128.0,123.0,0.679449782,4,5,5,2024,128.0,118.0,110.0,120.32
5,2024-05-18 04:00:00,1403/02/29,112,LF1,3,17,67.0,10.1,8.5,128.0,123.0,0.66365765,5,5,5,2024,128.0,118.0,107.0,120.32
6,2024-05-18 05:00:00,1403/02/29,112,LF1,3,18,64.0,10.1,8.5,128.0,123.0,0.680764186,6,5,5,2024,110.0,118.0,97.0,120.32
7,2024-05-18 06:00:00,1403/02/29,112,LF1,3,21,54.0,10.8,9.0,128.0,120.5,0.727562715,7,5,5,2024,110.0,118.0,116.0,120.32
8,2024-05-18 07:00:00,1403/02/29,112,LF1,3,24,40.0,10.8,9.0,128.0,118.8,0.817337375,8,5,5,2024,116.0,118.0,124.0,120.32
9,2024-05-18 08:00:00,1403/02/29,112,LF1,3,27,28.0,10.8,9.0,128.0,117.1,0.968475477,9,5,5,2024,116.0,118.0,122.0,120.32
10,2024-05-18 09:00:00,1403/02/29,112,LF1,3,30,19.0,10.8,9.0,128.0,116.3,1.141637719,10,5,5,2024,125.0,118.0,119.0,120.32
11,2024-05-18 10:00:00,1403/02/29,110,LF1,3,32,14.0,9.8,8.2,128.0,115.5,1.292247936,11,5,5,2024,123.0,122.0,116.0,120.32
12,2024-05-18 11:00:00,1403/02/29,105,LF1,3,32,13.0,9.8,8.2,128.0,114.6,1.408699009,12,5,5,2024,120.0,121.0,121.0,120.32
13,2024-05-18 12:00:00,1403/02/29,105,LF1,3,33,13.0,9.8,8.2,128.0,113.8,1.480816873,13,5,5,2024,120.0,122.0,120.0,120.32
14,2024-05-18 13:00:00,1403/02/29,105,LF1,3,33,11.0,9.8,8.2,128.0,113.0,1.488261155,14,5,5,2024,119.0,122.0,119.0,120.32
15,2024-05-18 14:00:00,1403/02/29,105,LF1,3,34,11.0,9.8,8.2,128.0,113.0,1.434550949,15,5,5,2024,118.0,124.0,119.0,120.32
16,2024-05-18 15:00:00,1403/02/29,105,LF1,3,33,13.0,9.8,8.2,128.0,113.8,1.338099053,16,5,5,2024,118.0,122.0,121.0,120.32
17,2024-05-18 16:00:00,1403/02/29,105,LF1,3,32,14.0,9.8,8.2,128.0,115.5,1.249172328,17,5,5,2024,119.0,122.0,126.0,120.32
18,2024-05-18 17:00:00,1403/02/29,105,LF1,3,29,20.0,9.8,8.2,128.0,116.5,1.217060942,18,5,5,2024,117.0,123.0,125.0,120.32
19,2024-05-18 18:00:00,1403/02/29,120,LF1,3,25,26.0,10.5,8.9,128.0,117.3,1.204547086,19,5,5,2024,118.0,124.0,125.0,120.32
20,2024-05-18 19:00:00,1403/02/29,120,LF1,3,23,27.0,10.5,8.9,128.0,118.1,1.196151719,20,5,5,2024,120.0,125.0,124.0,120.32
21,2024-05-18 20:00:00,1403/02/29,121,LF1,3,22,27.0,10.5,8.9,128.0,118.1,1.190516985,21,5,5,2024,121.0,126.0,127.0,120.32
22,2024-05-18 21:00:00,1403/02/29,124,LF1,3,21,30.0,10.5,8.9,128.0,119.0,1.171267538,22,5,5,2024,122.0,126.0,127.0,120.32
23,2024-05-18 22:00:00,1403/02/29,124,LF1,3,19,31.0,10.9,9.1,128.0,119.0,1.080652201,23,5,5,2024,108.0,126.0,124.0,120.32
24,2024-05-18 23:00:00,1403/02/30,124,LF1,3,19,35.0,10.0,8.4,128.0,119.0,0.975242426,24,5,5,2024,110.0,127.0,126.0,120.32
1,2024-05-19 00:00:00,1403/02/30,127,LF1,3,17,43.0,10.9,9.1,128.0,123.8,0.885601498,1,6,5,2024,110.0,128.0,127.0,120.32
2,2024-05-19 01:00:00,1403/02/30,128,LF1,3,16,40.0,10.9,9.1,128.0,123.8,0.813629964,2,6,5,2024,110.0,128.0,126.0,120.32
3,2024-05-19 02:00:00,1403/02/30,127,LF1,3,16,37.0,10.9,9.1,128.0,123.8,0.747265671,3,6,5,2024,110.0,128.0,126.0,120.32
4,2024-05-19 03:00:00,1403/02/30,127,LF1,3,14,42.0,10.9,9.1,128.0,123.8,0.695005105,4,6,5,2024,112.0,128.0,118.0,120.32
5,2024-05-19 04:00:00,1403/02/30,120,LF1,3,15,40.0,10.9,9.1,128.0,123.8,0.678780685,5,6,5,2024,112.0,128.0,118.0,120.32
6,2024-05-19 05:00:00,1403/02/30,121,LF1,3,16,38.0,10.9,9.1,128.0,123.0,0.697476095,6,6,5,2024,112.0,110.0,118.0,120.32
7,2024-05-19 06:00:00,1403/02/30,128,LF1,3,21,36.0,10.8,9.1,128.0,121.3,0.748483484,7,6,5,2024,112.0,110.0,118.0,120.32
8,2024-05-19 07:00:00,1403/02/30,125,LF1,3,24,22.0,10.8,9.1,128.0,119.6,0.845039113,8,6,5,2024,112.0,116.0,118.0,120.32
9,2024-05-19 08:00:00,1403/02/30,120,LF1,3,27,18.0,10.8,9.1,128.0,118.8,1.010267649,9,6,5,2024,112.0,116.0,118.0,120.32
10,2024-05-19 09:00:00,1403/02/30,115,LF1,3,29,11.0,10.8,9.1,128.0,117.1,1.210716031,10,6,5,2024,112.0,125.0,118.0,120.32
11,2024-05-19 10:00:00,1403/02/30,112,LF1,3,32,7.0,10.7,8.8,128.0,116.3,1.39509751,11,6,5,2024,110.0,123.0,122.0,120.32
12,2024-05-19 11:00:00,1403/02/30,117,LF1,3,33,8.0,10.7,8.8,128.0,115.5,1.54709315,12,6,5,2024,105.0,120.0,121.0,120.32
13,2024-05-19 12:00:00,1403/02/30,116,LF1,3,33,8.0,10.7,8.8,128.0,115.5,1.646166405,13,6,5,2024,105.0,120.0,122.0,120.32
14,2024-05-19 13:00:00,1403/02/30,113,LF1,3,33,10.0,10.7,8.8,128.0,114.6,1.654077673,14,6,5,2024,105.0,119.0,122.0,120.32
15,2024-05-19 14:00:00,1403/02/30,113,LF1,3,33,11.0,10.2,8.4,128.0,114.6,1.57459372,15,6,5,2024,105.0,118.0,124.0,120.32
16,2024-05-19 15:00:00,1403/02/30,113,LF1,3,33,11.0,10.2,8.4,128.0,114.6,1.444326682,16,6,5,2024,105.0,118.0,122.0,120.32
17,2024-05-19 16:00:00,1403/02/30,113,LF1,3,33,13.0,10.2,8.4,128.0,116.3,1.318023941,17,6,5,2024,105.0,119.0,122.0,120.32
18,2024-05-19 17:00:00,1403/02/30,118,LF1,3,31,17.0,10.2,8.4,128.0,116.5,1.267682314,18,6,5,2024,105.0,117.0,123.0,120.32
19,2024-05-19 18:00:00,1403/02/30,119,LF1,3,28,20.0,10.7,8.9,128.0,117.3,1.246522469,19,6,5,2024,120.0,118.0,124.0,120.32
20,2024-05-19 19:00:00,1403/02/30,118,LF1,3,24,24.0,10.7,8.9,128.0,117.3,1.228089947,20,6,5,2024,120.0,120.0,125.0,120.32
21,2024-05-19 20:00:00,1403/02/30,120,LF1,3,22,29.0,10.7,8.9,128.0,118.1,1.214531103,21,6,5,2024,121.0,121.0,126.0,120.32
22,2024-05-19 21:00:00,1403/02/30,120,LF1,3,22,27.0,10.7,8.9,128.0,119.8,1.193257568,22,6,5,2024,124.0,122.0,126.0,120.32
23,2024-05-19 22:00:00,1403/02/30,113,LF1,3,20,38.0,10.7,8.9,128.0,119.8,1.09581228,23,6,5,2024,124.0,108.0,126.0,120.6628601710418
24,2024-05-19 23:00:00,1403/02/31,113,LF1,3,20,40.0,10.9,9.1,128.0,119.8,0.983481248,24,6,5,2024,124.0,110.0,127.0,120.32
1,2024-05-20 00:00:00,1403/02/31,127,FA,3,18,41.0,9.4,7.3,128.0,0.0,0.892453488,1,0,5,2024,127.0,110.0,128.0,120.32
2,2024-05-20 01:00:00,1403/02/31,128,FA,3,18,40.0,9.4,7.3,128.0,0.0,0.818669348,2,0,5,2024,128.0,110.0,128.0,120.32
3,2024-05-20 02:00:00,1403/02/31,127,FA,3,15,45.0,9.4,7.3,128.0,0.0,0.750867742,3,0,5,2024,127.0,110.0,128.0,120.32
4,2024-05-20 03:00:00,1403/02/31,127,SO,3,15,43.0,9.4,7.3,128.0,123.8,0.699250064,4,0,5,2024,127.0,112.0,128.0,120.32
5,2024-05-20 04:00:00,1403/02/31,120,SO,3,14,45.0,9.4,7.3,128.0,123.8,0.684216015,5,0,5,2024,120.0,112.0,128.0,120.32
6,2024-05-20 05:00:00,1403/02/31,121,SO,3,15,34.0,9.4,7.3,128.0,123.0,0.704012943,6,0,5,2024,121.0,112.0,110.0,120.32
7,2024-05-20 06:00:00,1403/02/31,128,SO,3,19,37.0,11.1,8.9,128.0,121.3,0.758104278,7,0,5,2024,128.0,112.0,110.0,120.32
8,2024-05-20 07:00:00,1403/02/31,125,SO,3,26,17.0,11.1,8.9,128.0,119.6,0.860243656,8,0,5,2024,125.0,112.0,116.0,120.32
9,2024-05-20 08:00:00,1403/02/31,120,SO,3,29,13.0,11.1,8.9,128.0,118.8,1.03597528,9,0,5,2024,120.0,112.0,116.0,120.32
10,2024-05-20 09:00:00,1403/02/31,115,SO,3,31,10.0,11.1,8.9,128.0,117.1,1.258754814,10,0,5,2024,115.0,112.0,125.0,120.32
11,2024-05-20 10:00:00,1403/02/31,112,SO,3,33,8.0,10.4,8.7,128.0,116.3,1.4730544,11,0,5,2024,112.0,110.0,123.0,120.32
12,2024-05-20 11:00:00,1403/02/31,117,SO,3,34,8.0,10.4,8.7,128.0,115.5,1.659872773,12,0,5,2024,117.0,105.0,120.0,120.32
13,2024-05-20 12:00:00,1403/02/31,116,SO,3,35,8.0,10.4,8.7,128.0,115.5,1.788912309,13,0,5,2024,116.0,105.0,120.0,120.32
14,2024-05-20 13:00:00,1403/02/31,113,SO,3,35,9.0,10.4,8.7,128.0,114.6,1.807077337,14,0,5,2024,113.0,105.0,119.0,120.32
15,2024-05-20 14:00:00,1403/02/31,113,LF1,3,35,9.0,9.9,8.4,128.0,114.6,1.713517368,15,0,5,2024,113.0,105.0,118.0,120.32
16,2024-05-20 15:00:00,1403/02/31,113,LF1,3,35,9.0,9.9,8.4,128.0,114.6,1.562254085,16,0,5,2024,113.0,105.0,118.0,120.32
17,2024-05-20 16:00:00,1403/02/31,113,LF1,3,33,13.0,9.9,8.4,128.0,116.3,1.412440001,17,0,5,2024,113.0,105.0,119.0,120.32
18,2024-05-20 17:00:00,1403/02/31,118,LF1,3,27,19.0,9.9,8.4,128.0,116.5,1.348418999,18,0,5,2024,118.0,105.0,117.0,120.32
19,2024-05-20 18:00:00,1403/02/31,119,LF1,3,26,20.0,10.4,8.8,128.0,117.3,1.317507501,19,0,5,2024,119.0,120.0,118.0,120.32
20,2024-05-20 19:00:00,1403/02/31,118,LF1,3,25,22.0,10.4,8.8,128.0,117.3,1.288967992,20,0,5,2024,118.0,120.0,120.0,120.32
21,2024-05-20 20:00:00,1403/02/31,120,LF1,3,25,23.0,10.4,8.8,128.0,118.1,1.262405235,21,0,5,2024,120.0,121.0,121.0,120.32
22,2024-05-20 21:00:00,1403/02/31,120,LF1,3,22,24.0,10.4,8.8,128.0,119.8,1.233117144,22,0,5,2024,120.0,124.0,122.0,120.32
23,2024-05-20 22:00:00,1403/02/31,113,LF1,3,21,28.0,10.9,8.8,128.0,119.8,1.124725174,23,0,5,2024,113.0,124.0,108.0,120.32
24,2024-05-20 23:00:00,1403/03/01,113,LF1,3,20,33.0,10.7,8.9,121.0,119.8,1.002455504,24,0,5,2024,113.0,124.0,110.0,118.81791355441025
1,2024-05-21 00:00:00,1403/03/01,114,LF1,3,18,33.0,10.9,8.8,121.0,123.8,0.906366901,1,1,5,2024,127.0,127.0,110.0,117.51850245159144
2,2024-05-21 01:00:00,1403/03/01,114,LF1,3,17,37.0,10.9,8.8,121.0,123.8,0.829911902,2,1,5,2024,128.0,128.0,110.0,116.8657177682075
3,2024-05-21 02:00:00,1403/03/01,114,LF1,3,16,33.0,10.5,8.8,121.0,123.8,0.759358316,3,1,5,2024,127.0,127.0,110.0,116.58730862840993
4,2024-05-21 03:00:00,1403/03/01,114,LF1,3,15,32.0,10.5,8.8,121.0,123.8,0.706700101,4,1,5,2024,127.0,127.0,112.0,116.89964050113193
5,2024-05-21 04:00:00,1403/03/01,114,LF1,3,15,40.0,10.5,8.8,121.0,123.8,0.692962471,5,1,5,2024,120.0,120.0,112.0,115.98452339852443
6,2024-05-21 05:00:00,1403/03/01,114,LF1,3,18,38.0,10.5,8.8,121.0,123.0,0.715569342,6,1,5,2024,121.0,121.0,112.0,115.70520349689806
7,2024-05-21 06:00:00,1403/03/01,114,LF1,3,21,33.0,10.9,9.0,121.0,120.5,0.774780389,7,1,5,2024,128.0,128.0,112.0,116.26278878698635
8,2024-05-21 07:00:00,1403/03/01,121,LF1,3,26,20.0,10.9,9.0,121.0,118.0,0.887074744,8,1,5,2024,125.0,125.0,112.0,116.21119552453588
9,2024-05-21 08:00:00,1403/03/01,121,LF1,3,31,13.0,10.9,9.0,121.0,116.3,1.08292234,9,1,5,2024,120.0,120.0,112.0,115.49841199220359
10,2024-05-21 09:00:00,1403/03/01,118,LF1,3,32,9.0,10.9,9.0,121.0,115.5,1.336388665,10,1,5,2024,115.0,115.0,112.0,114.54085935684208
11,2024-05-21 10:00:00,1403/03/01,113,LF1,3,34,6.0,10.9,8.7,121.0,114.6,1.581171851,11,1,5,2024,112.0,112.0,110.0,113.74
12,2024-05-21 11:00:00,1403/03/01,115,LF1,3,35,6.0,10.9,8.7,121.0,114.6,1.798407809,12,1,5,2024,117.0,117.0,105.0,114.76042090118828
13,2024-05-21 12:00:00,1403/03/01,111,LF1,3,35,7.0,10.9,8.7,121.0,114.6,1.945344731,13,1,5,2024,116.0,116.0,105.0,114.19279220118239
14,2024-05-21 13:00:00,1403/03/01,111,LF1,3,36,7.0,10.9,8.7,121.0,113.8,1.967052716,14,1,5,2024,113.0,113.0,105.0,113.74
15,2024-05-21 14:00:00,1403/03/01,111,LF1,3,36,7.0,9.5,8.0,121.0,113.8,1.860519112,15,1,5,2024,113.0,113.0,105.0,113.74
16,2024-05-21 15:00:00,1403/03/01,100,LF1,3,36,8.0,9.5,8.0,121.0,113.8,1.69068215,16,1,5,2024,113.0,113.0,105.0,113.74
17,2024-05-21 16:00:00,1403/03/01,110,LF1,3,35,10.0,9.5,8.0,121.0,113.8,1.523370554,17,1,5,2024,113.0,113.0,105.0,113.74
18,2024-05-21 17:00:00,1403/03/01,115,LF1,3,33,11.0,9.5,8.0,121.0,114.0,1.452208344,18,1,5,2024,118.0,118.0,105.0,113.74
19,2024-05-21 18:00:00,1403/03/01,116,LF1,3,31,14.0,10.5,8.7,121.0,114.8,1.413075696,19,1,5,2024,119.0,119.0,120.0,114.80702042256917
20,2024-05-21 19:00:00,1403/03/01,117,LF1,3,26,21.0,10.5,8.7,121.0,116.5,1.374537123,20,1,5,2024,118.0,118.0,120.0,116.54167417301048
21,2024-05-21 20:00:00,1403/03/01,118,LF1,3,25,24.0,10.5,8.7,121.0,117.3,1.339286133,21,1,5,2024,120.0,120.0,121.0,116.54889974679844
22,2024-05-21 21:00:00,1403/03/01,119,LF1,3,23,23.0,10.5,8.7,121.0,117.3,1.296720972,22,1,5,2024,120.0,120.0,124.0,116.49878986059154
23,2024-05-21 22:00:00,1403/03/01,120,LF1,3,22,28.0,10.9,8.9,121.0,118.1,1.169378962,23,1,5,2024,113.0,113.0,124.0,115.89467395767484
24,2024-05-21 23:00:00,1403/03/02,121,LF1,3,21,31.0,10.9,8.8,121.0,118.1,1.031281404,24,1,5,2024,113.0,113.0,124.0,115.88390254884436
1,2024-05-22 00:00:00,1403/03/02,121,LF1,3,20,32.0,10.9,8.9,121.0,123.8,0.926768793,1,2,5,2024,114.0,127.0,127.0,117.14074632368197
2,2024-05-22 01:00:00,1403/03/02,123,LF1,3,19,37.0,10.9,8.9,121.0,123.8,0.844754532,2,2,5,2024,114.0,128.0,128.0,116.91706932500105
3,2024-05-22 02:00:00,1403/03/02,124,LF1,3,18,37.0,11.0,8.9,121.0,123.8,0.77047307,3,2,5,2024,114.0,127.0,127.0,116.89302452158702
4,2024-05-22 03:00:00,1403/03/02,114,LF1,3,18,35.0,11.0,8.9,121.0,123.8,0.715020509,4,2,5,2024,114.0,127.0,127.0,116.86182230254542
5,2024-05-22 04:00:00,1403/03/02,114,LF1,3,17,38.0,11.0,8.9,121.0,123.8,0.69935432,5,2,5,2024,114.0,120.0,120.0,115.30506857299073
6,2024-05-22 05:00:00,1403/03/02,114,LF1,3,18,38.0,11.0,8.9,121.0,123.0,0.719745224,6,2,5,2024,114.0,121.0,121.0,114.42544374000113
7,2024-05-22 06:00:00,1403/03/02,114,LF1,3,23,30.0,10.8,8.8,121.0,120.5,0.777157916,7,2,5,2024,114.0,128.0,128.0,116.10029231067813
8,2024-05-22 07:00:00,1403/03/02,114,LF1,3,27,16.0,10.8,8.8,121.0,118.0,0.888701859,8,2,5,2024,121.0,125.0,125.0,116.28892620705071
9,2024-05-22 08:00:00,1403/03/02,110,LF1,3,32,12.0,10.8,8.8,121.0,116.3,1.084618444,9,2,5,2024,121.0,120.0,120.0,114.68644276840789
10,2024-05-22 09:00:00,1403/03/02,110,LF1,3,34,10.0,10.8,8.8,121.0,115.5,1.339405771,10,2,5,2024,118.0,115.0,115.0,113.96172633027442
11,2024-05-22 10:00:00,1403/03/02,100,LF1,3,36,7.0,10.8,8.8,121.0,114.6,1.590835064,11,2,5,2024,113.0,112.0,112.0,113.74
12,2024-05-22 11:00:00,1403/03/02,95,LF1,3,36,6.0,10.8,8.8,121.0,114.6,1.816380575,12,2,5,2024,115.0,117.0,117.0,113.85279338692234
13,2024-05-22 12:00:00,1403/03/02,100,LF1,3,37,7.0,10.8,8.8,121.0,114.6,1.975691712,13,2,5,2024,111.0,116.0,116.0,113.74
14,2024-05-22 13:00:00,1403/03/02,100,LF1,3,37,7.0,10.8,8.8,121.0,113.8,1.993893174,14,2,5,2024,111.0,113.0,113.0,113.74
15,2024-05-22 14:00:00,1403/03/02,100,LF1,3,37,7.0,10.0,8.0,121.0,113.8,1.875509243,15,2,5,2024,111.0,113.0,113.0,113.74
16,2024-05-22 15:00:00,1403/03/02,100,LF1,3,36,10.0,10.0,8.0,121.0,113.8,1.69920603,16,2,5,2024,100.0,113.0,113.0,113.74
17,2024-05-22 16:00:00,1403/03/02,100,LF1,3,35,9.0,10.0,8.0,121.0,113.8,1.536525581,17,2,5,2024,110.0,113.0,113.0,113.74
18,2024-05-22 17:00:00,1403/03/02,100,LF1,3,34,11.0,10.0,8.0,121.0,114.0,1.467193668,18,2,5,2024,115.0,118.0,118.0,113.74
19,2024-05-22 18:00:00,1403/03/02,100,LF1,3,30,16.0,11.0,8.7,121.0,114.8,1.430298255,19,2,5,2024,116.0,119.0,119.0,113.74
20,2024-05-22 19:00:00,1403/03/02,116,LF1,3,26,16.0,11.0,8.7,121.0,116.5,1.397526682,20,2,5,2024,117.0,118.0,118.0,114.2428484575749
21,2024-05-22 20:00:00,1403/03/02,117,LF1,3,26,19.0,11.0,8.7,121.0,117.3,1.367856071,21,2,5,2024,118.0,120.0,120.0,114.2428484575749
22,2024-05-22 21:00:00,1403/03/02,119,LF1,3,23,23.0,11.0,8.7,121.0,117.3,1.326502741,22,2,5,2024,119.0,120.0,120.0,114.71523925653793
23,2024-05-22 22:00:00,1403/03/02,121,LF1,3,22,25.0,11.1,8.9,121.0,118.1,1.19423499,23,2,5,2024,120.0,113.0,113.0,115.18552467766193
24,2024-05-22 23:00:00,1403/03/03,121,LF1,3,21,24.0,10.9,8.9,121.0,118.1,1.051482831,24,2,5,2024,121.0,113.0,113.0,115.12430210450054
1,2024-05-23 00:00:00,1403/03/03,121,LF1,3,19,24.0,11.1,8.9,121.0,123.8,0.943512427,1,3,5,2024,121.0,114.0,127.0,113.74
2,2024-05-23 01:00:00,1403/03/03,122,LF1,3,19,32.0,11.1,8.9,121.0,123.8,0.858193256,2,3,5,2024,123.0,114.0,128.0,113.74
3,2024-05-23 02:00:00,1403/03/03,118,LF1,3,19,32.0,11.1,8.9,121.0,123.8,0.780559492,3,3,5,2024,124.0,114.0,127.0,113.74
4,2024-05-23 03:00:00,1403/03/03,116,LF1,3,18,39.0,11.1,8.9,121.0,123.8,0.722451727,4,3,5,2024,114.0,114.0,127.0,113.74
5,2024-05-23 04:00:00,1403/03/03,118,LF1,3,19,37.0,11.1,8.9,121.0,123.8,0.703921095,5,3,5,2024,114.0,114.0,120.0,113.74
6,2024-05-23 05:00:00,1403/03/03,120,LF1,3,20,36.0,11.1,8.9,121.0,123.0,0.720172681,6,3,5,2024,114.0,114.0,121.0,113.74
7,2024-05-23 06:00:00,1403/03/03,122,LF1,3,21,35.0,11.0,9.0,121.0,120.5,0.773220047,7,3,5,2024,114.0,114.0,128.0,113.74
8,2024-05-23 07:00:00,1403/03/03,115,LF1,3,28,20.0,11.0,9.0,121.0,118.0,0.879685104,8,3,5,2024,114.0,121.0,125.0,113.74
9,2024-05-23 08:00:00,1403/03/03,110,LF1,3,31,14.0,11.0,9.0,121.0,116.3,1.06677357,9,3,5,2024,110.0,121.0,120.0,113.74
10,2024-05-23 09:00:00,1403/03/03,110,LF1,3,33,8.0,11.0,9.0,121.0,115.5,1.312009095,10,3,5,2024,110.0,118.0,115.0,113.74
11,2024-05-23 10:00:00,1403/03/03,110,LF1,3,34,6.0,10.8,8.6,121.0,114.6,1.563873179,11,3,5,2024,100.0,113.0,112.0,113.74
12,2024-05-23 11:00:00,1403/03/03,110,LF1,3,35,7.0,10.8,8.6,121.0,114.6,1.792724702,12,3,5,2024,95.0,115.0,117.0,113.74
13,2024-05-23 12:00:00,1403/03/03,110,LF1,3,36,7.0,10.8,8.6,121.0,114.6,1.958173003,13,3,5,2024,100.0,111.0,116.0,113.74
14,2024-05-23 13:00:00,1403/03/03,110,LF1,3,35,9.0,10.8,8.6,121.0,113.8,1.988042503,14,3,5,2024,100.0,111.0,113.0,113.74
15,2024-05-23 14:00:00,1403/03/03,110,LF1,3,35,9.0,10.8,8.6,121.0,113.8,1.876762182,15,3,5,2024,100.0,111.0,113.0,113.74
16,2024-05-23 15:00:00,1403/03/03,110,LF1,3,35,13.0,10.8,8.6,121.0,113.8,1.703948214,16,3,5,2024,100.0,100.0,113.0,113.74
17,2024-05-23 16:00:00,1403/03/03,110,LF1,3,33,14.0,10.8,8.6,121.0,113.8,1.548732419,17,3,5,2024,100.0,110.0,113.0,113.74
18,2024-05-23 17:00:00,1403/03/03,115,LF1,3,32,16.0,10.8,8.6,121.0,114.0,1.486287067,18,3,5,2024,100.0,115.0,118.0,113.74
19,2024-05-23 18:00:00,1403/03/03,117,LF1,3,28,20.0,10.9,8.8,121.0,114.8,1.453972346,19,3,5,2024,100.0,116.0,119.0,113.74
20,2024-05-23 19:00:00,1403/03/03,118,LF1,3,26,21.0,10.9,8.8,121.0,116.5,1.4280044,20,3,5,2024,116.0,117.0,118.0,116.64305001024368
21,2024-05-23 20:00:00,1403/03/03,119,LF1,3,25,23.0,10.9,8.8,121.0,117.3,1.406449353,21,3,5,2024,117.0,118.0,120.0,117.38884700905948
22,2024-05-23 21:00:00,1403/03/03,118,LF1,3,23,22.0,10.9,8.8,121.0,117.3,1.359666814,22,3,5,2024,119.0,119.0,120.0,117.2534720090595
23,2024-05-23 22:00:00,1403/03/03,121,LF1,3,23,26.0,11.2,9.0,121.0,118.1,1.219621323,23,3,5,2024,121.0,120.0,113.0,117.396789712866
24,2024-05-23 23:00:00,1403/03/04,122,LF1,3,21,33.0,11.1,8.9,121.0,118.1,1.019600623,24,3,5,2024,121.0,121.0,113.0,118.05142732057412
1,2024-05-24 00:00:00,1403/03/04,121,LF1,3,25,36.0,11.2,9.0,121.0,122.1,0.910848151,1,4,5,2024,121.0,121.0,114.0,117.10770723157617
2,2024-05-24 01:00:00,1403/03/04,121,LF1,3,24,33.0,11.2,9.0,121.0,122.1,0.824406429,2,4,5,2024,122.0,123.0,114.0,117.03270546268041
3,2024-05-24 02:00:00,1403/03/04,121,LF1,3,23,33.0,10.9,8.8,121.0,123.0,0.746805593,3,4,5,2024,118.0,124.0,114.0,117.01717021640766
4,2024-05-24 03:00:00,1403/03/04,124,LF1,3,22,36.0,10.9,8.8,121.0,123.0,0.688689697,4,4,5,2024,116.0,114.0,114.0,115.72060952489711
5,2024-05-24 04:00:00,1403/03/04,115,LF1,3,16,43.0,10.9,8.8,121.0,123.0,0.669043785,5,4,5,2024,118.0,114.0,114.0,115.16392234632782
6,2024-05-24 05:00:00,1403/03/04,116,LF1,3,18,38.0,10.9,8.8,121.0,123.0,0.682602346,6,4,5,2024,120.0,114.0,114.0,113.81203845921131
7,2024-05-24 06:00:00,1403/03/04,116,LF1,3,24,33.0,11.2,8.9,121.0,120.5,0.731822025,7,4,5,2024,122.0,114.0,114.0,114.26591411835895
8,2024-05-24 07:00:00,1403/03/04,114,LF1,3,26,23.0,11.2,8.9,121.0,118.0,0.833244027,8,4,5,2024,115.0,114.0,121.0,114.51563871934371
9,2024-05-24 08:00:00,1403/03/04,112,LF1,3,29,14.0,11.2,8.9,121.0,116.3,1.013827528,9,4,5,2024,110.0,110.0,121.0,113.9993808452356
10,2024-05-24 09:00:00,1403/03/04,118,LF1,3,31,12.0,11.2,8.9,121.0,115.5,1.254007549,10,4,5,2024,110.0,110.0,118.0,114.08717658210382
11,2024-05-24 10:00:00,1403/03/04,115,LF1,3,34,9.0,10.1,8.4,121.0,114.6,1.502488498,11,4,5,2024,110.0,100.0,113.0,113.74
12,2024-05-24 11:00:00,1403/03/04,112,LF1,3,34,9.0,10.1,8.4,121.0,113.8,1.723970997,12,4,5,2024,110.0,95.0,115.0,113.74
13,2024-05-24 12:00:00,1403/03/04,111,LF1,3,35,7.0,10.1,8.4,121.0,113.8,1.870826834,13,4,5,2024,110.0,100.0,111.0,113.74
14,2024-05-24 13:00:00,1403/03/04,100,LF1,3,36,5.0,10.1,8.4,121.0,113.8,1.894166844,14,4,5,2024,110.0,100.0,111.0,113.74
15,2024-05-24 14:00:00,1403/03/04,100,LF1,3,36,6.0,9.8,8.0,121.0,113.8,1.793827918,15,4,5,2024,110.0,100.0,111.0,113.74
16,2024-05-24 15:00:00,1403/03/04,100,LF1,3,36,6.0,9.8,8.0,121.0,113.8,1.631192758,16,4,5,2024,110.0,100.0,100.0,113.74
17,2024-05-24 16:00:00,1403/03/04,95,LF1,3,35,7.0,9.8,8.0,121.0,113.8,1.478631498,17,4,5,2024,110.0,100.0,110.0,113.74
18,2024-05-24 17:00:00,1403/03/04,95,LF1,3,33,12.0,9.8,8.0,121.0,114.0,1.420707427,18,4,5,2024,115.0,100.0,115.0,113.74
19,2024-05-24 18:00:00,1403/03/04,118,LF1,3,30,17.0,11.0,8.8,121.0,114.8,1.391862528,19,4,5,2024,117.0,100.0,116.0,113.74
20,2024-05-24 19:00:00,1403/03/04,118,LF1,3,27,21.0,11.0,8.8,121.0,116.5,1.371026515,20,4,5,2024,118.0,116.0,117.0,115.37915702904405
21,2024-05-24 20:00:00,1403/03/04,118,LF1,3,26,22.0,11.0,8.8,121.0,117.3,1.355068927,21,4,5,2024,119.0,117.0,118.0,116.12408673450153
22,2024-05-24 21:00:00,1403/03/04,118,LF1,3,24,23.0,11.0,8.8,121.0,117.3,1.313121711,22,4,5,2024,118.0,119.0,119.0,116.24577954607562
23,2024-05-24 22:00:00,1403/03/04,119,LF1,3,22,25.0,11.3,8.8,121.0,118.1,1.178282211,23,4,5,2024,121.0,121.0,120.0,117.61901741499346
24,2024-05-24 23:00:00,1403/03/05,120,LF1,3,22,25.0,11.2,9.0,121.0,118.1,1.083555056,24,4,5,2024,122.0,121.0,121.0,117.06891667693552
1,2024-05-25 00:00:00,1403/03/05,121,LF1,3,19,28.0,11.3,8.8,121.0,122.1,0.964094903,1,5,5,2024,121.0,121.0,121.0,115.05084033459664
2,2024-05-25 01:00:00,1403/03/05,114,LF1,3,19,25.0,11.3,8.8,121.0,122.1,0.870575609,2,5,5,2024,121.0,122.0,123.0,114.41389825374762
3,2024-05-25 02:00:00,1403/03/05,114,LF1,3,18,25.0,11.3,9.0,121.0,123.0,0.787235244,3,5,5,2024,121.0,118.0,124.0,113.74
4,2024-05-25 03:00:00,1403/03/05,115,LF1,3,17,32.0,11.3,9.0,121.0,123.0,0.724526645,4,5,5,2024,124.0,116.0,114.0,113.74
5,2024-05-25 04:00:00,1403/03/05,115,LF1,3,17,34.0,11.3,9.0,121.0,123.0,0.703799754,5,5,5,2024,115.0,118.0,114.0,113.74
6,2024-05-25 05:00:00,1403/03/05,115,LF1,3,17,33.0,11.3,9.0,121.0,123.0,0.719310136,6,5,5,2024,116.0,120.0,114.0,113.74
7,2024-05-25 06:00:00,1403/03/05,115,LF1,3,22,29.0,11.2,9.0,121.0,120.5,0.772444319,7,5,5,2024,116.0,122.0,114.0,113.74
8,2024-05-25 07:00:00,1403/03/05,113,LF1,3,29,14.0,11.2,9.0,121.0,118.0,0.882048373,8,5,5,2024,114.0,115.0,114.0,113.74
9,2024-05-25 08:00:00,1403/03/05,119,LF1,3,31,10.0,11.2,9.0,121.0,116.3,1.078374136,9,5,5,2024,112.0,110.0,110.0,113.74
10,2024-05-25 09:00:00,1403/03/05,112,LF1,3,35,7.0,11.2,9.0,121.0,115.5,1.337887095,10,5,5,2024,118.0,110.0,110.0,113.74
11,2024-05-25 10:00:00,1403/03/05,112,LF1,3,35,6.0,9.0,7.4,121.0,114.6,1.606191984,11,5,5,2024,115.0,110.0,100.0,113.74
12,2024-05-25 11:00:00,1403/03/05,90,LF1,3,36,5.0,9.0,7.4,121.0,113.8,1.844547808,12,5,5,2024,112.0,110.0,95.0,113.74
13,2024-05-25 12:00:00,1403/03/05,90,LF1,3,37,4.0,9.0,7.4,121.0,113.8,1.999749439,13,5,5,2024,111.0,110.0,100.0,113.74
14,2024-05-25 13:00:00,1403/03/05,90,LF1,3,38,4.0,9.0,7.4,121.0,113.8,2.020962239,14,5,5,2024,100.0,110.0,100.0,113.74
15,2024-05-25 14:00:00,1403/03/05,90,LF1,3,38,4.0,9.0,7.5,121.0,113.8,1.921915822,15,5,5,2024,100.0,110.0,100.0,113.74
16,2024-05-25 15:00:00,1403/03/05,90,LF1,3,38,6.0,9.0,7.5,121.0,113.8,1.749578938,16,5,5,2024,100.0,110.0,100.0,113.74
17,2024-05-25 16:00:00,1403/03/05,90,LF1,3,38,8.0,9.0,7.5,121.0,113.8,1.58187667,17,5,5,2024,95.0,110.0,100.0,113.74
18,2024-05-25 17:00:00,1403/03/05,90,LF1,3,35,9.0,9.0,7.5,121.0,114.0,1.516140226,18,5,5,2024,95.0,115.0,100.0,113.74
19,2024-05-25 18:00:00,1403/03/05,115,LF1,3,31,12.0,10.1,8.4,121.0,114.8,1.484323663,19,5,5,2024,118.0,117.0,100.0,113.74
20,2024-05-25 19:00:00,1403/03/05,113,LF1,3,26,17.0,10.1,8.4,121.0,116.5,1.459523868,20,5,5,2024,118.0,118.0,116.0,113.74
21,2024-05-25 20:00:00,1403/03/05,118,LF1,3,26,19.0,10.1,8.4,121.0,117.3,1.441515676,21,5,5,2024,118.0,119.0,117.0,113.74
22,2024-05-25 21:00:00,1403/03/05,118,LF1,3,25,20.0,10.1,8.4,121.0,117.3,1.395290423,22,5,5,2024,118.0,118.0,119.0,113.85588077086504
23,2024-05-25 22:00:00,1403/03/05,118,LF1,3,23,21.0,11.4,8.9,121.0,118.1,1.249843397,23,5,5,2024,119.0,121.0,121.0,116.93256854269401
24,2024-05-25 23:00:00,1403/03/06,119,LF1,3,24,20.0,11.3,8.8,121.0,118.1,1.091802894,24,5,5,2024,120.0,122.0,121.0,115.43981465787928
1,2024-05-26 00:00:00,1403/03/06,122,LF1,3,20,24.0,11.4,8.9,121.0,122.1,0.968748312,1,6,5,2024,121.0,121.0,121.0,113.74
2,2024-05-26 01:00:00,1403/03/06,122,LF1,3,19,24.0,11.4,8.9,121.0,122.1,0.871784365,2,6,5,2024,114.0,121.0,122.0,113.74
3,2024-05-26 02:00:00,1403/03/06,123,LF1,3,19,27.0,11.5,9.1,121.0,123.0,0.787900057,3,6,5,2024,114.0,121.0,118.0,113.74
4,2024-05-26 03:00:00,1403/03/06,124,LF1,3,18,23.0,11.5,9.1,121.0,123.0,0.726044867,4,6,5,2024,115.0,124.0,116.0,113.74
5,2024-05-26 04:00:00,1403/03/06,124,LF1,3,17,35.0,11.5,9.1,121.0,123.0,0.705986298,5,6,5,2024,115.0,115.0,118.0,113.74
6,2024-05-26 05:00:00,1403/03/06,124,LF1,3,18,32.0,11.5,9.1,121.0,123.0,0.723773893,6,6,5,2024,115.0,116.0,120.0,113.74
7,2024-05-26 06:00:00,1403/03/06,122,LF1,3,25,35.0,11.2,8.8,121.0,120.5,0.781302877,7,6,5,2024,115.0,116.0,122.0,113.74
8,2024-05-26 07:00:00,1403/03/06,120,LF1,3,31,15.0,11.2,8.8,121.0,118.0,0.897786705,8,6,5,2024,113.0,114.0,115.0,113.74
9,2024-05-26 08:00:00,1403/03/06,116,LF1,3,34,10.0,11.2,8.8,121.0,116.3,1.105345972,9,6,5,2024,119.0,112.0,110.0,113.74
10,2024-05-26 09:00:00,1403/03/06,110,LF1,3,36,8.0,11.2,8.8,121.0,115.5,1.383122036,10,6,5,2024,112.0,118.0,110.0,113.74
11,2024-05-26 10:00:00,1403/03/06,105,LF1,3,38,6.0,9.5,7.7,121.0,114.6,1.668862601,11,6,5,2024,112.0,115.0,110.0,113.74
12,2024-05-26 11:00:00,1403/03/06,95,LF1,3,39,6.0,9.5,7.7,121.0,113.8,1.921251689,12,6,5,2024,90.0,112.0,110.0,113.74
13,2024-05-26 12:00:00,1403/03/06,98,LF1,3,40,5.0,9.5,7.7,121.0,113.8,2.083581909,13,6,5,2024,90.0,111.0,110.0,113.74
14,2024-05-26 13:00:00,1403/03/06,95,LF1,3,41,6.0,9.5,7.7,121.0,113.8,2.104157118,14,6,5,2024,90.0,100.0,110.0,113.74
15,2024-05-26 14:00:00,1403/03/06,95,LF1,3,41,7.0,9.2,7.5,121.0,113.8,2.006417608,15,6,5,2024,90.0,100.0,110.0,113.74
16,2024-05-26 15:00:00,1403/03/06,93,LF1,3,40,7.0,9.2,7.5,121.0,113.8,1.827615288,16,6,5,2024,90.0,100.0,110.0,113.74
17,2024-05-26 16:00:00,1403/03/06,93,LF1,3,38,8.0,9.2,7.5,121.0,113.8,1.646373503,17,6,5,2024,90.0,95.0,110.0,113.74
18,2024-05-26 17:00:00,1403/03/06,95,LF1,3,36,9.0,9.2,7.5,121.0,114.0,1.571635837,18,6,5,2024,90.0,95.0,115.0,113.74
19,2024-05-26 18:00:00,1403/03/06,100,LF1,3,32,13.0,10.0,8.3,121.0,114.8,1.535897399,19,6,5,2024,115.0,118.0,117.0,113.74
20,2024-05-26 19:00:00,1403/03/06,100,LF1,3,30,10.0,10.0,8.3,121.0,116.5,1.505045754,20,6,5,2024,113.0,118.0,118.0,113.74
21,2024-05-26 20:00:00,1403/03/06,111,LF1,3,27,15.0,10.0,8.3,121.0,117.3,1.480203264,21,6,5,2024,118.0,118.0,119.0,113.74
22,2024-05-26 21:00:00,1403/03/06,112,LF1,3,27,13.0,10.0,8.3,121.0,117.3,1.432626688,22,6,5,2024,118.0,118.0,118.0,113.74
23,2024-05-26 22:00:00,1403/03/06,111,LF1,3,25,16.0,10.6,8.4,121.0,118.1,1.281972993,23,6,5,2024,118.0,119.0,121.0,115.33286102238
24,2024-05-26 23:00:00,1403/03/07,111,LF1,3,24,15.0,11.4,8.9,121.0,118.1,1.117492158,24,6,5,2024,119.0,120.0,122.0,115.02999371372212
1,2024-05-27 00:00:00,1403/03/07,111,LF1,3,24,20.0,10.6,8.4,121.0,119.6,0.988717271,1,0,5,2024,122.0,121.0,121.0,113.74
2,2024-05-27 01:00:00,1403/03/07,120,LF1,3,23,21.0,10.6,8.4,121.0,120.5,0.88748285,2,0,5,2024,122.0,114.0,121.0,113.74
3,2024-05-27 02:00:00,1403/03/07,120,LF1,3,20,22.0,10.6,8.4,121.0,120.5,0.799975013,3,0,5,2024,123.0,114.0,121.0,113.74
4,2024-05-27 03:00:00,1403/03/07,120,LF1,3,19,22.0,10.6,8.4,121.0,120.5,0.736456112,4,0,5,2024,124.0,115.0,124.0,113.74
5,2024-05-27 04:00:00,1403/03/07,121,LF1,3,21,25.0,10.6,8.4,121.0,120.5,0.716675318,5,0,5,2024,124.0,115.0,115.0,113.74
6,2024-05-27 05:00:00,1403/03/07,123,LF1,3,20,28.0,10.6,8.4,121.0,120.5,0.736914623,6,0,5,2024,124.0,115.0,116.0,113.74
7,2024-05-27 06:00:00,1403/03/07,120,LF1,3,27,18.0,11.2,8.8,121.0,118.0,0.799258453,7,0,5,2024,122.0,115.0,116.0,113.74
8,2024-05-27 07:00:00,1403/03/07,118,LF1,3,30,14.0,11.2,8.8,121.0,115.5,0.924376859,8,0,5,2024,120.0,113.0,114.0,113.74
9,2024-05-27 08:00:00,1403/03/07,115,LF1,3,33,10.0,11.2,8.8,121.0,113.8,1.149435002,9,0,5,2024,116.0,119.0,112.0,113.74
10,2024-05-27 09:00:00,1403/03/07,110,LF1,3,36,7.0,11.2,8.8,121.0,113.0,1.453073708,10,0,5,2024,110.0,112.0,118.0,113.74
11,2024-05-27 10:00:00,1403/03/07,110,LF1,3,37,5.0,10.1,8.0,121.0,111.3,1.767854776,11,0,5,2024,105.0,112.0,115.0,113.74
12,2024-05-27 11:00:00,1403/03/07,100,LF1,3,38,4.0,10.1,8.0,121.0,95.0,2.050589658,12,0,5,2024,95.0,90.0,112.0,113.74
13,2024-05-27 12:00:00,1403/03/07,100,LF1,3,38,5.0,10.1,8.0,121.0,95.0,2.227275227,13,0,5,2024,98.0,90.0,111.0,113.74
14,2024-05-27 13:00:00,1403/03/07,100,LF1,3,39,6.0,10.1,8.0,121.0,95.0,2.244417468,14,0,5,2024,95.0,90.0,100.0,113.74
15,2024-05-27 14:00:00,1403/03/07,95,LF1,3,39,7.0,10.0,8.0,121.0,95.0,2.142337122,15,0,5,2024,95.0,90.0,100.0,113.74
16,2024-05-27 15:00:00,1403/03/07,100,LF1,3,39,6.0,10.0,8.0,121.0,95.0,1.948062323,16,0,5,2024,93.0,90.0,100.0,113.74
17,2024-05-27 16:00:00,1403/03/07,100,LF1,3,38,5.0,10.0,8.0,121.0,95.0,1.74744884,17,0,5,2024,93.0,90.0,95.0,113.74
18,2024-05-27 17:00:00,1403/03/07,100,LF1,3,37,5.0,10.0,8.0,121.0,95.0,1.668750367,18,0,5,2024,95.0,90.0,95.0,113.74
19,2024-05-27 18:00:00,1403/03/07,105,LF1,3,33,6.0,10.5,8.2,121.0,105.0,1.631904833,19,0,5,2024,100.0,115.0,118.0,113.74
20,2024-05-27 19:00:00,1403/03/07,105,LF1,3,29,8.0,10.5,8.2,121.0,113.1,1.59830115,20,0,5,2024,100.0,113.0,118.0,113.74
21,2024-05-27 20:00:00,1403/03/07,105,LF1,3,26,10.0,10.5,8.2,121.0,114.0,1.573377554,21,0,5,2024,111.0,118.0,118.0,113.74
22,2024-05-27 21:00:00,1403/03/07,105,LF1,3,25,10.0,10.5,8.2,121.0,114.8,1.51904012,22,0,5,2024,112.0,118.0,118.0,113.74
23,2024-05-27 22:00:00,1403/03/07,105,LF1,3,25,6.0,11.3,8.8,121.0,114.8,1.349604952,23,0,5,2024,111.0,118.0,119.0,113.74
24,2024-05-27 23:00:00,1403/03/08,117,LF1,3,26,5.0,10.6,8.4,121.0,114.8,1.166249803,24,0,5,2024,111.0,119.0,120.0,113.74
1,2024-05-28 00:00:00,1403/03/08,120,LF1,3,21,8.0,11.3,8.8,121.0,119.6,1.022116504,1,1,5,2024,111.0,122.0,121.0,113.74
2,2024-05-28 01:00:00,1403/03/08,121,LF1,3,20,10.0,11.3,8.8,121.0,120.5,0.90992089,2,1,5,2024,120.0,122.0,114.0,113.74
3,2024-05-28 02:00:00,1403/03/08,108,LF1,3,19,13.0,11.3,8.8,121.0,120.5,0.817250228,3,1,5,2024,120.0,123.0,114.0,113.74
4,2024-05-28 03:00:00,1403/03/08,108,LF1,3,18,16.0,11.3,8.8,121.0,120.5,0.751260273,4,1,5,2024,120.0,124.0,115.0,113.74
5,2024-05-28 04:00:00,1403/03/08,108,LF1,3,18,20.0,11.3,8.8,121.0,120.5,0.732311932,5,1,5,2024,121.0,124.0,115.0,113.74
6,2024-05-28 05:00:00,1403/03/08,108,LF1,3,20,19.0,11.3,8.8,121.0,120.5,0.757091192,6,1,5,2024,123.0,124.0,115.0,113.74
7,2024-05-28 06:00:00,1403/03/08,108,LF1,3,17,16.0,11.3,8.9,121.0,118.0,0.826824762,7,1,5,2024,120.0,122.0,115.0,113.74
8,2024-05-28 07:00:00,1403/03/08,108,LF1,3,29,11.0,11.3,8.9,121.0,115.5,0.965156567,8,1,5,2024,118.0,120.0,113.0,113.74
9,2024-05-28 08:00:00,1403/03/08,117,LF1,3,32,9.0,11.3,8.9,121.0,113.8,1.215415849,9,1,5,2024,115.0,116.0,119.0,113.74
10,2024-05-28 09:00:00,1403/03/08,110,LF1,3,36,6.0,11.3,8.9,121.0,113.0,1.549886881,10,1,5,2024,110.0,110.0,112.0,113.74
11,2024-05-28 10:00:00,1403/03/08,95,LF1,3,37,4.0,9.2,7.4,121.0,105.0,1.888604386,11,1,5,2024,110.0,105.0,112.0,113.74
12,2024-05-28 11:00:00,1403/03/08,90,LF1,3,40,4.0,9.2,7.4,121.0,85.0,2.181632147,12,1,5,2024,100.0,95.0,90.0,113.74
13,2024-05-28 12:00:00,1403/03/08,90,LF1,3,40,2.0,9.2,7.4,121.0,85.0,2.348850432,13,1,5,2024,100.0,98.0,90.0,113.74
14,2024-05-28 13:00:00,1403/03/08,90,LF1,3,40,2.0,9.2,7.4,121.0,85.0,2.349827233,14,1,5,2024,100.0,95.0,90.0,113.74
15,2024-05-28 14:00:00,1403/03/08,90,LF1,3,40,2.0,9.1,7.4,121.0,85.0,2.249298195,15,1,5,2024,95.0,95.0,90.0,113.74
16,2024-05-28 15:00:00,1403/03/08,90,LF1,3,40,3.0,9.1,7.4,121.0,85.0,2.054341362,16,1,5,2024,100.0,93.0,90.0,113.74
17,2024-05-28 16:00:00,1403/03/08,90,LF1,3,39,5.0,9.1,7.4,121.0,85.0,1.849192087,17,1,5,2024,100.0,93.0,90.0,113.74
18,2024-05-28 17:00:00,1403/03/08,90,LF1,3,38,6.0,9.1,7.4,121.0,85.0,1.771568253,18,1,5,2024,100.0,95.0,90.0,113.74
19,2024-05-28 18:00:00,1403/03/08,100,LF1,3,32,10.0,10.0,8.0,121.0,100.0,1.737074696,19,1,5,2024,105.0,100.0,115.0,113.74
20,2024-05-28 19:00:00,1403/03/08,100,LF1,3,29,11.0,10.0,8.0,121.0,113.1,1.699233815,20,1,5,2024,105.0,100.0,113.0,113.74
21,2024-05-28 20:00:00,1403/03/08,100,LF1,3,27,12.0,10.0,8.0,121.0,114.0,1.667948716,21,1,5,2024,105.0,111.0,118.0,113.74
22,2024-05-28 21:00:00,1403/03/08,117,LF1,3,24,11.0,10.0,8.0,121.0,114.8,1.602367654,22,1,5,2024,105.0,112.0,118.0,113.74
23,2024-05-28 22:00:00,1403/03/08,118,LF1,3,24,14.0,11.0,8.9,121.0,114.8,1.415159365,23,1,5,2024,105.0,111.0,118.0,113.74
24,2024-05-28 23:00:00,1403/03/09,119,LF1,3,21,16.0,11.3,8.8,121.0,114.8,1.214661193,24,1,5,2024,117.0,111.0,119.0,113.74
1,2024-05-29 00:00:00,1403/03/09,120,LF1,3,20,18.0,11.0,8.9,121.0,119.6,1.059943274,1,2,5,2024,120.0,111.0,122.0,113.74
2,2024-05-29 01:00:00,1403/03/09,120,LF1,3,19,17.0,11.0,8.9,121.0,120.5,0.9417913,2,2,5,2024,121.0,120.0,122.0,113.74
3,2024-05-29 02:00:00,1403/03/09,121,LF1,3,18,18.0,11.8,9.0,121.0,120.5,0.84434772,3,2,5,2024,108.0,120.0,123.0,113.74
4,2024-05-29 03:00:00,1403/03/09,122,LF1,3,17,17.0,11.8,9.0,121.0,120.5,0.775873873,4,2,5,2024,108.0,120.0,124.0,113.74
5,2024-05-29 04:00:00,1403/03/09,123,LF1,3,16,19.0,11.8,9.0,121.0,120.5,0.756983443,5,2,5,2024,108.0,121.0,124.0,113.74
6,2024-05-29 05:00:00,1403/03/09,124,LF1,3,17,20.0,11.8,9.0,121.0,120.5,0.78507927,6,2,5,2024,108.0,123.0,124.0,113.74
7,2024-05-29 06:00:00,1403/03/09,122,LF1,3,25,17.0,10.7,8.5,121.0,118.0,0.860709912,7,2,5,2024,108.0,120.0,122.0,113.74
8,2024-05-29 07:00:00,1403/03/09,119,LF1,3,29,10.0,10.7,8.5,121.0,115.5,1.011353699,8,2,5,2024,108.0,118.0,120.0,113.74
9,2024-05-29 08:00:00,1403/03/09,113,LF1,3,32,8.0,10.7,8.5,121.0,113.8,1.286105371,9,2,5,2024,117.0,115.0,116.0,113.74
10,2024-05-29 09:00:00,1403/03/09,111,LF1,3,35,7.0,10.7,8.5,121.0,113.0,1.666121516,10,2,5,2024,110.0,110.0,110.0,113.74
11,2024-05-29 10:00:00,1403/03/09,109,LF1,3,37,4.0,10.5,8.0,121.0,105.0,2.058075786,11,2,5,2024,95.0,110.0,105.0,113.74
12,2024-05-29 11:00:00,1403/03/09,100,LF1,3,39,4.0,10.5,8.0,121.0,85.0,2.404200042,12,2,5,2024,90.0,100.0,95.0,113.74
13,2024-05-29 12:00:00,1403/03/09,100,LF1,3,39,4.0,10.5,8.0,121.0,85.0,2.596774503,13,2,5,2024,90.0,100.0,98.0,113.74
14,2024-05-29 13:00:00,1403/03/09,90,LF1,3,40,4.0,10.5,8.0,121.0,85.0,2.587724993,14,2,5,2024,90.0,100.0,95.0,113.74
15,2024-05-29 14:00:00,1403/03/09,90,LF1,3,41,4.0,9.3,7.5,121.0,85.0,2.464718591,15,2,5,2024,90.0,95.0,95.0,113.74
16,2024-05-29 15:00:00,1403/03/09,90,LF1,3,40,4.0,9.3,7.5,121.0,85.0,2.243609694,16,2,5,2024,90.0,100.0,93.0,113.74
17,2024-05-29 16:00:00,1403/03/09,90,LF1,3,40,6.0,9.3,7.5,121.0,85.0,2.00890888,17,2,5,2024,90.0,100.0,93.0,113.74
18,2024-05-29 17:00:00,1403/03/09,100,LF1,3,38,10.0,9.3,7.5,121.0,85.0,1.912823424,18,2,5,2024,90.0,100.0,95.0,113.74
19,2024-05-29 18:00:00,1403/03/09,100,LF1,3,35,12.0,10.3,8.0,121.0,100.0,1.863153533,19,2,5,2024,100.0,105.0,100.0,113.74
20,2024-05-29 19:00:00,1403/03/09,100,LF1,3,29,13.0,10.3,8.0,121.0,113.1,1.806730059,20,2,5,2024,100.0,105.0,100.0,113.74
21,2024-05-29 20:00:00,1403/03/09,110,LF1,3,28,15.0,10.3,8.0,121.0,114.0,1.758541406,21,2,5,2024,100.0,105.0,111.0,113.74
22,2024-05-29 21:00:00,1403/03/09,116,LF1,3,26,15.0,10.3,8.0,121.0,114.8,1.679660591,22,2,5,2024,117.0,105.0,112.0,113.74
23,2024-05-29 22:00:00,1403/03/09,117,LF1,3,24,16.0,11.4,8.8,121.0,114.8,1.476057419,23,2,5,2024,118.0,105.0,111.0,113.74
24,2024-05-29 23:00:00,1403/03/10,118,LF1,3,23,17.0,11.0,8.9,121.0,114.8,1.262037941,24,2,5,2024,119.0,117.0,111.0,114.72302267212899
1,2024-05-30 00:00:00,1403/03/10,119,LF1,3,21,20.0,11.4,8.8,121.0,119.6,1.097412839,1,3,5,2024,120.0,120.0,111.0,113.74
2,2024-05-30 01:00:00,1403/03/10,120,LF1,3,20,22.0,11.4,8.8,121.0,120.5,0.971554642,2,3,5,2024,120.0,121.0,120.0,113.74
3,2024-05-30 02:00:00,1403/03/10,120,LF1,3,19,23.0,11.8,8.9,121.0,120.5,0.867135679,3,3,5,2024,121.0,108.0,120.0,113.74
4,2024-05-30 03:00:00,1403/03/10,121,LF1,3,18,24.0,11.8,8.9,121.0,120.5,0.793521078,4,3,5,2024,122.0,108.0,120.0,113.74
5,2024-05-30 04:00:00,1403/03/10,100,LF1,3,17,29.0,11.8,8.9,121.0,120.5,0.77115742,5,3,5,2024,123.0,108.0,121.0,113.74
6,2024-05-30 05:00:00,1403/03/10,100,LF1,3,19,30.0,11.8,8.9,121.0,120.5,0.796850247,6,3,5,2024,124.0,108.0,123.0,113.74
7,2024-05-30 06:00:00,1403/03/10,100,LF1,3,26,32.0,11.3,8.7,121.0,118.0,0.870049776,7,3,5,2024,122.0,108.0,120.0,113.74
8,2024-05-30 07:00:00,1403/03/10,118,LF1,3,30,13.0,11.3,8.7,121.0,115.5,1.018450752,8,3,5,2024,119.0,108.0,118.0,113.74
9,2024-05-30 08:00:00,1403/03/10,114,LF1,3,35,7.0,11.3,8.7,121.0,113.8,1.288196236,9,3,5,2024,113.0,117.0,115.0,113.74
10,2024-05-30 09:00:00,1403/03/10,105,LF1,3,37,6.0,11.3,8.7,121.0,113.0,1.660384858,10,3,5,2024,111.0,110.0,110.0,113.74
11,2024-05-30 10:00:00,1403/03/10,103,LF1,3,39,5.0,10.6,8.1,121.0,105.0,2.044765649,11,3,5,2024,109.0,95.0,110.0,113.74
12,2024-05-30 11:00:00,1403/03/10,103,LF1,3,40,3.0,10.6,8.1,121.0,85.0,2.387976162,12,3,5,2024,100.0,90.0,100.0,113.74
13,2024-05-30 12:00:00,1403/03/10,100,LF1,3,41,1.0,10.6,8.1,121.0,85.0,2.580987421,13,3,5,2024,100.0,90.0,100.0,113.74
14,2024-05-30 13:00:00,1403/03/10,85,LF1,3,42,2.0,10.6,8.1,121.0,85.0,2.570851096,14,3,5,2024,90.0,90.0,100.0,113.74
15,2024-05-30 14:00:00,1403/03/10,85,LF1,3,42,2.0,10.0,7.8,121.0,85.0,2.442461098,15,3,5,2024,90.0,90.0,95.0,113.74
16,2024-05-30 15:00:00,1403/03/10,85,LF1,3,42,2.0,10.0,7.8,121.0,85.0,2.232147565,16,3,5,2024,90.0,90.0,100.0,113.74
17,2024-05-30 16:00:00,1403/03/10,80,LF1,3,41,5.0,10.0,7.8,121.0,85.0,2.009359446,17,3,5,2024,90.0,90.0,100.0,113.74
18,2024-05-30 17:00:00,1403/03/10,80,LF1,3,38,7.0,10.0,7.8,121.0,85.0,1.917471639,18,3,5,2024,100.0,90.0,100.0,113.74
19,2024-05-30 18:00:00,1403/03/10,105,LF1,3,34,10.0,10.4,8.0,121.0,100.0,1.870326894,19,3,5,2024,100.0,100.0,105.0,113.74
20,2024-05-30 19:00:00,1403/03/10,100,LF1,3,31,13.0,10.4,8.0,121.0,113.1,1.819052732,20,3,5,2024,100.0,100.0,105.0,113.74
21,2024-05-30 20:00:00,1403/03/10,110,LF1,3,29,13.0,10.4,8.0,121.0,114.0,1.776690321,21,3,5,2024,110.0,100.0,105.0,113.74
22,2024-05-30 21:00:00,1403/03/10,114,LF1,3,27,15.0,10.4,8.0,121.0,114.8,1.70680555,22,3,5,2024,116.0,117.0,105.0,113.74
23,2024-05-30 22:00:00,1403/03/10,117,LF1,3,26,18.0,10.7,8.5,121.0,114.8,1.505206118,23,3,5,2024,117.0,118.0,105.0,113.74
24,2024-05-30 23:00:00,1403/03/11,113,LF1,3,24,18.0,11.4,8.8,121.0,114.8,1.229306708,24,3,5,2024,118.0,119.0,117.0,113.74
1,2024-05-31 00:00:00,1403/03/11,114,LF1,3,22,20.0,10.7,8.5,121.0,118.8,1.069970859,1,4,5,2024,119.0,120.0,120.0,113.74
2,2024-05-31 01:00:00,1403/03/11,114,LF1,3,21,21.0,10.7,8.5,121.0,118.8,0.946695699,2,4,5,2024,120.0,120.0,121.0,113.74
3,2024-05-31 02:00:00,1403/03/11,115,LF1,3,21,22.0,10.7,8.5,121.0,118.8,0.84278361,3,4,5,2024,120.0,121.0,108.0,113.74
4,2024-05-31 03:00:00,1403/03/11,117,LF1,3,19,27.0,10.7,8.5,121.0,118.8,0.770003898,4,4,5,2024,121.0,122.0,108.0,113.74
5,2024-05-31 04:00:00,1403/03/11,117,LF1,3,19,27.0,10.7,8.5,121.0,118.8,0.747103094,5,4,5,2024,100.0,123.0,108.0,113.74
6,2024-05-31 05:00:00,1403/03/11,117,LF1,3,20,28.0,10.7,8.5,121.0,118.8,0.770426051,6,4,5,2024,100.0,124.0,108.0,113.74
7,2024-05-31 06:00:00,1403/03/11,117,LF1,3,27,21.0,11.0,8.4,121.0,116.3,0.839105148,7,4,5,2024,100.0,122.0,108.0,113.74
8,2024-05-31 07:00:00,1403/03/11,110,LF1,3,30,17.0,11.0,8.4,121.0,113.8,0.980420795,8,4,5,2024,118.0,119.0,108.0,113.74
9,2024-05-31 08:00:00,1403/03/11,110,LF1,3,34,10.0,11.0,8.4,121.0,112.1,1.235515061,9,4,5,2024,114.0,113.0,117.0,113.74
10,2024-05-31 09:00:00,1403/03/11,100,LF1,3,38,6.0,11.0,8.4,121.0,110.5,1.58316382,10,4,5,2024,105.0,111.0,110.0,113.74
11,2024-05-31 10:00:00,1403/03/11,95,LF1,3,40,5.0,10.5,7.8,121.0,105.0,1.940117042,11,4,5,2024,103.0,109.0,95.0,113.74
12,2024-05-31 11:00:00,1403/03/11,95,LF1,3,41,3.0,10.5,7.8,121.0,85.0,2.256802726,12,4,5,2024,103.0,100.0,90.0,113.74
13,2024-05-31 12:00:00,1403/03/11,92,LF1,3,41,3.0,10.5,7.8,121.0,85.0,2.4251536,13,4,5,2024,100.0,100.0,90.0,113.74
14,2024-05-31 13:00:00,1403/03/11,90,LF1,3,42,2.0,10.5,7.8,121.0,85.0,2.412177897,14,4,5,2024,85.0,90.0,90.0,113.74
15,2024-05-31 14:00:00,1403/03/11,75,LF1,3,43,2.0,7.8,6.4,121.0,85.0,2.293997595,15,4,5,2024,85.0,90.0,90.0,113.74
16,2024-05-31 15:00:00,1403/03/11,73,LF1,3,43,2.0,7.8,6.4,121.0,85.0,2.092772606,16,4,5,2024,85.0,90.0,90.0,113.74
17,2024-05-31 16:00:00,1403/03/11,70,LF1,3,42,6.0,7.8,6.4,121.0,85.0,1.889466609,17,4,5,2024,80.0,90.0,90.0,113.74
18,2024-05-31 17:00:00,1403/03/11,90,LF1,3,39,8.0,7.8,6.4,121.0,85.0,1.809214627,18,4,5,2024,80.0,100.0,90.0,113.74
19,2024-05-31 18:00:00,1403/03/11,100,LF1,3,36,10.0,8.5,6.8,121.0,100.0,1.771156139,19,4,5,2024,105.0,100.0,100.0,113.74
20,2024-05-31 19:00:00,1403/03/11,78,LF1,3,32,9.0,8.5,6.8,121.0,113.1,1.729998236,20,4,5,2024,100.0,100.0,100.0,113.74
21,2024-05-31 20:00:00,1403/03/11,78,LF1,3,31,10.0,8.5,6.8,121.0,113.1,1.698387804,21,4,5,2024,110.0,110.0,100.0,113.74
22,2024-05-31 21:00:00,1403/03/11,100,SO,3,30,13.0,8.5,6.8,121.0,113.1,1.629639456,22,4,5,2024,114.0,116.0,117.0,113.74
23,2024-05-31 22:00:00,1403/03/11,115,SO,3,26,14.0,11.6,8.7,121.0,114.0,1.435946561,23,4,5,2024,117.0,117.0,118.0,113.74
24,2024-05-31 23:00:00,1403/03/12,115,SO,3,24,15.0,10.7,8.5,121.0,114.0,1.292253852,24,4,5,2024,113.0,118.0,119.0,113.74
1,2024-06-01 00:00:00,1403/03/12,116,SO,3,23,17.0,11.6,8.7,121.0,118.8,1.12666121,1,5,6,2024,114.0,119.0,120.0,113.74
2,2024-06-01 01:00:00,1403/03/12,116,SO,3,22,16.0,11.6,8.7,121.0,118.8,0.997980626,2,5,6,2024,114.0,120.0,120.0,113.74
3,2024-06-01 02:00:00,1403/03/12,118,SO,3,21,17.0,11.8,8.9,121.0,118.8,0.88972901,3,5,6,2024,115.0,120.0,121.0,113.74
4,2024-06-01 03:00:00,1403/03/12,119,SO,3,20,21.0,11.8,8.9,121.0,118.8,0.812246807,4,5,6,2024,117.0,121.0,122.0,113.74
5,2024-06-01 04:00:00,1403/03/12,121,SO,3,20,25.0,11.8,8.9,121.0,118.8,0.784725161,5,5,6,2024,117.0,100.0,123.0,113.74
6,2024-06-01 05:00:00,1403/03/12,122,SO,3,22,27.0,11.8,8.9,121.0,118.8,0.802457827,6,5,6,2024,117.0,100.0,124.0,113.74
7,2024-06-01 06:00:00,1403/03/12,120,SO,3,26,22.0,11.9,8.8,121.0,116.3,0.864318661,7,5,6,2024,117.0,100.0,122.0,113.74
8,2024-06-01 07:00:00,1403/03/12,117,SO,3,30,14.0,11.9,8.8,121.0,113.8,0.994823408,8,5,6,2024,110.0,118.0,119.0,113.74
9,2024-06-01 08:00:00,1403/03/12,114,SO,3,35,8.0,11.9,8.8,121.0,112.1,1.224924918,9,5,6,2024,110.0,114.0,113.0,113.74
10,2024-06-01 09:00:00,1403/03/12,100,SO,3,38,5.0,11.9,8.8,121.0,110.5,1.530124429,10,5,6,2024,100.0,105.0,111.0,113.74
11,2024-06-01 10:00:00,1403/03/12,85,SO,3,41,5.0,9.2,7.2,121.0,105.0,1.841794985,11,5,6,2024,95.0,103.0,109.0,113.74
12,2024-06-01 11:00:00,1403/03/12,85,LF1,3,42,3.0,9.2,7.2,121.0,85.0,2.120213481,12,5,6,2024,95.0,103.0,100.0,113.74
13,2024-06-01 12:00:00,1403/03/12,72,LF1,3,43,4.0,9.2,7.2,121.0,85.0,2.279301318,13,5,6,2024,92.0,100.0,100.0,113.74
14,2024-06-01 13:00:00,1403/03/12,72,LF1,3,43,2.0,9.2,7.2,121.0,85.0,2.289107557,14,5,6,2024,90.0,85.0,90.0,113.74
15,2024-06-01 14:00:00,1403/03/12,80,LF1,3,43,4.0,10.6,7.9,121.0,85.0,2.209089476,15,5,6,2024,75.0,85.0,90.0,113.74
16,2024-06-01 15:00:00,1403/03/12,97,LF1,3,43,4.0,10.6,7.9,121.0,85.0,2.049583084,16,5,6,2024,73.0,85.0,90.0,113.74
17,2024-06-01 16:00:00,1403/03/12,80,LF1,3,42,5.0,10.6,7.9,121.0,85.0,1.889474536,17,5,6,2024,70.0,80.0,90.0,113.74
18,2024-06-01 17:00:00,1403/03/12,85,LF1,3,39,7.0,10.6,7.9,121.0,85.0,1.830314752,18,5,6,2024,90.0,80.0,100.0,113.74
19,2024-06-01 18:00:00,1403/03/12,85,LF1,3,35,8.0,9.8,7.5,121.0,100.0,1.807539249,19,5,6,2024,100.0,105.0,100.0,113.74
20,2024-06-01 19:00:00,1403/03/12,90,LF1,3,31,8.0,9.8,7.5,121.0,113.1,1.778810547,20,5,6,2024,78.0,100.0,100.0,113.74
21,2024-06-01 20:00:00,1403/03/12,90,LF1,3,31,10.0,9.8,7.5,121.0,113.1,1.756857428,21,5,6,2024,78.0,110.0,110.0,113.74
22,2024-06-01 21:00:00,1403/03/12,80,LF1,3,30,11.0,9.8,7.5,121.0,113.1,1.685788671,22,5,6,2024,100.0,114.0,116.0,113.74
23,2024-06-01 22:00:00,1403/03/12,80,LF1,3,28,12.0,9.8,7.4,121.0,114.0,1.491582165,23,5,6,2024,115.0,117.0,117.0,113.74
24,2024-06-01 23:00:00,1403/03/13,80,LF1,3,27,14.0,11.6,8.7,121.0,114.0,1.284615162,24,5,6,2024,115.0,113.0,118.0,113.74
1,2024-06-02 00:00:00,1403/03/13,90,LF1,3,29,11.0,9.8,7.4,121.0,120.8,1.126545518,1,6,6,2024,116.0,114.0,119.0,113.74
2,2024-06-02 01:00:00,1403/03/13,75,LF1,3,28,12.0,9.8,7.4,121.0,120.8,1.000210433,2,6,6,2024,116.0,114.0,120.0,113.74
3,2024-06-02 02:00:00,1403/03/13,117,LF1,3,25,15.0,12.1,8.8,121.0,120.8,0.893015359,3,6,6,2024,118.0,115.0,120.0,113.74
4,2024-06-02 03:00:00,1403/03/13,116,LF1,3,24,12.0,12.1,8.8,121.0,120.8,0.81459144,4,6,6,2024,119.0,117.0,121.0,113.74
5,2024-06-02 04:00:00,1403/03/13,119,LF1,3,23,15.0,12.1,8.8,121.0,120.8,0.783525778,5,6,6,2024,121.0,117.0,100.0,113.74
6,2024-06-02 05:00:00,1403/03/13,119,LF1,3,24,16.0,12.1,8.8,121.0,120.8,0.794817303,6,6,6,2024,122.0,117.0,100.0,113.74
7,2024-06-02 06:00:00,1403/03/13,118,LF1,3,28,10.0,11.9,8.7,121.0,118.3,0.849184781,7,6,6,2024,120.0,117.0,100.0,113.74
8,2024-06-02 07:00:00,1403/03/13,115,LF1,3,34,7.0,11.9,8.7,121.0,115.8,0.968489924,8,6,6,2024,117.0,110.0,118.0,113.74
9,2024-06-02 08:00:00,1403/03/13,113,LF1,3,36,6.0,11.9,8.7,121.0,114.1,1.178666406,9,6,6,2024,114.0,110.0,114.0,113.74
10,2024-06-02 09:00:00,1403/03/13,112,LF1,3,39,4.0,11.9,8.7,121.0,112.5,1.464684318,10,6,6,2024,100.0,100.0,105.0,113.74
11,2024-06-02 10:00:00,1403/03/13,110,LF1,3,40,4.0,11.9,8.7,121.0,106.6,1.777230279,11,6,6,2024,85.0,95.0,103.0,113.74
12,2024-06-02 11:00:00,1403/03/13,107,LF1,3,41,3.0,11.9,8.7,121.0,105.8,2.079413128,12,6,6,2024,85.0,95.0,103.0,113.74
13,2024-06-02 12:00:00,1403/03/13,107,SO,3,41,3.0,12.1,8.8,121.0,105.8,2.278729631,13,6,6,2024,72.0,92.0,100.0,113.74
14,2024-06-02 13:00:00,1403/03/13,115,SO,3,41,3.0,12.1,8.8,121.0,105.8,2.315781947,14,6,6,2024,72.0,90.0,85.0,113.74
15,2024-06-02 14:00:00,1403/03/13,118,SO,3,41,3.0,12.1,8.8,121.0,105.8,2.237219222,15,6,6,2024,80.0,75.0,85.0,113.74
16,2024-06-02 15:00:00,1403/03/13,118,SO,3,41,3.0,12.1,8.8,121.0,106.6,2.058351606,16,6,6,2024,97.0,73.0,85.0,113.74
17,2024-06-02 16:00:00,1403/03/13,119,SO,3,39,6.0,12.1,8.8,121.0,112.5,1.884730384,17,6,6,2024,80.0,70.0,80.0,113.74
18,2024-06-02 17:00:00,1403/03/13,115,SO,3,36,9.0,12.1,8.8,121.0,114.1,1.818116409,18,6,6,2024,85.0,90.0,80.0,113.74
19,2024-06-02 18:00:00,1403/03/13,114,SO,3,33,12.0,12.0,8.7,121.0,115.8,1.795072765,19,6,6,2024,85.0,100.0,105.0,113.74
20,2024-06-02 19:00:00,1403/03/13,116,SO,3,30,10.0,12.0,8.7,121.0,116.6,1.770697966,20,6,6,2024,90.0,78.0,100.0,113.74
21,2024-06-02 20:00:00,1403/03/13,117,SO,3,28,13.0,12.0,8.7,121.0,116.6,1.756358454,21,6,6,2024,90.0,78.0,110.0,113.74
22,2024-06-02 21:00:00,1403/03/13,119,SO,3,27,16.0,12.0,8.7,121.0,116.6,1.675386632,22,6,6,2024,80.0,100.0,114.0,113.74
23,2024-06-02 22:00:00,1403/03/13,118,SO,3,25,18.0,12.1,8.8,121.0,117.5,1.481173234,23,6,6,2024,80.0,115.0,117.0,113.74
24,2024-06-02 23:00:00,1403/03/14,118,SO,3,24,19.0,9.8,7.4,121.0,117.5,1.279456699,24,6,6,2024,80.0,115.0,113.0,113.74
1,2024-06-03 00:00:00,1403/03/14,120,SO,3,21,21.0,12.1,8.8,121.0,117.8,1.12550366,1,0,6,2024,90.0,116.0,114.0,113.74
2,2024-06-03 01:00:00,1403/03/14,119,SO,3,20,21.0,12.1,8.8,121.0,117.8,0.999681475,2,0,6,2024,75.0,116.0,114.0,116.24324045511445
3,2024-06-03 02:00:00,1403/03/14,120,SO,3,19,19.0,12.5,9.0,121.0,117.8,0.894115467,3,0,6,2024,117.0,118.0,115.0,116.44364840191929
4,2024-06-03 03:00:00,1403/03/14,122,SO,3,17,22.0,12.5,9.0,121.0,117.8,0.815853543,4,0,6,2024,116.0,119.0,117.0,116.68195116235599
5,2024-06-03 04:00:00,1403/03/14,123,SO,3,17,23.0,12.5,9.0,121.0,117.8,0.783606865,5,0,6,2024,119.0,121.0,117.0,116.68858051922788
6,2024-06-03 05:00:00,1403/03/14,123,SO,3,18,24.0,12.5,9.0,121.0,117.8,0.792309842,6,0,6,2024,119.0,122.0,117.0,115.94665549354258
7,2024-06-03 06:00:00,1403/03/14,122,SO,3,25,17.0,12.2,8.8,121.0,115.3,0.844112958,7,0,6,2024,118.0,120.0,117.0,116.15905116830677
8,2024-06-03 07:00:00,1403/03/14,119,SO,3,29,11.0,12.2,8.8,121.0,112.9,0.959408554,8,0,6,2024,115.0,117.0,110.0,114.74041915674312
9,2024-06-03 08:00:00,1403/03/14,115,SO,3,34,6.0,12.2,8.8,121.0,111.2,1.161246422,9,0,6,2024,113.0,114.0,110.0,113.74
10,2024-06-03 09:00:00,1403/03/14,114,SO,3,36,5.0,12.2,8.8,121.0,109.6,1.438910034,10,0,6,2024,112.0,100.0,100.0,113.74
11,2024-06-03 10:00:00,1403/03/14,113,SO,3,39,5.0,12.2,8.8,121.0,108.8,1.755426033,11,0,6,2024,110.0,85.0,95.0,113.74
12,2024-06-03 11:00:00,1403/03/14,110,SO,3,39,3.0,12.2,8.8,121.0,107.9,2.081992015,12,0,6,2024,107.0,85.0,95.0,113.74
13,2024-06-03 12:00:00,1403/03/14,107,SO,3,41,3.0,12.2,8.8,121.0,107.9,2.318152611,13,0,6,2024,107.0,72.0,92.0,113.74
14,2024-06-03 13:00:00,1403/03/14,119,SO,3,41,4.0,12.2,8.8,121.0,107.9,2.381626904,14,0,6,2024,115.0,72.0,90.0,113.74
15,2024-06-03 14:00:00,1403/03/14,120,SO,3,41,4.0,12.2,8.8,121.0,107.9,2.301083542,15,0,6,2024,118.0,80.0,75.0,113.74
16,2024-06-03 15:00:00,1403/03/14,120,SO,3,40,8.0,12.2,8.8,121.0,108.8,2.104190311,16,0,6,2024,118.0,97.0,73.0,114.05340289576284
17,2024-06-03 16:00:00,1403/03/14,120,SO,3,39,9.0,12.2,8.8,121.0,109.6,1.918085729,17,0,6,2024,119.0,80.0,70.0,113.74
18,2024-06-03 17:00:00,1403/03/14,112,SO,3,37,11.0,12.2,8.8,121.0,111.2,1.850452786,18,0,6,2024,115.0,85.0,90.0,113.74
19,2024-06-03 18:00:00,1403/03/14,113,SO,3,33,12.0,12.0,8.7,121.0,112.9,1.827557735,19,0,6,2024,114.0,85.0,100.0,113.74
20,2024-06-03 19:00:00,1403/03/14,116,SO,3,30,14.0,12.0,8.7,121.0,113.7,1.803449885,20,0,6,2024,116.0,90.0,78.0,113.74
21,2024-06-03 20:00:00,1403/03/14,116,SO,3,28,17.0,12.0,8.7,121.0,113.7,1.791947911,21,0,6,2024,117.0,90.0,78.0,113.74
22,2024-06-03 21:00:00,1403/03/14,117,SO,3,26,20.0,12.0,8.7,121.0,113.7,1.68799128,22,0,6,2024,119.0,80.0,100.0,113.74
23,2024-06-03 22:00:00,1403/03/14,117,SO,3,25,21.0,12.0,8.8,121.0,114.5,1.479570322,23,0,6,2024,118.0,80.0,115.0,115.16952339198032
24,2024-06-03 23:00:00,1403/03/15,117,SO,3,23,22.0,12.1,8.8,121.0,114.5,1.280535152,24,0,6,2024,118.0,80.0,115.0,115.6947272785112
1,2024-06-04 00:00:00,1403/03/15,118,SO,3,22,22.0,12.0,8.8,121.0,117.8,1.132553028,1,1,6,2024,120.0,90.0,116.0,115.57106964241714
2,2024-06-04 01:00:00,1403/03/15,118,SO,3,21,23.0,12.0,8.8,121.0,117.8,1.007885422,2,1,6,2024,119.0,75.0,116.0,115.08388808932872
3,2024-06-04 02:00:00,1403/03/15,119,SO,3,20,24.0,12.0,8.8,121.0,117.8,0.905500834,3,1,6,2024,120.0,117.0,118.0,117.73527053032771
4,2024-06-04 03:00:00,1403/03/15,120,SO,3,20,26.0,12.0,8.8,121.0,117.8,0.829741482,4,1,6,2024,122.0,116.0,119.0,117.76572160366234
5,2024-06-04 04:00:00,1403/03/15,121,SO,3,19,28.0,12.0,8.8,121.0,117.8,0.800178644,5,1,6,2024,123.0,119.0,121.0,116.82969859744804
6,2024-06-04 05:00:00,1403/03/15,123,SO,3,19,30.0,12.0,8.8,121.0,117.8,0.812585582,6,1,6,2024,123.0,119.0,122.0,116.11195037462825
7,2024-06-04 06:00:00,1403/03/15,122,SO,3,25,23.0,12.3,8.8,121.0,115.3,0.871423018,7,1,6,2024,122.0,118.0,120.0,116.63242161395937
8,2024-06-04 07:00:00,1403/03/15,118,SO,3,29,14.0,12.3,8.8,121.0,112.9,0.999288329,8,1,6,2024,119.0,115.0,117.0,115.98905702769372
9,2024-06-04 08:00:00,1403/03/15,115,SO,3,33,11.0,12.3,8.8,121.0,111.2,1.223842924,9,1,6,2024,115.0,113.0,114.0,114.86389455823334
10,2024-06-04 09:00:00,1403/03/15,112,SO,3,36,8.0,12.3,8.8,121.0,109.6,1.539717792,10,1,6,2024,114.0,112.0,100.0,113.74
11,2024-06-04 10:00:00,1403/03/15,121,SO,3,38,3.0,12.4,8.9,121.0,108.8,1.902919919,11,1,6,2024,113.0,110.0,85.0,114.27116082036284
12,2024-06-04 11:00:00,1403/03/15,120,SO,3,39,3.0,12.4,8.9,121.0,107.9,2.260097886,12,1,6,2024,110.0,107.0,85.0,114.33570409259862
13,2024-06-04 12:00:00,1403/03/15,120,SO,3,39,4.0,12.4,8.9,121.0,107.9,2.488204471,13,1,6,2024,107.0,107.0,72.0,115.60874290846655
14,2024-06-04 13:00:00,1403/03/15,120,SO,3,40,4.0,12.4,8.9,121.0,107.9,2.532415198,14,1,6,2024,119.0,115.0,72.0,117.06580471692925
15,2024-06-04 14:00:00,1403/03/15,120,SO,3,40,5.0,12.0,8.8,121.0,107.9,2.438316115,15,1,6,2024,120.0,118.0,80.0,117.047078613726
16,2024-06-04 15:00:00,1403/03/15,120,SO,3,39,6.0,12.0,8.8,121.0,108.8,2.214834365,16,1,6,2024,120.0,118.0,97.0,115.88269170844872
17,2024-06-04 16:00:00,1403/03/15,120,SO,3,38,7.0,12.0,8.8,121.0,109.6,2.004006576,17,1,6,2024,120.0,119.0,80.0,116.47576735030106
18,2024-06-04 17:00:00,1403/03/15,120,SO,3,36,8.0,12.0,8.8,121.0,111.2,1.92385586,18,1,6,2024,112.0,115.0,85.0,114.94881610245629
19,2024-06-04 18:00:00,1403/03/15,121,SO,3,31,12.0,12.1,9.0,121.0,112.9,1.894340769,19,1,6,2024,113.0,114.0,85.0,113.74
20,2024-06-04 19:00:00,1403/03/15,122,SO,3,29,14.0,12.1,9.0,121.0,113.7,1.854810307,20,1,6,2024,116.0,116.0,90.0,116.55770109535732
21,2024-06-04 20:00:00,1403/03/15,115,LF1,3,28,13.0,12.1,9.0,121.0,113.7,1.824673662,21,1,6,2024,116.0,117.0,90.0,116.52144471512197
22,2024-06-04 21:00:00,1403/03/15,116,LF1,3,27,16.0,12.1,9.0,121.0,113.7,1.684381042,22,1,6,2024,117.0,119.0,80.0,117.18464029930507
23,2024-06-04 22:00:00,1403/03/15,118,LF1,3,25,18.0,12.2,8.9,121.0,114.5,1.461599086,23,1,6,2024,117.0,118.0,80.0,118.9060740312155
24,2024-06-04 23:00:00,1403/03/16,119,LF1,3,24,22.0,12.0,8.8,121.0,114.5,1.268967702,24,1,6,2024,117.0,118.0,80.0,119.32830509919691
1,2024-06-05 00:00:00,1403/03/16,119,LF1,3,23,23.0,12.2,8.9,121.0,117.8,1.131252656,1,2,6,2024,118.0,120.0,90.0,118.63442166106844
2,2024-06-05 01:00:00,1403/03/16,120,LF1,3,21,25.0,12.2,8.9,121.0,117.8,1.010714192,2,2,6,2024,118.0,119.0,75.0,119.33656041280238
3,2024-06-05 02:00:00,1403/03/16,121,LF1,3,20,25.0,12.2,8.9,121.0,117.8,0.910694484,3,2,6,2024,119.0,120.0,117.0,120.28790592310503
4,2024-06-05 03:00:00,1403/03/16,121,LF1,3,21,26.0,12.2,8.9,121.0,117.8,0.836132877,4,2,6,2024,120.0,122.0,116.0,120.42315954773126
5,2024-06-05 04:00:00,1403/03/16,121,LF1,3,22,27.0,12.2,8.9,121.0,117.8,0.80526881,5,2,6,2024,121.0,123.0,119.0,120.15359296817769
6,2024-06-05 05:00:00,1403/03/16,121,LF1,3,24,27.0,12.2,8.9,121.0,117.8,0.815970217,6,2,6,2024,123.0,123.0,119.0,119.4138865406189
7,2024-06-05 06:00:00,1403/03/16,120,LF1,3,26,22.0,11.9,8.7,121.0,115.3,0.872519471,7,2,6,2024,122.0,122.0,118.0,119.0399307198032
8,2024-06-05 07:00:00,1403/03/16,118,LF1,3,29,12.0,11.9,8.7,121.0,112.9,0.9939681,8,2,6,2024,118.0,119.0,115.0,118.18737998074815
9,2024-06-05 08:00:00,1403/03/16,119,LF1,3,35,8.0,11.9,8.7,121.0,111.2,1.198090591,9,2,6,2024,115.0,115.0,113.0,117.23081073045029
10,2024-06-05 09:00:00,1403/03/16,113,LF1,3,35,6.0,11.9,8.7,121.0,109.6,1.48050602,10,2,6,2024,112.0,114.0,112.0,116.63375972787273
11,2024-06-05 10:00:00,1403/03/16,122,LF1,3,37,6.0,12.4,8.9,121.0,108.8,1.808338269,11,2,6,2024,121.0,113.0,110.0,117.61865427506
12,2024-06-05 11:00:00,1403/03/16,121,LF1,3,39,4.0,12.4,8.9,121.0,107.9,2.13885072,12,2,6,2024,120.0,110.0,107.0,117.85410424654071
13,2024-06-05 12:00:00,1403/03/16,120,LF1,3,39,5.0,12.4,8.9,121.0,107.9,2.381219876,13,2,6,2024,120.0,107.0,107.0,117.77725016226302
14,2024-06-05 13:00:00,1403/03/16,120,LF1,3,40,6.0,12.4,8.9,121.0,107.9,2.431806372,14,2,6,2024,120.0,119.0,115.0,118.77012395596877
15,2024-06-05 14:00:00,1403/03/16,120,SO,3,39,8.0,12.3,8.8,121.0,107.9,2.31968068,15,2,6,2024,120.0,120.0,118.0,118.96525838809845
16,2024-06-05 15:00:00,1403/03/16,119,SO,3,39,9.0,12.3,8.8,121.0,108.8,2.111334862,16,2,6,2024,120.0,120.0,118.0,118.86786461703485
17,2024-06-05 16:00:00,1403/03/16,120,SO,3,37,9.0,12.3,8.8,121.0,109.6,1.931279641,17,2,6,2024,120.0,120.0,119.0,118.6439394572763
18,2024-06-05 17:00:00,1403/03/16,121,SO,3,36,9.0,12.3,8.8,121.0,111.2,1.862165147,18,2,6,2024,120.0,112.0,115.0,117.87835738019515
19,2024-06-05 18:00:00,1403/03/16,115,SO,3,33,12.0,12.4,8.9,121.0,112.9,1.833945906,19,2,6,2024,121.0,113.0,114.0,117.03622605100801
20,2024-06-05 19:00:00,1403/03/16,120,SO,3,30,12.0,12.4,8.9,121.0,113.7,1.78946504,20,2,6,2024,122.0,116.0,116.0,118.08535609868318
21,2024-06-05 20:00:00,1403/03/16,121,SO,3,28,11.0,12.4,8.9,121.0,113.7,1.74362982,21,2,6,2024,115.0,116.0,117.0,117.58122851588138
22,2024-06-05 21:00:00,1403/03/16,117,SO,3,26,14.0,12.4,8.9,121.0,113.7,1.587714461,22,2,6,2024,116.0,117.0,119.0,118.74375121719511
23,2024-06-05 22:00:00,1403/03/16,117,SO,3,26,24.0,12.4,8.7,121.0,114.5,1.386201385,23,2,6,2024,118.0,117.0,118.0,119.91160552517712
24,2024-06-05 23:00:00,1403/03/17,118,SO,3,24,16.0,12.2,8.9,121.0,114.5,1.223950221,24,2,6,2024,119.0,117.0,118.0,119.48072527955125
1,2024-06-06 00:00:00,1403/03/17,119,SO,3,22,18.0,12.4,8.7,121.0,117.8,1.107244939,1,3,6,2024,119.0,118.0,120.0,120.30235004891239
2,2024-06-06 01:00:00,1403/03/17,119,SO,3,21,18.0,12.4,8.7,121.0,117.8,0.998285007,2,3,6,2024,120.0,118.0,119.0,120.15709879725597
3,2024-06-06 02:00:00,1403/03/17,119,SO,3,19,20.0,12.7,8.9,121.0,117.8,0.900892778,3,3,6,2024,121.0,119.0,120.0,120.17814622897467
4,2024-06-06 03:00:00,1403/03/17,121,SO,3,19,23.0,12.7,8.9,121.0,117.8,0.828317522,4,3,6,2024,121.0,120.0,122.0,120.16782513844284
5,2024-06-06 04:00:00,1403/03/17,121,SO,3,18,24.0,12.7,8.9,121.0,117.8,0.799635196,5,3,6,2024,121.0,121.0,123.0,120.0181564049555
6,2024-06-06 05:00:00,1403/03/17,122,SO,3,22,26.0,12.7,8.9,121.0,117.8,0.812682891,6,3,6,2024,121.0,123.0,123.0,119.45551836359569
7,2024-06-06 06:00:00,1403/03/17,121,SO,3,25,18.0,12.1,8.7,121.0,115.3,0.870334694,7,3,6,2024,120.0,122.0,122.0,119.17647742661318
8,2024-06-06 07:00:00,1403/03/17,118,SO,3,29,12.0,12.1,8.7,121.0,112.9,0.991205581,8,3,6,2024,118.0,118.0,119.0,118.80031397211131
9,2024-06-06 08:00:00,1403/03/17,115,SO,3,34,7.0,12.1,8.7,121.0,111.2,1.184133292,9,3,6,2024,119.0,115.0,115.0,117.69759258962168
10,2024-06-06 09:00:00,1403/03/17,115,SO,3,36,6.0,12.1,8.7,121.0,109.6,1.441927528,10,3,6,2024,113.0,112.0,114.0,116.76161021114208
11,2024-06-06 10:00:00,1403/03/17,121,SO,3,38,5.0,12.1,8.9,121.0,108.8,1.741065809,11,3,6,2024,122.0,121.0,113.0,118.7821607864145
12,2024-06-06 11:00:00,1403/03/17,120,SO,3,38,5.0,12.1,8.9,121.0,107.9,2.061322641,12,3,6,2024,121.0,120.0,110.0,118.23941016992507
13,2024-06-06 12:00:00,1403/03/17,120,SO,3,39,2.0,12.1,8.9,121.0,107.9,2.301426159,13,3,6,2024,120.0,120.0,107.0,118.26056590547009
14,2024-06-06 13:00:00,1403/03/17,121,SO,3,39,5.0,12.1,8.9,121.0,107.9,2.35454095,14,3,6,2024,120.0,120.0,119.0,119.02173876825466
15,2024-06-06 14:00:00,1403/03/17,120,SO,3,39,7.0,12.1,8.9,121.0,107.9,2.256465974,15,3,6,2024,120.0,120.0,120.0,118.65430396884145
16,2024-06-06 15:00:00,1403/03/17,120,SO,3,38,10.0,12.1,8.9,121.0,108.8,2.078675927,16,3,6,2024,119.0,120.0,120.0,118.85043780600003
17,2024-06-06 16:00:00,1403/03/17,120,SO,3,37,12.0,12.1,8.9,121.0,109.6,1.90823923,17,3,6,2024,120.0,120.0,120.0,118.72958643912139
18,2024-06-06 17:00:00,1403/03/17,117,SO,3,35,12.0,12.1,8.9,121.0,111.2,1.84153627,18,3,6,2024,121.0,120.0,112.0,117.84448637539776
19,2024-06-06 18:00:00,1403/03/17,114,SO,3,34,13.0,12.2,8.7,121.0,112.9,1.815884812,19,3,6,2024,115.0,121.0,113.0,116.47927369345578
20,2024-06-06 19:00:00,1403/03/17,115,SO,3,30,21.0,12.2,8.7,121.0,113.7,1.777155489,20,3,6,2024,120.0,122.0,116.0,117.98076001169572
21,2024-06-06 20:00:00,1403/03/17,117,LF1,3,28,28.0,12.2,8.7,121.0,113.7,1.729587928,21,3,6,2024,121.0,115.0,116.0,117.35020543565604
22,2024-06-06 21:00:00,1403/03/17,119,LF1,3,27,32.0,12.2,8.7,121.0,113.7,1.568138744,22,3,6,2024,117.0,116.0,117.0,118.12239964970895
23,2024-06-06 22:00:00,1403/03/17,118,LF1,3,26,39.0,12.4,8.9,121.0,114.5,1.34878657,23,3,6,2024,117.0,118.0,117.0,118.97833624317042
24,2024-06-06 23:00:00,1403/03/18,120,LF1,3,25,43.0,12.4,8.7,121.0,114.5,1.122955648,24,3,6,2024,118.0,119.0,117.0,119.05366837853487
1,2024-06-07 00:00:00,1403/03/18,117,LF1,3,24,35.0,12.4,8.9,121.0,0.0,1.012953015,1,4,6,2024,119.0,119.0,118.0,119.19208230056196
2,2024-06-07 01:00:00,1403/03/18,119,LF1,3,24,37.0,12.4,8.9,121.0,117.8,0.917293097,2,4,6,2024,119.0,120.0,118.0,119.00445640704426
3,2024-06-07 02:00:00,1403/03/18,119,LF1,3,22,40.0,12.7,9.0,121.0,0.0,0.832661668,3,4,6,2024,119.0,121.0,119.0,119.28977890232696
4,2024-06-07 03:00:00,1403/03/18,121,LF1,3,21,40.0,12.7,9.0,121.0,117.8,0.772122221,4,4,6,2024,121.0,121.0,120.0,119.32784133075566
5,2024-06-07 04:00:00,1403/03/18,122,LF1,3,20,36.0,12.7,9.0,121.0,0.0,0.753440316,5,4,6,2024,121.0,121.0,121.0,119.02574900016415
6,2024-06-07 05:00:00,1403/03/18,122,LF1,3,20,34.0,12.7,9.0,121.0,0.0,0.776097191,6,4,6,2024,122.0,121.0,123.0,118.36862401977649
7,2024-06-07 06:00:00,1403/03/18,119,LF1,3,26,25.0,12.3,8.7,121.0,0.0,0.843056514,7,4,6,2024,121.0,120.0,122.0,118.08373777294747
8,2024-06-07 07:00:00,1403/03/18,116,LF1,3,30,16.0,12.3,8.7,121.0,112.9,0.97817179,8,4,6,2024,118.0,118.0,118.0,117.77040605875104
9,2024-06-07 08:00:00,1403/03/18,115,LF1,3,35,12.0,12.3,8.7,121.0,0.0,1.203116792,9,4,6,2024,115.0,119.0,115.0,116.85384062052186
10,2024-06-07 09:00:00,1403/03/18,122,LF1,3,36,5.0,12.3,8.7,121.0,109.6,1.509833543,10,4,6,2024,115.0,113.0,112.0,116.44088396699144
11,2024-06-07 10:00:00,1403/03/18,121,LF1,3,38,4.0,12.3,8.7,121.0,0.0,1.830337243,11,4,6,2024,121.0,122.0,121.0,118.86420885786002
12,2024-06-07 11:00:00,1403/03/18,121,LF1,3,38,6.0,12.3,8.7,121.0,107.9,2.128215436,12,4,6,2024,120.0,121.0,120.0,118.67417749846958
13,2024-06-07 12:00:00,1403/03/18,121,LF1,3,39,8.0,12.3,8.7,121.0,0.0,2.307036146,13,4,6,2024,120.0,120.0,120.0,118.49930866371602
14,2024-06-07 13:00:00,1403/03/18,120,LF1,3,39,10.0,12.3,8.7,121.0,0.0,2.336552221,14,4,6,2024,121.0,120.0,120.0,118.43710856131369
15,2024-06-07 14:00:00,1403/03/18,120,SO,3,39,10.0,12.3,8.7,121.0,107.9,2.246461495,15,4,6,2024,120.0,120.0,120.0,118.35586632254518
16,2024-06-07 15:00:00,1403/03/18,119,SO,3,38,10.0,12.3,8.7,121.0,0.0,2.083411364,16,4,6,2024,120.0,119.0,120.0,118.18071884866967
17,2024-06-07 16:00:00,1403/03/18,112,SO,3,37,8.0,12.3,8.7,121.0,0.0,1.903218938,17,4,6,2024,120.0,120.0,120.0,117.57056949328204
18,2024-06-07 17:00:00,1403/03/18,112,SO,3,37,8.0,12.3,8.7,121.0,0.0,1.829337837,18,4,6,2024,117.0,121.0,120.0,117.4716307087952
19,2024-06-07 18:00:00,1403/03/18,113,SO,3,34,9.0,12.1,8.6,121.0,0.0,1.799138545,19,4,6,2024,114.0,115.0,121.0,114.41530457153698
20,2024-06-07 19:00:00,1403/03/18,114,SO,3,33,11.0,12.1,8.6,121.0,0.0,1.764608592,20,4,6,2024,115.0,120.0,122.0,116.59468647174347
21,2024-06-07 20:00:00,1403/03/18,114,LF1,3,32,13.0,12.1,8.6,121.0,113.7,1.723957614,21,4,6,2024,117.0,121.0,115.0,116.86969182430053
22,2024-06-07 21:00:00,1403/03/18,114,LF1,3,30,14.0,12.1,8.6,121.0,0.0,1.578400359,22,4,6,2024,119.0,117.0,116.0,117.0778214783282
23,2024-06-07 22:00:00,1403/03/18,117,LF1,3,33,17.0,12.4,8.7,121.0,114.5,1.337680124,23,4,6,2024,118.0,117.0,118.0,117.2939657270696
24,2024-06-07 23:00:00,1403/03/19,117,LF1,3,26,17.0,12.4,8.9,121.0,0.0,1.200750573,24,4,6,2024,120.0,118.0,119.0,117.50153039831866
1,2024-06-08 00:00:00,1403/03/19,117,LF1,3,24,21.0,12.4,8.7,121.0,120.0,1.066749599,1,5,6,2024,117.0,119.0,119.0,118.24387523686195
2,2024-06-08 01:00:00,1403/03/19,117,LF1,3,22,18.0,12.4,8.7,121.0,120.0,0.963331504,2,5,6,2024,119.0,119.0,120.0,118.05129049641046
3,2024-06-08 02:00:00,1403/03/19,120,LF1,3,22,22.0,12.7,8.9,121.0,120.0,0.87439863,3,5,6,2024,119.0,119.0,121.0,118.21778704223115
4,2024-06-08 03:00:00,1403/03/19,120,LF1,3,19,22.0,12.7,8.9,121.0,120.0,0.81228012,4,5,6,2024,121.0,121.0,121.0,118.03823908068117
5,2024-06-08 04:00:00,1403/03/19,120,LF1,3,19,23.0,12.7,8.9,121.0,120.0,0.794839427,5,5,6,2024,122.0,121.0,121.0,117.64868005136272
6,2024-06-08 05:00:00,1403/03/19,121,LF1,3,20,25.0,12.7,8.9,121.0,120.0,0.822540687,6,5,6,2024,122.0,122.0,121.0,117.44707633204581
7,2024-06-08 06:00:00,1403/03/19,119,LF1,3,26,22.0,12.2,8.7,121.0,118.3,0.896583419,7,5,6,2024,119.0,121.0,120.0,117.3519025784799
8,2024-06-08 07:00:00,1403/03/19,118,LF1,3,31,12.0,12.2,8.7,121.0,115.9,1.043798808,8,5,6,2024,116.0,118.0,118.0,116.15360878656391
9,2024-06-08 08:00:00,1403/03/19,114,LF1,3,34,8.0,12.2,8.7,121.0,114.2,1.290413602,9,5,6,2024,115.0,115.0,119.0,115.67306265022322
10,2024-06-08 09:00:00,1403/03/19,120,LF1,3,36,7.0,12.2,8.7,121.0,112.6,1.62978482,10,5,6,2024,122.0,115.0,113.0,115.71348761754442
11,2024-06-08 10:00:00,1403/03/19,121,LF1,3,38,4.0,12.3,8.8,121.0,111.8,1.969462868,11,5,6,2024,121.0,121.0,122.0,117.5122647820572
12,2024-06-08 11:00:00,1403/03/19,121,LF1,3,38,5.0,12.3,8.8,121.0,110.9,2.269547185,12,5,6,2024,121.0,120.0,121.0,117.24361016142669
13,2024-06-08 12:00:00,1403/03/19,121,LF1,3,39,5.0,12.3,8.8,121.0,110.9,2.435082599,13,5,6,2024,121.0,120.0,120.0,117.2647658969717
14,2024-06-08 13:00:00,1403/03/19,120,LF1,3,40,4.0,12.3,8.8,121.0,110.9,2.451561645,14,5,6,2024,120.0,121.0,120.0,117.48259289142283
15,2024-06-08 14:00:00,1403/03/19,120,SO,3,39,6.0,12.6,8.8,121.0,110.9,2.359642708,15,5,6,2024,120.0,120.0,120.0,116.87526779617848
16,2024-06-08 15:00:00,1403/03/19,119,SO,3,38,9.0,12.6,8.8,121.0,111.8,2.191940858,16,5,6,2024,119.0,120.0,119.0,116.75671828956987
17,2024-06-08 16:00:00,1403/03/19,120,SO,3,37,9.0,12.6,8.8,121.0,112.6,1.999236784,17,5,6,2024,112.0,120.0,120.0,115.58921946028705
18,2024-06-08 17:00:00,1403/03/19,120,SO,3,36,9.0,12.6,8.8,121.0,114.2,1.918852088,18,5,6,2024,112.0,117.0,121.0,116.03294937271556
19,2024-06-08 18:00:00,1403/03/19,120,SO,3,33,11.0,12.2,8.7,121.0,115.9,1.890210693,19,5,6,2024,113.0,114.0,115.0,114.04605669323638
20,2024-06-08 19:00:00,1403/03/19,114,SO,3,31,14.0,12.2,8.7,121.0,116.7,1.855960545,20,5,6,2024,114.0,115.0,120.0,114.91053987020352
21,2024-06-08 20:00:00,1403/03/19,116,LF1,3,28,14.0,12.2,8.7,121.0,116.7,1.820585663,21,5,6,2024,114.0,117.0,121.0,115.7798755273714
22,2024-06-08 21:00:00,1403/03/19,116,LF1,3,26,15.0,12.2,8.7,121.0,116.7,1.688382825,22,5,6,2024,114.0,119.0,117.0,116.84143839984817
23,2024-06-08 22:00:00,1403/03/19,115,LF1,3,25,17.0,12.2,8.7,121.0,117.5,1.438505949,23,5,6,2024,117.0,118.0,117.0,118.53855439771341
24,2024-06-08 23:00:00,1403/03/20,115,LF1,3,24,19.0,12.4,8.7,121.0,118.3,1.223541612,24,5,6,2024,117.0,120.0,118.0,118.05778752157502
1,2024-06-09 00:00:00,1403/03/20,118,LF1,3,22,22.0,12.2,8.7,121.0,120.0,1.078825845,1,6,6,2024,117.0,117.0,119.0,119.3344057589924
2,2024-06-09 01:00:00,1403/03/20,118,LF1,3,21,21.0,12.2,8.7,121.0,120.0,0.970431139,2,6,6,2024,117.0,119.0,119.0,119.21820759103096
3,2024-06-09 02:00:00,1403/03/20,118,LF1,3,21,23.0,13.0,8.9,121.0,120.0,0.877794549,3,6,6,2024,120.0,119.0,119.0,118.8949391352931
4,2024-06-09 03:00:00,1403/03/20,120,LF1,3,20,26.0,13.0,8.9,121.0,120.0,0.814357586,4,6,6,2024,120.0,121.0,121.0,119.24096104191565
5,2024-06-09 04:00:00,1403/03/20,121,LF1,3,19,26.0,13.0,8.9,121.0,120.0,0.797176736,5,6,6,2024,120.0,122.0,121.0,118.81869245334967
6,2024-06-09 05:00:00,1403/03/20,122,LF1,3,22,25.0,13.0,8.9,121.0,120.0,0.826064499,6,6,6,2024,121.0,122.0,122.0,118.43526691725909
7,2024-06-09 06:00:00,1403/03/20,120,LF1,3,25,25.0,12.3,8.7,121.0,118.3,0.902122251,7,6,6,2024,119.0,119.0,121.0,118.12090671774294
8,2024-06-09 07:00:00,1403/03/20,117,LF1,3,30,14.0,12.3,8.7,121.0,115.9,1.053391987,8,6,6,2024,118.0,116.0,118.0,117.70423822453381
9,2024-06-09 08:00:00,1403/03/20,116,LF1,3,34,11.0,12.3,8.7,121.0,114.2,1.312585591,9,6,6,2024,114.0,115.0,115.0,116.02504217104328
10,2024-06-09 09:00:00,1403/03/20,121,LF1,3,36,8.0,12.3,8.7,121.0,112.6,1.664513192,10,6,6,2024,120.0,122.0,115.0,117.66199650572702
11,2024-06-09 10:00:00,1403/03/20,120,LF1,3,37,7.0,12.9,8.8,121.0,111.8,2.007959281,11,6,6,2024,121.0,121.0,121.0,118.27454859695007
12,2024-06-09 11:00:00,1403/03/20,120,LF1,3,38,7.0,12.9,8.8,121.0,110.9,2.302321045,12,6,6,2024,121.0,121.0,120.0,118.2972103630469
13,2024-06-09 12:00:00,1403/03/20,120,LF1,3,39,7.0,12.9,8.8,121.0,110.9,2.45136096,13,6,6,2024,121.0,121.0,120.0,118.3183660985919
14,2024-06-09 13:00:00,1403/03/20,119,LF1,3,38,9.0,12.9,8.8,121.0,110.9,2.47195415,14,6,6,2024,120.0,120.0,121.0,118.0352567658358
15,2024-06-09 14:00:00,1403/03/20,120,SO,3,39,9.0,12.5,8.8,121.0,110.9,2.396781394,15,6,6,2024,120.0,120.0,120.0,117.97517026261232
16,2024-06-09 15:00:00,1403/03/20,120,SO,3,37,12.0,12.5,8.8,121.0,111.8,2.24450738,16,6,6,2024,119.0,119.0,120.0,117.85433474650532
17,2024-06-09 16:00:00,1403/03/20,120,SO,3,37,17.0,12.5,8.8,121.0,112.6,2.050655102,17,6,6,2024,120.0,112.0,120.0,117.19783885998746
18,2024-06-09 17:00:00,1403/03/20,120,SO,3,35,18.0,12.5,8.8,121.0,114.2,1.970673737,18,6,6,2024,120.0,112.0,117.0,117.29869176716637
19,2024-06-09 18:00:00,1403/03/20,121,SO,3,31,22.0,12.4,8.9,121.0,115.9,1.93862938,19,6,6,2024,120.0,113.0,114.0,116.7902518145306
20,2024-06-09 19:00:00,1403/03/20,121,SO,3,30,31.0,12.4,8.9,121.0,116.7,1.904306978,20,6,6,2024,114.0,114.0,115.0,115.51400715493715
21,2024-06-09 20:00:00,1403/03/20,118,SO,3,29,32.0,12.4,8.9,121.0,116.7,1.872593325,21,6,6,2024,116.0,114.0,117.0,117.44219476699168
22,2024-06-09 21:00:00,1403/03/20,117,SO,3,27,37.0,12.4,8.9,121.0,116.7,1.743850485,22,6,6,2024,116.0,114.0,119.0,117.63713512243693
23,2024-06-09 22:00:00,1403/03/20,116,SO,3,28,35.0,12.4,8.8,121.0,117.5,1.487750867,23,6,6,2024,115.0,117.0,118.0,118.49799452528919
24,2024-06-09 23:00:00,1403/03/21,116,SO,3,25,36.0,12.2,8.7,121.0,118.3,1.265340376,24,6,6,2024,115.0,117.0,120.0,118.98654272799567
1,2024-06-10 00:00:00,1403/03/21,117,LF1,3,24,37.0,12.4,8.8,121.0,120.0,1.112352161,1,0,6,2024,118.0,117.0,117.0,119.63323283751546
2,2024-06-10 01:00:00,1403/03/21,118,LF1,3,23,39.0,12.4,8.8,121.0,120.0,0.995431967,2,0,6,2024,118.0,117.0,119.0,119.44560694399773
3,2024-06-10 02:00:00,1403/03/21,118,LF1,3,22,44.0,12.2,8.9,121.0,120.0,0.895774766,3,0,6,2024,118.0,120.0,119.0,119.55964565147478
4,2024-06-10 03:00:00,1403/03/21,120,LF1,3,22,42.0,12.2,8.9,121.0,120.0,0.827718201,4,0,6,2024,120.0,120.0,121.0,119.56674991133993
5,2024-06-10 04:00:00,1403/03/21,120,LF1,3,21,36.0,12.2,8.9,121.0,120.0,0.808785496,5,0,6,2024,121.0,120.0,122.0,119.26172400019274
6,2024-06-10 05:00:00,1403/03/21,120,LF1,3,21,35.0,12.2,8.9,121.0,120.0,0.837598715,6,0,6,2024,122.0,121.0,122.0,118.71001593115456
7,2024-06-10 06:00:00,1403/03/21,119,LF1,3,27,32.0,12.4,8.0,121.0,118.3,0.914601976,7,0,6,2024,120.0,119.0,119.0,118.3777323397413
8,2024-06-10 07:00:00,1403/03/21,116,LF1,3,32,23.0,12.4,8.0,121.0,115.9,1.069238058,8,0,6,2024,117.0,118.0,116.0,118.03582958722069
9,2024-06-10 08:00:00,1403/03/21,114,LF1,3,35,14.0,12.4,8.0,121.0,114.2,1.334242791,9,0,6,2024,116.0,114.0,115.0,116.43871356065213
10,2024-06-10 09:00:00,1403/03/21,114,LF1,3,37,10.0,12.4,8.0,121.0,112.6,1.696164917,10,0,6,2024,121.0,120.0,122.0,117.22235171400418
11,2024-06-10 10:00:00,1403/03/21,114,LF1,3,39,9.0,12.4,8.8,121.0,111.8,2.05770027,11,0,6,2024,120.0,121.0,121.0,117.8287193571031
12,2024-06-10 11:00:00,1403/03/21,118,LF1,3,40,10.0,12.4,8.8,121.0,110.9,2.382063058,12,0,6,2024,120.0,121.0,121.0,117.8324482816133
13,2024-06-10 12:00:00,1403/03/21,118,LF1,3,40,11.0,12.4,8.8,121.0,110.9,2.56413384,13,0,6,2024,120.0,121.0,121.0,117.8324482816133
14,2024-06-10 13:00:00,1403/03/21,119,LF1,3,39,12.0,12.4,8.8,121.0,110.9,2.60050898,14,0,6,2024,119.0,120.0,120.0,117.63649140066653
15,2024-06-10 14:00:00,1403/03/21,120,SO,3,38,12.0,12.3,8.8,121.0,110.9,2.526306633,15,0,6,2024,120.0,120.0,120.0,117.53409342635302
16,2024-06-10 15:00:00,1403/03/21,120,SO,3,38,13.0,12.3,8.8,121.0,111.8,2.365461457,16,0,6,2024,120.0,119.0,119.0,117.4366996552894
17,2024-06-10 16:00:00,1403/03/21,119,SO,3,37,15.0,12.3,8.8,121.0,112.6,2.153209037,17,0,6,2024,120.0,120.0,112.0,116.79476855934502
18,2024-06-10 17:00:00,1403/03/21,119,SO,3,36,20.0,12.3,8.8,121.0,114.2,2.061266229,18,0,6,2024,120.0,120.0,112.0,117.13134252843446
19,2024-06-10 18:00:00,1403/03/21,114,SO,3,32,22.0,12.0,8.7,121.0,115.9,2.024085688,19,0,6,2024,121.0,120.0,113.0,116.39727453719051
20,2024-06-10 19:00:00,1403/03/21,114,SO,3,31,22.0,12.0,8.7,121.0,116.7,1.985460103,20,0,6,2024,121.0,114.0,114.0,116.1114776626515
21,2024-06-10 20:00:00,1403/03/21,115,SO,3,30,24.0,12.0,8.7,121.0,116.7,1.95144784,21,0,6,2024,118.0,116.0,114.0,116.46115154502327
22,2024-06-10 21:00:00,1403/03/21,117,SO,3,28,28.0,12.0,8.7,121.0,116.7,1.818090812,22,0,6,2024,117.0,116.0,114.0,116.53663058654858
23,2024-06-10 22:00:00,1403/03/21,118,SO,3,26,35.0,12.4,8.9,121.0,117.5,1.553995726,23,0,6,2024,116.0,115.0,117.0,117.08192047949596
24,2024-06-10 23:00:00,1403/03/22,118,SO,3,25,34.0,12.4,8.8,121.0,118.3,1.321172072,24,0,6,2024,116.0,115.0,117.0,117.00741995485691
1,2024-06-11 00:00:00,1403/03/22,120,SO,3,25,36.0,12.4,8.9,121.0,120.0,1.156669236,1,1,6,2024,117.0,118.0,117.0,118.13619445147896
2,2024-06-11 01:00:00,1403/03/22,120,SO,3,25,36.0,12.4,8.9,121.0,120.0,1.027459626,2,1,6,2024,118.0,118.0,117.0,117.94856855796124
3,2024-06-11 02:00:00,1403/03/22,120,SO,3,23,35.0,12.6,8.8,121.0,120.0,0.921766411,3,1,6,2024,118.0,118.0,120.0,117.94364999599998
4,2024-06-11 03:00:00,1403/03/22,118,SO,3,25,28.0,12.6,8.8,121.0,120.0,0.850402684,4,1,6,2024,120.0,120.0,120.0,118.2712600628355
5,2024-06-11 04:00:00,1403/03/22,118,SO,3,24,29.0,12.6,8.8,121.0,120.0,0.831900483,5,1,6,2024,120.0,121.0,120.0,118.12416206317891
6,2024-06-11 05:00:00,1403/03/22,117,SO,3,24,27.0,12.6,8.8,121.0,120.0,0.864954077,6,1,6,2024,120.0,122.0,121.0,117.29919822055408
7,2024-06-11 06:00:00,1403/03/22,119,SO,3,26,28.0,12.1,8.7,121.0,118.3,0.951738237,7,1,6,2024,119.0,120.0,119.0,117.10608707506834
8,2024-06-11 07:00:00,1403/03/22,115,SO,3,33,15.0,12.1,8.7,121.0,115.9,1.12626781,8,1,6,2024,116.0,117.0,118.0,116.11973443560022
9,2024-06-11 08:00:00,1403/03/22,113,SO,3,36,11.0,12.1,8.7,121.0,114.2,1.429466299,9,1,6,2024,114.0,116.0,114.0,115.27558922555943
10,2024-06-11 09:00:00,1403/03/22,112,SO,3,38,8.0,12.1,8.7,121.0,112.6,1.844948811,10,1,6,2024,114.0,121.0,120.0,115.72601047582557
11,2024-06-11 10:00:00,1403/03/22,119,SO,3,41,5.0,12.1,8.7,121.0,111.8,2.254827016,11,1,6,2024,114.0,120.0,121.0,116.285601209828
12,2024-06-11 11:00:00,1403/03/22,118,SO,3,41,5.0,12.1,8.7,121.0,110.9,2.60209667,12,1,6,2024,118.0,120.0,121.0,117.15545068533253
13,2024-06-11 12:00:00,1403/03/22,118,SO,3,42,6.0,12.1,8.7,121.0,110.9,2.76943779,13,1,6,2024,118.0,120.0,121.0,117.01123988989228
14,2024-06-11 13:00:00,1403/03/22,118,SO,3,40,9.0,12.1,8.7,121.0,110.9,2.786728921,14,1,6,2024,119.0,119.0,120.0,116.96331013240007
15,2024-06-11 14:00:00,1403/03/22,118,SO,3,39,14.0,12.1,8.8,121.0,110.9,2.697206674,15,1,6,2024,120.0,120.0,120.0,116.9381711579461
16,2024-06-11 15:00:00,1403/03/22,118,SO,3,39,13.0,12.1,8.8,121.0,111.8,2.515031722,16,1,6,2024,120.0,120.0,119.0,116.6971337233941
17,2024-06-11 16:00:00,1403/03/22,118,SO,3,38,13.0,12.1,8.8,121.0,112.6,2.272774095,17,1,6,2024,119.0,120.0,120.0,116.56114155497903
18,2024-06-11 17:00:00,1403/03/22,112,SO,3,35,17.0,12.1,8.8,121.0,114.2,2.161321041,18,1,6,2024,119.0,120.0,120.0,116.55633356642193
19,2024-06-11 18:00:00,1403/03/22,112,SO,3,34,20.0,12.0,8.6,121.0,115.9,2.114192741,19,1,6,2024,114.0,121.0,120.0,114.91178715735624
20,2024-06-11 19:00:00,1403/03/22,114,SO,3,31,22.0,12.0,8.6,121.0,116.7,2.0669484,20,1,6,2024,114.0,121.0,114.0,115.0559802309338
21,2024-06-11 20:00:00,1403/03/22,115,LF1,3,29,23.0,12.0,8.6,121.0,116.7,2.028105923,21,1,6,2024,115.0,118.0,116.0,116.52434640726521
22,2024-06-11 21:00:00,1403/03/22,115,LF1,3,28,23.0,12.0,8.6,121.0,116.7,1.903183062,22,1,6,2024,117.0,117.0,116.0,117.01932523602257
23,2024-06-11 22:00:00,1403/03/22,115,LF1,3,28,22.0,12.5,8.8,121.0,117.5,1.64197766,23,1,6,2024,118.0,116.0,115.0,117.06582109743682
24,2024-06-11 23:00:00,1403/03/23,115,LF1,3,26,24.0,12.4,8.9,121.0,118.3,1.394558283,24,1,6,2024,118.0,116.0,115.0,117.36726859715887
1,2024-06-12 00:00:00,1403/03/23,116,LF1,3,25,26.0,12.5,8.8,121.0,120.0,1.216893506,1,2,6,2024,120.0,117.0,118.0,117.94777844546365
2,2024-06-12 01:00:00,1403/03/23,116,LF1,3,25,24.0,12.5,8.8,121.0,120.0,1.07452229,2,2,6,2024,120.0,118.0,118.0,117.83240064960893
3,2024-06-12 02:00:00,1403/03/23,118,LF1,3,24,30.0,12.5,8.8,121.0,120.0,0.957564457,3,2,6,2024,120.0,118.0,118.0,117.87641010098943
4,2024-06-12 03:00:00,1403/03/23,120,LF1,3,23,33.0,12.5,8.8,121.0,120.0,0.876852132,4,2,6,2024,118.0,120.0,120.0,117.57748556069373
5,2024-06-12 04:00:00,1403/03/23,110,LF1,3,21,33.0,12.5,8.8,121.0,120.0,0.853280572,5,2,6,2024,118.0,120.0,121.0,116.93696205597668
6,2024-06-12 05:00:00,1403/03/23,110,LF1,3,24,32.0,12.5,8.8,121.0,120.0,0.882644427,6,2,6,2024,117.0,120.0,122.0,116.19332160238221
7,2024-06-12 06:00:00,1403/03/23,120,LF1,3,28,22.0,12.5,8.8,121.0,118.3,0.966964598,7,2,6,2024,119.0,119.0,120.0,116.29649075002429
8,2024-06-12 07:00:00,1403/03/23,117,LF1,3,30,18.0,12.5,8.8,121.0,115.9,1.139384973,8,2,6,2024,115.0,116.0,117.0,115.45333336133848
9,2024-06-12 08:00:00,1403/03/23,114,LF1,3,36,10.0,12.5,8.8,121.0,114.2,1.437908325,9,2,6,2024,113.0,114.0,116.0,114.2692472233017
10,2024-06-12 09:00:00,1403/03/23,113,LF1,3,38,7.0,12.5,8.8,121.0,112.6,1.853352478,10,2,6,2024,112.0,114.0,121.0,114.42937143748128
11,2024-06-12 10:00:00,1403/03/23,120,LF1,3,39,5.0,12.8,8.9,121.0,111.8,2.284491334,11,2,6,2024,119.0,114.0,120.0,116.14004841465217
12,2024-06-12 11:00:00,1403/03/23,120,LF1,3,40,3.0,12.8,8.9,121.0,110.9,2.655974075,12,2,6,2024,118.0,118.0,120.0,116.61222334877436
13,2024-06-12 12:00:00,1403/03/23,119,LF1,3,40,3.0,12.8,8.9,121.0,110.9,2.81681273,13,2,6,2024,118.0,118.0,120.0,116.61222334877436
14,2024-06-12 13:00:00,1403/03/23,120,LF1,3,41,4.0,12.8,8.9,121.0,110.9,2.820042301,14,2,6,2024,118.0,119.0,119.0,116.7211336266626
15,2024-06-12 14:00:00,1403/03/23,119,SO,3,41,4.0,12.4,8.8,121.0,110.9,2.726372799,15,2,6,2024,118.0,120.0,120.0,116.58190593019242
16,2024-06-12 15:00:00,1403/03/23,119,SO,3,41,4.0,12.4,8.8,121.0,111.8,2.545924866,16,2,6,2024,118.0,120.0,120.0,116.61821985423651
17,2024-06-12 16:00:00,1403/03/23,119,SO,3,40,5.0,12.4,8.8,121.0,112.6,2.307505883,17,2,6,2024,118.0,119.0,120.0,116.50338342136646
18,2024-06-12 17:00:00,1403/03/23,119,SO,3,38,6.0,12.4,8.8,121.0,114.2,2.200010631,18,2,6,2024,112.0,119.0,120.0,115.12150759603341
19,2024-06-12 18:00:00,1403/03/23,120,SO,3,36,7.0,12.6,8.9,121.0,115.9,2.14764774,19,2,6,2024,112.0,114.0,121.0,113.74
20,2024-06-12 19:00:00,1403/03/23,120,SO,3,32,9.0,12.6,8.9,121.0,116.7,2.092044421,20,2,6,2024,114.0,114.0,121.0,114.12454440251662
21,2024-06-12 20:00:00,1403/03/23,121,SO,3,29,12.0,12.6,8.9,121.0,116.7,2.043865261,21,2,6,2024,115.0,115.0,118.0,115.36577863039057
22,2024-06-12 21:00:00,1403/03/23,114,SO,3,29,10.0,12.6,8.9,121.0,116.7,1.915242122,22,2,6,2024,115.0,117.0,117.0,115.9059674729939
23,2024-06-12 22:00:00,1403/03/23,116,SO,3,29,12.0,12.6,8.9,121.0,117.5,1.658895206,23,2,6,2024,115.0,118.0,116.0,116.36800019675836
24,2024-06-12 23:00:00,1403/03/24,118,SO,3,26,15.0,12.5,8.8,121.0,118.3,1.418669029,24,2,6,2024,115.0,118.0,116.0,116.83802836924912
1,2024-06-13 00:00:00,1403/03/24,118,SO,3,27,14.0,12.6,8.9,121.0,120.0,1.243091265,1,3,6,2024,116.0,120.0,117.0,117.72788101372723
2,2024-06-13 01:00:00,1403/03/24,118,SO,3,27,15.0,12.6,8.9,121.0,120.0,1.097337821,2,3,6,2024,116.0,120.0,118.0,117.59212178839613
3,2024-06-13 02:00:00,1403/03/24,118,SO,3,24,15.0,12.6,8.9,121.0,120.0,0.973764969,3,3,6,2024,118.0,120.0,118.0,117.9951786315943
4,2024-06-13 03:00:00,1403/03/24,117,SO,3,21,15.0,12.6,8.9,121.0,120.0,0.887746487,4,3,6,2024,120.0,118.0,120.0,118.01233875030923
5,2024-06-13 04:00:00,1403/03/24,120,SO,3,19,21.0,12.6,8.9,121.0,120.0,0.859187073,5,3,6,2024,110.0,118.0,120.0,116.31976138683578
6,2024-06-13 05:00:00,1403/03/24,120,SO,3,22,18.0,12.6,8.9,121.0,120.0,0.881934268,6,3,6,2024,110.0,117.0,120.0,116.46153702325881
7,2024-06-13 06:00:00,1403/03/24,117,SO,3,27,14.0,12.5,8.7,121.0,118.3,0.959557981,7,3,6,2024,120.0,119.0,119.0,117.5467326340281
8,2024-06-13 07:00:00,1403/03/24,117,SO,3,31,11.0,12.5,8.7,121.0,115.9,1.121021103,8,3,6,2024,117.0,115.0,116.0,116.69323538441857
9,2024-06-13 08:00:00,1403/03/24,114,SO,3,35,6.0,12.5,8.7,121.0,114.2,1.398097467,9,3,6,2024,114.0,113.0,114.0,115.3609095989514
10,2024-06-13 09:00:00,1403/03/24,116,SO,3,36,5.0,12.5,8.7,121.0,112.6,1.783213158,10,3,6,2024,113.0,112.0,114.0,115.4598609826848
11,2024-06-13 10:00:00,1403/03/24,121,SO,3,37,5.0,12.4,8.9,121.0,111.8,2.220626633,11,3,6,2024,120.0,119.0,114.0,117.59242292716604
12,2024-06-13 11:00:00,1403/03/24,121,SO,3,38,5.0,12.4,8.9,121.0,110.9,2.635828109,12,3,6,2024,120.0,118.0,118.0,117.87792290221591
13,2024-06-13 12:00:00,1403/03/24,121,SO,3,38,5.0,12.4,8.9,121.0,110.9,2.846335261,13,3,6,2024,119.0,118.0,118.0,117.87792290221591
14,2024-06-13 13:00:00,1403/03/24,121,SO,3,39,5.0,12.4,8.9,121.0,110.9,2.874860584,14,3,6,2024,120.0,118.0,119.0,117.87701533638094
15,2024-06-13 14:00:00,1403/03/24,120,SO,3,38,6.0,12.6,8.8,121.0,110.9,2.786792137,15,3,6,2024,119.0,118.0,120.0,117.93009611099265
16,2024-06-13 15:00:00,1403/03/24,120,SO,3,38,8.0,12.6,8.8,121.0,111.8,2.591681269,16,3,6,2024,119.0,118.0,120.0,117.83270233992903
17,2024-06-13 16:00:00,1403/03/24,120,SO,3,37,10.0,12.6,8.8,121.0,112.6,2.342420177,17,3,6,2024,119.0,118.0,119.0,117.65520711963771
18,2024-06-13 17:00:00,1403/03/24,121,SO,3,35,11.0,12.6,8.8,121.0,114.2,2.22920433,18,3,6,2024,119.0,112.0,119.0,117.1467425013812
19,2024-06-13 18:00:00,1403/03/24,115,SO,3,34,12.0,12.6,8.9,121.0,115.9,2.174436559,19,3,6,2024,120.0,112.0,114.0,115.892856440939
20,2024-06-13 19:00:00,1403/03/24,122,SO,3,31,13.0,12.6,8.9,121.0,116.7,2.121660451,20,3,6,2024,120.0,114.0,114.0,116.50481690997307
21,2024-06-13 20:00:00,1403/03/24,122,SO,3,30,15.0,12.6,8.9,121.0,116.7,2.075387329,21,3,6,2024,121.0,115.0,115.0,116.70448462743984
22,2024-06-13 21:00:00,1403/03/24,116,SO,3,27,17.0,12.6,8.9,121.0,116.7,1.929447708,22,3,6,2024,114.0,115.0,117.0,115.4696058891342
23,2024-06-13 22:00:00,1403/03/24,115,SO,3,26,15.0,12.2,8.7,121.0,117.5,1.660571205,23,3,6,2024,116.0,115.0,118.0,117.72310386207835
24,2024-06-13 23:00:00,1403/03/25,117,SO,3,25,19.0,12.6,8.9,121.0,118.3,1.349813989,24,3,6,2024,118.0,115.0,118.0,118.19243369392919
1,2024-06-14 00:00:00,1403/03/25,117,SO,3,23,22.0,12.2,8.7,121.0,120.0,1.183017184,1,4,6,2024,118.0,116.0,120.0,119.25326598257129
2,2024-06-14 01:00:00,1403/03/25,118,SO,3,23,18.0,12.2,8.7,121.0,120.0,1.044420603,2,4,6,2024,118.0,116.0,120.0,118.90144089762956
3,2024-06-14 02:00:00,1403/03/25,118,SO,3,21,18.0,13.0,8.9,121.0,120.0,0.927291133,3,4,6,2024,118.0,118.0,120.0,119.00194114316153
4,2024-06-14 03:00:00,1403/03/25,119,SO,3,21,20.0,13.0,8.9,121.0,120.0,0.845278238,4,4,6,2024,117.0,120.0,118.0,119.13473200752375
5,2024-06-14 04:00:00,1403/03/25,120,SO,3,20,23.0,13.0,8.9,121.0,120.0,0.817257937,5,4,6,2024,120.0,110.0,118.0,118.25802678303079
6,2024-06-14 05:00:00,1403/03/25,120,SO,3,20,25.0,13.0,8.9,121.0,120.0,0.838311786,6,4,6,2024,120.0,110.0,117.0,117.5364001782463
7,2024-06-14 06:00:00,1403/03/25,120,SO,3,27,20.0,12.7,8.7,121.0,118.3,0.912864012,7,4,6,2024,117.0,120.0,119.0,117.98077580279075
8,2024-06-14 07:00:00,1403/03/25,117,SO,3,31,12.0,12.7,8.7,121.0,115.9,1.069803623,8,4,6,2024,117.0,117.0,115.0,117.21620840094744
9,2024-06-14 08:00:00,1403/03/25,115,SO,3,33,9.0,12.7,8.7,121.0,114.2,1.342571296,9,4,6,2024,114.0,114.0,113.0,115.71624002579763
10,2024-06-14 09:00:00,1403/03/25,113,SO,3,35,8.0,12.7,8.7,121.0,112.6,1.72758074,10,4,6,2024,116.0,113.0,112.0,115.95985457987267
11,2024-06-14 10:00:00,1403/03/25,119,SO,3,37,7.0,12.9,8.8,121.0,111.8,2.155790567,11,4,6,2024,121.0,120.0,119.0,117.95137646261084
12,2024-06-14 11:00:00,1403/03/25,120,SO,3,38,6.0,12.9,8.8,121.0,110.9,2.54054866,12,4,6,2024,121.0,120.0,118.0,117.98251278134535
13,2024-06-14 12:00:00,1403/03/25,119,SO,3,39,7.0,12.9,8.8,121.0,110.9,2.717276308,13,4,6,2024,121.0,119.0,118.0,117.56199720732045
14,2024-06-14 13:00:00,1403/03/25,118,SO,3,39,7.0,12.9,8.8,121.0,110.9,2.726048971,14,4,6,2024,121.0,120.0,118.0,117.57799411784977
15,2024-06-14 14:00:00,1403/03/25,119,SO,3,39,9.0,12.6,8.8,121.0,110.9,2.639427187,15,4,6,2024,120.0,119.0,118.0,117.49675187908127
16,2024-06-14 15:00:00,1403/03/25,119,SO,3,38,9.0,12.6,8.8,121.0,111.8,2.451233966,16,4,6,2024,120.0,119.0,118.0,117.38798902266136
17,2024-06-14 16:00:00,1403/03/25,120,SO,3,37,10.0,12.6,8.8,121.0,112.6,2.21845555,17,4,6,2024,120.0,119.0,118.0,117.21049380237004
18,2024-06-14 17:00:00,1403/03/25,120,SO,3,36,11.0,12.6,8.8,121.0,114.2,2.11311633,18,4,6,2024,121.0,119.0,112.0,116.76893863287938
19,2024-06-14 18:00:00,1403/03/25,113,SO,3,33,15.0,12.4,8.6,121.0,115.9,2.065268686,19,4,6,2024,115.0,120.0,112.0,115.5126453206994
20,2024-06-14 19:00:00,1403/03/25,115,SO,3,30,17.0,12.4,8.6,121.0,116.7,2.024120923,20,4,6,2024,122.0,120.0,114.0,116.43674430853333
21,2024-06-14 20:00:00,1403/03/25,115,SO,3,29,17.0,12.4,8.6,121.0,116.7,1.995075083,21,4,6,2024,122.0,121.0,115.0,116.52139646452541
22,2024-06-14 21:00:00,1403/03/25,115,SO,3,28,17.0,12.4,8.6,121.0,116.7,1.882579667,22,4,6,2024,116.0,114.0,115.0,115.35354659029717
23,2024-06-14 22:00:00,1403/03/25,116,SO,3,26,17.0,12.7,8.7,121.0,117.5,1.628580998,23,4,6,2024,115.0,116.0,115.0,116.62504508709551
24,2024-06-14 23:00:00,1403/03/26,116,SO,3,25,17.0,12.2,8.7,121.0,118.3,1.452654523,24,4,6,2024,117.0,118.0,115.0,117.15951845030733
1,2024-06-15 00:00:00,1403/03/26,116,SO,3,24,20.0,12.7,8.7,121.0,120.0,1.264731358,1,5,6,2024,117.0,118.0,116.0,118.21234820089728
2,2024-06-15 01:00:00,1403/03/26,117,SO,3,22,22.0,12.7,8.7,121.0,120.0,1.112762714,2,5,6,2024,118.0,118.0,116.0,118.11719722695364
3,2024-06-15 02:00:00,1403/03/26,118,SO,3,21,23.0,13.0,8.8,121.0,120.0,0.984571827,3,5,6,2024,118.0,118.0,118.0,118.21272550630363
4,2024-06-15 03:00:00,1403/03/26,119,SO,3,21,25.0,13.0,8.8,121.0,120.0,0.894516307,4,5,6,2024,119.0,117.0,120.0,118.2201106717068
5,2024-06-15 04:00:00,1403/03/26,120,SO,3,22,26.0,13.0,8.8,121.0,120.0,0.862241877,5,5,6,2024,120.0,120.0,110.0,116.98387496380506
6,2024-06-15 05:00:00,1403/03/26,121,SO,3,22,28.0,13.0,8.8,121.0,120.0,0.880822169,6,5,6,2024,120.0,120.0,110.0,116.27947741314739
7,2024-06-15 06:00:00,1403/03/26,120,SO,3,25,24.0,12.3,8.6,121.0,118.3,0.955947748,7,5,6,2024,120.0,117.0,120.0,117.03807387098374
8,2024-06-15 07:00:00,1403/03/26,116,SO,3,30,16.0,12.3,8.6,121.0,115.9,1.114439593,8,5,6,2024,117.0,117.0,117.0,116.66936267178063
9,2024-06-15 08:00:00,1403/03/26,114,SO,3,34,10.0,12.3,8.6,121.0,114.2,1.390137076,9,5,6,2024,115.0,114.0,114.0,115.24020330634616
10,2024-06-15 09:00:00,1403/03/26,116,SO,3,36,9.0,12.3,8.6,121.0,112.6,1.776540874,10,5,6,2024,113.0,116.0,113.0,115.07819134070482
11,2024-06-15 10:00:00,1403/03/26,119,SO,3,38,8.0,12.3,8.6,121.0,111.8,2.192198739,11,5,6,2024,119.0,121.0,120.0,117.25362931134879
12,2024-06-15 11:00:00,1403/03/26,119,SO,3,39,7.0,12.3,8.6,121.0,110.9,2.534320554,12,5,6,2024,120.0,121.0,120.0,117.27478504689381
13,2024-06-15 12:00:00,1403/03/26,118,SO,3,40,5.0,12.3,8.6,121.0,110.9,2.667716069,13,5,6,2024,119.0,121.0,119.0,117.56097760753852
14,2024-06-15 13:00:00,1403/03/26,110,SO,3,40,7.0,12.3,8.6,121.0,110.9,2.667862617,14,5,6,2024,118.0,121.0,120.0,116.89764445060143
15,2024-06-15 14:00:00,1403/03/26,114,SO,3,40,8.0,12.3,8.6,121.0,110.9,2.603020364,15,5,6,2024,119.0,120.0,119.0,116.64327734091799
16,2024-06-15 15:00:00,1403/03/26,114,SO,3,39,6.0,12.3,8.6,121.0,111.8,2.445413226,16,5,6,2024,119.0,120.0,119.0,116.4591701402056
17,2024-06-15 16:00:00,1403/03/26,114,SO,3,38,8.0,12.3,8.6,121.0,112.6,2.245233089,17,5,6,2024,120.0,120.0,119.0,116.23632224149912
18,2024-06-15 17:00:00,1403/03/26,120,SO,3,37,9.0,12.3,8.6,121.0,114.2,2.158826625,18,5,6,2024,120.0,121.0,119.0,116.64582019149836
19,2024-06-15 18:00:00,1403/03/26,113,SO,3,34,12.0,12.5,8.6,121.0,115.9,2.127264503,19,5,6,2024,113.0,115.0,120.0,113.74
20,2024-06-15 19:00:00,1403/03/26,115,SO,3,31,12.0,12.5,8.6,121.0,116.7,2.101159309,20,5,6,2024,115.0,122.0,120.0,115.88909934767952
21,2024-06-15 20:00:00,1403/03/26,115,SO,3,31,12.0,12.5,8.6,121.0,116.7,2.095624872,21,5,6,2024,115.0,122.0,121.0,115.88909934767952
22,2024-06-15 21:00:00,1403/03/26,116,SO,3,28,14.0,12.5,8.6,121.0,116.7,2.015866665,22,5,6,2024,115.0,116.0,114.0,115.65254196787889
23,2024-06-15 22:00:00,1403/03/26,117,SO,3,26,17.0,12.5,8.6,121.0,117.5,1.765515175,23,5,6,2024,116.0,115.0,116.0,116.37396874910445
24,2024-06-15 23:00:00,1403/03/27,0,FO,3,26,16.0,12.7,8.7,121.0,118.3,1.494621446,24,5,6,2024,116.0,117.0,118.0,113.74
1,2024-06-16 00:00:00,1403/03/27,0,FO,3,23,19.0,12.5,8.6,121.0,129.8,1.289018738,1,6,6,2024,116.0,117.0,118.0,113.74
2,2024-06-16 01:00:00,1403/03/27,0,FO,3,22,21.0,12.5,8.6,121.0,130.6,1.125884545,2,6,6,2024,117.0,118.0,118.0,113.74
3,2024-06-16 02:00:00,1403/03/27,0,FO,3,21,21.0,12.5,8.6,121.0,130.6,0.990439877,3,6,6,2024,118.0,118.0,118.0,113.74
4,2024-06-16 03:00:00,1403/03/27,0,FO,3,21,22.0,12.5,8.6,121.0,130.6,0.896877659,4,6,6,2024,119.0,119.0,117.0,113.74
5,2024-06-16 04:00:00,1403/03/27,0,FO,3,21,23.0,12.5,8.6,121.0,130.6,0.863248802,5,6,6,2024,120.0,120.0,120.0,113.74
6,2024-06-16 05:00:00,1403/03/27,0,FO,3,21,24.0,12.5,8.6,121.0,129.8,0.882128595,6,6,6,2024,121.0,120.0,120.0,113.74
7,2024-06-16 06:00:00,1403/03/27,0,FO,3,27,20.0,12.5,8.6,121.0,127.3,0.958771787,7,6,6,2024,120.0,120.0,117.0,113.74
8,2024-06-16 07:00:00,1403/03/27,0,FO,3,31,12.0,12.5,8.6,121.0,125.7,1.120679703,8,6,6,2024,116.0,117.0,117.0,113.74
9,2024-06-16 08:00:00,1403/03/27,0,FO,3,33,10.0,12.5,8.6,121.0,124.1,1.407183703,9,6,6,2024,114.0,115.0,114.0,113.74
10,2024-06-16 09:00:00,1403/03/27,0,FO,3,35,7.0,12.5,8.6,121.0,123.2,1.807298647,10,6,6,2024,116.0,113.0,116.0,113.74
11,2024-06-16 10:00:00,1403/03/27,0,FO,3,39,5.0,12.5,8.6,121.0,121.6,2.227563974,11,6,6,2024,119.0,119.0,121.0,113.74
12,2024-06-16 11:00:00,1403/03/27,0,FO,3,40,4.0,12.5,8.6,121.0,120.8,2.56662618,12,6,6,2024,119.0,120.0,121.0,113.74
13,2024-06-16 12:00:00,1403/03/27,0,FO,3,41,5.0,12.5,8.6,121.0,120.8,2.688190048,13,6,6,2024,118.0,119.0,121.0,113.74
14,2024-06-16 13:00:00,1403/03/27,0,FO,3,41,6.0,12.5,8.6,121.0,120.8,2.691936633,14,6,6,2024,110.0,118.0,121.0,113.74
15,2024-06-16 14:00:00,1403/03/27,0,FO,3,41,6.0,12.5,8.6,121.0,120.8,2.638808396,15,6,6,2024,114.0,119.0,120.0,113.74
16,2024-06-16 15:00:00,1403/03/27,0,FO,3,41,6.0,12.5,8.6,121.0,121.6,2.493654529,16,6,6,2024,114.0,119.0,120.0,113.74
17,2024-06-16 16:00:00,1403/03/27,0,FO,3,39,7.0,12.5,8.6,121.0,121.6,2.28584931,17,6,6,2024,114.0,120.0,120.0,113.74
18,2024-06-16 17:00:00,1403/03/27,0,FO,3,38,8.0,12.5,8.6,121.0,123.2,2.198644416,18,6,6,2024,120.0,120.0,121.0,113.74
19,2024-06-16 18:00:00,1403/03/27,0,FO,3,34,9.0,12.5,8.6,121.0,125.7,2.171320241,19,6,6,2024,113.0,113.0,115.0,113.74
20,2024-06-16 19:00:00,1403/03/27,0,FO,3,31,13.0,12.5,8.6,121.0,127.3,2.148459442,20,6,6,2024,115.0,115.0,122.0,113.74
21,2024-06-16 20:00:00,1403/03/27,0,FO,3,30,15.0,12.5,8.6,121.0,128.2,2.148067494,21,6,6,2024,115.0,115.0,122.0,113.74
22,2024-06-16 21:00:00,1403/03/27,0,FO,3,28,17.0,12.5,8.6,121.0,128.2,2.069366129,22,6,6,2024,116.0,115.0,116.0,113.74
23,2024-06-16 22:00:00,1403/03/27,0,FO,3,28,19.0,12.4,7.1,121.0,129.0,1.804921679,23,6,6,2024,117.0,116.0,115.0,113.74
24,2024-06-16 23:00:00,1403/03/28,0,FO,3,26,20.0,12.5,8.6,121.0,129.0,1.521495066,24,6,6,2024,0.0,116.0,117.0,113.74
1,2024-06-17 00:00:00,1403/03/28,0,FO,3,24,22.0,12.4,7.1,121.0,129.8,1.306084996,1,0,6,2024,0.0,116.0,117.0,113.74
2,2024-06-17 01:00:00,1403/03/28,0,FO,3,23,22.0,12.4,7.1,121.0,130.6,1.136565494,2,0,6,2024,0.0,117.0,118.0,113.74
3,2024-06-17 02:00:00,1403/03/28,0,FO,3,22,26.0,12.4,7.1,121.0,130.6,0.998438651,3,0,6,2024,0.0,118.0,118.0,113.74
4,2024-06-17 03:00:00,1403/03/28,0,FO,3,21,25.0,12.4,7.1,121.0,130.6,0.903372293,4,0,6,2024,0.0,119.0,119.0,113.74
5,2024-06-17 04:00:00,1403/03/28,0,FO,3,27,25.0,12.4,7.1,121.0,130.6,0.869122569,5,0,6,2024,0.0,120.0,120.0,113.74
6,2024-06-17 05:00:00,1403/03/28,0,FO,3,23,27.0,12.4,7.1,121.0,129.8,0.889020373,6,0,6,2024,0.0,121.0,120.0,113.74
7,2024-06-17 06:00:00,1403/03/28,0,FO,3,26,24.0,12.4,7.1,121.0,127.3,0.967694486,7,0,6,2024,0.0,120.0,120.0,113.74
8,2024-06-17 07:00:00,1403/03/28,0,FO,3,30,13.0,12.4,7.1,121.0,125.7,1.13320325,8,0,6,2024,0.0,116.0,117.0,113.74
9,2024-06-17 08:00:00,1403/03/28,0,FO,3,34,10.0,12.4,7.1,121.0,124.0,1.426581357,9,0,6,2024,0.0,114.0,115.0,113.74
10,2024-06-17 09:00:00,1403/03/28,0,FO,3,38,8.0,12.4,7.1,121.0,123.2,1.844954919,10,0,6,2024,0.0,116.0,113.0,113.74
11,2024-06-17 10:00:00,1403/03/28,0,FO,3,40,5.0,12.4,7.1,121.0,121.6,2.303435602,11,0,6,2024,0.0,119.0,119.0,113.74
12,2024-06-17 11:00:00,1403/03/28,0,FO,3,42,5.0,12.4,7.1,121.0,120.8,2.706744755,12,0,6,2024,0.0,119.0,120.0,113.74
13,2024-06-17 12:00:00,1403/03/28,0,FO,3,42,4.0,12.4,7.1,121.0,120.8,2.89994742,13,0,6,2024,0.0,118.0,119.0,113.74
14,2024-06-17 13:00:00,1403/03/28,0,FO,3,43,5.0,12.4,7.1,121.0,120.8,2.944074038,14,0,6,2024,0.0,110.0,118.0,113.74
15,2024-06-17 14:00:00,1403/03/28,0,FO,3,43,5.0,12.4,7.1,121.0,120.8,2.891446772,15,0,6,2024,0.0,114.0,119.0,113.74
16,2024-06-17 15:00:00,1403/03/28,40,SO,3,42,6.0,12.4,7.1,121.0,121.6,2.715433727,16,0,6,2024,0.0,114.0,119.0,113.74
17,2024-06-17 16:00:00,1403/03/28,40,SO,3,41,7.0,12.4,7.1,121.0,121.6,2.453858108,17,0,6,2024,0.0,114.0,120.0,113.74
18,2024-06-17 17:00:00,1403/03/28,65,SO,3,39,8.0,12.4,7.1,121.0,123.2,2.337987102,18,0,6,2024,0.0,120.0,120.0,113.74
19,2024-06-17 18:00:00,1403/03/28,105,SO,3,38,8.0,12.3,8.4,121.0,125.7,2.294306367,19,0,6,2024,0.0,113.0,113.0,113.74
20,2024-06-17 19:00:00,1403/03/28,105,SO,3,36,8.0,12.3,8.4,121.0,127.3,2.256139657,20,0,6,2024,0.0,115.0,115.0,113.74
21,2024-06-17 20:00:00,1403/03/28,105,LF1,3,32,10.0,12.3,8.4,121.0,128.2,2.24373972,21,0,6,2024,0.0,115.0,115.0,113.74
22,2024-06-17 21:00:00,1403/03/28,113,LF1,3,30,11.0,12.3,8.4,121.0,128.2,2.149688217,22,0,6,2024,0.0,116.0,115.0,113.74
23,2024-06-17 22:00:00,1403/03/28,115,LF1,3,28,12.0,12.8,8.7,121.0,129.0,1.864308828,23,0,6,2024,0.0,117.0,116.0,113.74
24,2024-06-17 23:00:00,1403/03/29,115,LF1,3,27,12.0,12.4,7.1,121.0,129.0,1.563457766,24,0,6,2024,0.0,0.0,116.0,113.74
1,2024-06-18 00:00:00,1403/03/29,115,LF1,3,25,12.0,12.8,8.7,121.0,129.8,1.336438676,1,1,6,2024,0.0,0.0,116.0,113.74
2,2024-06-18 01:00:00,1403/03/29,118,LF1,3,23,17.0,12.8,8.7,121.0,130.6,1.156999069,2,1,6,2024,0.0,0.0,117.0,113.74
3,2024-06-18 02:00:00,1403/03/29,118,LF1,3,23,17.0,12.8,8.7,121.0,130.6,1.014635939,3,1,6,2024,0.0,0.0,118.0,113.74
4,2024-06-18 03:00:00,1403/03/29,117,LF1,3,22,15.0,12.8,8.7,121.0,130.6,0.918041404,4,1,6,2024,0.0,0.0,119.0,113.74
5,2024-06-18 04:00:00,1403/03/29,117,LF1,3,22,15.0,12.8,8.7,121.0,130.6,0.885818139,5,1,6,2024,0.0,0.0,120.0,113.74
6,2024-06-18 05:00:00,1403/03/29,118,LF1,3,22,15.0,12.8,8.7,121.0,129.8,0.912325196,6,1,6,2024,0.0,0.0,121.0,113.74
7,2024-06-18 06:00:00,1403/03/29,118,LF1,3,27,16.0,12.8,8.7,121.0,127.3,1.002338121,7,1,6,2024,0.0,0.0,120.0,113.74
8,2024-06-18 07:00:00,1403/03/29,115,LF1,3,31,10.0,12.8,8.7,121.0,125.7,1.189598902,8,1,6,2024,0.0,0.0,116.0,113.74
9,2024-06-18 08:00:00,1403/03/29,113,LF1,3,35,6.0,12.8,8.7,121.0,124.0,1.525797171,9,1,6,2024,0.0,0.0,114.0,113.74
10,2024-06-18 09:00:00,1403/03/29,113,LF1,3,38,5.0,12.8,8.7,121.0,123.2,2.009714517,10,1,6,2024,0.0,0.0,116.0,113.74
11,2024-06-18 10:00:00,1403/03/29,119,LF1,3,42,5.0,12.8,8.7,121.0,121.6,2.524880419,11,1,6,2024,0.0,0.0,119.0,113.74
12,2024-06-18 11:00:00,1403/03/29,117,LF1,3,43,5.0,12.8,8.7,121.0,120.8,2.962405324,12,1,6,2024,0.0,0.0,119.0,113.74
13,2024-06-18 12:00:00,1403/03/29,107,LF1,3,43,5.0,12.8,8.7,121.0,120.8,3.150344083,13,1,6,2024,0.0,0.0,118.0,113.74
14,2024-06-18 13:00:00,1403/03/29,100,LF1,3,44,5.0,12.8,8.7,121.0,120.8,3.185505321,14,1,6,2024,0.0,0.0,110.0,113.74
15,2024-06-18 14:00:00,1403/03/29,100,LF1,3,42,5.0,11.5,8.0,121.0,120.8,3.115795063,15,1,6,2024,0.0,0.0,114.0,113.74
16,2024-06-18 15:00:00,1403/03/29,100,LF1,3,42,8.0,11.5,8.0,121.0,121.6,2.915334659,16,1,6,2024,40.0,0.0,114.0,113.74
17,2024-06-18 16:00:00,1403/03/29,100,LF1,3,41,9.0,11.5,8.0,121.0,121.6,2.608889164,17,1,6,2024,40.0,0.0,114.0,113.74
18,2024-06-18 17:00:00,1403/03/29,100,LF1,3,39,10.0,11.5,8.0,121.0,123.2,2.465607137,18,1,6,2024,65.0,0.0,120.0,113.74
19,2024-06-18 18:00:00,1403/03/29,105,LF1,3,38,10.0,11.7,8.2,121.0,125.7,2.405740377,19,1,6,2024,105.0,0.0,113.0,113.74
20,2024-06-18 19:00:00,1403/03/29,108,LF1,3,33,14.0,11.7,8.2,121.0,127.3,2.354141797,20,1,6,2024,105.0,0.0,115.0,113.74
21,2024-06-18 20:00:00,1403/03/29,113,SO,3,33,15.0,11.7,8.2,121.0,128.2,2.327863033,21,1,6,2024,105.0,0.0,115.0,113.74
22,2024-06-18 21:00:00,1403/03/29,114,SO,3,30,19.0,11.7,8.2,121.0,128.2,2.228822971,22,1,6,2024,113.0,0.0,116.0,113.74
23,2024-06-18 22:00:00,1403/03/29,114,SO,3,30,19.0,12.8,8.7,121.0,129.0,1.93162345,23,1,6,2024,115.0,0.0,117.0,114.09465513741058
24,2024-06-18 23:00:00,1403/03/30,115,SO,3,28,19.0,12.8,8.7,121.0,129.0,1.61378,24,1,6,2024,115.0,0.0,0.0,113.84347433342008
1,2024-06-19 00:00:00,1403/03/30,117,LF1,3,26,23.0,12.8,8.7,121.0,127.3,1.375592205,1,2,6,2024,115.0,0.0,0.0,113.74
2,2024-06-19 01:00:00,1403/03/30,117,LF1,3,24,23.0,12.8,8.7,121.0,127.3,1.185874906,2,2,6,2024,118.0,0.0,0.0,113.74
3,2024-06-19 02:00:00,1403/03/30,117,LF1,3,26,23.0,13.1,8.8,121.0,128.2,1.035618447,3,2,6,2024,118.0,0.0,0.0,113.74
4,2024-06-19 03:00:00,1403/03/30,117,LF1,3,24,23.0,13.1,8.8,121.0,129.0,0.934130092,4,2,6,2024,117.0,0.0,0.0,113.74
5,2024-06-19 04:00:00,1403/03/30,119,LF1,3,23,27.0,13.1,8.8,121.0,129.0,0.898916286,5,2,6,2024,117.0,0.0,0.0,113.74
6,2024-06-19 05:00:00,1403/03/30,118,LF1,3,24,22.0,13.1,8.8,121.0,129.0,0.923110391,6,2,6,2024,118.0,0.0,0.0,113.74
7,2024-06-19 06:00:00,1403/03/30,118,LF1,3,28,20.0,12.7,8.6,121.0,125.7,1.01147119,7,2,6,2024,118.0,0.0,0.0,113.74
8,2024-06-19 07:00:00,1403/03/30,116,LF1,3,33,14.0,12.7,8.6,121.0,123.2,1.195692058,8,2,6,2024,115.0,0.0,0.0,113.74
9,2024-06-19 08:00:00,1403/03/30,114,LF1,3,36,10.0,12.7,8.6,121.0,121.6,1.52321329,9,2,6,2024,113.0,0.0,0.0,113.74
10,2024-06-19 09:00:00,1403/03/30,114,LF1,3,40,8.0,12.7,8.6,121.0,119.9,2.00492563,10,2,6,2024,113.0,0.0,0.0,113.74
11,2024-06-19 10:00:00,1403/03/30,114,LF1,3,42,7.0,12.7,8.6,121.0,119.1,2.54831303,11,2,6,2024,119.0,0.0,0.0,113.74
12,2024-06-19 11:00:00,1403/03/30,114,LF1,3,42,5.0,12.7,8.6,121.0,118.3,3.040651285,12,2,6,2024,117.0,0.0,0.0,113.74
13,2024-06-19 12:00:00,1403/03/30,113,LF1,3,43,5.0,12.7,8.6,121.0,117.5,3.274382497,13,2,6,2024,107.0,0.0,0.0,113.74
14,2024-06-19 13:00:00,1403/03/30,113,LF1,3,42,5.0,12.7,8.6,121.0,117.5,3.331744011,14,2,6,2024,100.0,0.0,0.0,113.74
15,2024-06-19 14:00:00,1403/03/30,114,LF1,3,43,4.0,11.5,7.7,121.0,117.5,3.254779697,15,2,6,2024,100.0,0.0,0.0,113.74
16,2024-06-19 15:00:00,1403/03/30,95,LF1,3,43,4.0,11.5,7.7,121.0,117.5,3.024784194,16,2,6,2024,100.0,40.0,0.0,113.74
17,2024-06-19 16:00:00,1403/03/30,100,LF1,3,42,6.0,11.5,7.7,121.0,118.3,2.6827768,17,2,6,2024,100.0,40.0,0.0,113.74
18,2024-06-19 17:00:00,1403/03/30,105,LF1,3,40,8.0,11.5,7.7,121.0,119.9,2.515604714,18,2,6,2024,100.0,65.0,0.0,113.74
19,2024-06-19 18:00:00,1403/03/30,107,LF1,3,36,9.0,12.8,8.6,121.0,120.8,2.438321298,19,2,6,2024,105.0,105.0,0.0,113.74
20,2024-06-19 19:00:00,1403/03/30,113,LF1,3,33,10.0,12.8,8.6,121.0,121.6,2.370606932,20,2,6,2024,108.0,105.0,0.0,113.74
21,2024-06-19 20:00:00,1403/03/30,115,SO,3,30,12.0,12.8,8.6,121.0,122.4,2.326444942,21,2,6,2024,113.0,105.0,0.0,113.74
22,2024-06-19 21:00:00,1403/03/30,115,SO,3,28,13.0,12.8,8.6,121.0,123.2,2.206393469,22,2,6,2024,114.0,113.0,0.0,113.74
23,2024-06-19 22:00:00,1403/03/30,115,SO,3,28,17.0,12.9,8.7,121.0,124.9,1.91082056,23,2,6,2024,114.0,115.0,0.0,114.01246736184103
24,2024-06-19 23:00:00,1403/03/31,114,SO,3,26,20.0,12.8,8.7,121.0,124.9,1.603707348,24,2,6,2024,115.0,115.0,0.0,114.56715717883915
1,2024-06-20 00:00:00,1403/03/31,115,LF1,3,26,14.0,12.9,8.7,121.0,123.3,1.37281835,1,3,6,2024,117.0,115.0,0.0,113.74
2,2024-06-20 01:00:00,1403/03/31,116,LF1,3,24,14.0,12.9,8.7,121.0,123.3,1.186673382,2,3,6,2024,117.0,118.0,0.0,113.74
3,2024-06-20 02:00:00,1403/03/31,116,LF1,3,27,16.0,12.8,8.7,121.0,124.2,1.035354234,3,3,6,2024,117.0,118.0,0.0,113.74
4,2024-06-20 03:00:00,1403/03/31,116,LF1,3,28,14.0,12.8,8.7,121.0,125.0,0.932865081,4,3,6,2024,117.0,117.0,0.0,113.74
5,2024-06-20 04:00:00,1403/03/31,113,LF1,3,30,10.0,12.8,8.7,121.0,125.0,0.896163331,5,3,6,2024,119.0,117.0,0.0,113.74
6,2024-06-20 05:00:00,1403/03/31,115,LF1,3,32,10.0,12.8,8.7,121.0,125.0,0.918387414,6,3,6,2024,118.0,118.0,0.0,113.74
7,2024-06-20 06:00:00,1403/03/31,113,LF1,3,34,10.0,12.7,8.5,121.0,121.7,1.001805742,7,3,6,2024,118.0,118.0,0.0,113.74
8,2024-06-20 07:00:00,1403/03/31,112,LF1,3,37,7.0,12.7,8.5,121.0,119.2,1.179187561,8,3,6,2024,116.0,115.0,0.0,113.74
9,2024-06-20 08:00:00,1403/03/31,106,LF1,3,40,7.0,12.7,8.5,121.0,117.6,1.490031579,9,3,6,2024,114.0,113.0,0.0,113.74
10,2024-06-20 09:00:00,1403/03/31,106,LF1,3,41,6.0,12.7,8.5,121.0,115.9,1.939866063,10,3,6,2024,114.0,113.0,0.0,113.74
11,2024-06-20 10:00:00,1403/03/31,118,LF1,3,42,6.0,13.1,8.7,121.0,115.1,2.468453215,11,3,6,2024,114.0,119.0,0.0,113.74
12,2024-06-20 11:00:00,1403/03/31,117,LF1,3,42,4.0,13.1,8.7,121.0,114.3,2.986410276,12,3,6,2024,114.0,117.0,0.0,113.74
13,2024-06-20 12:00:00,1403/03/31,117,LF1,3,43,4.0,13.1,8.7,121.0,113.5,3.248432928,13,3,6,2024,113.0,107.0,0.0,113.74
14,2024-06-20 13:00:00,1403/03/31,117,LF1,3,44,4.0,13.1,8.7,121.0,113.5,3.301303021,14,3,6,2024,113.0,100.0,0.0,113.74
15,2024-06-20 14:00:00,1403/03/31,117,LF1,3,44,3.0,12.8,8.7,121.0,113.5,3.204636806,15,3,6,2024,114.0,100.0,0.0,113.74
16,2024-06-20 15:00:00,1403/03/31,116,LF1,3,44,2.0,12.8,8.7,121.0,113.5,2.941084606,16,3,6,2024,95.0,100.0,40.0,113.74
17,2024-06-20 16:00:00,1403/03/31,117,LF1,3,43,2.0,12.8,8.7,121.0,114.3,2.600254751,17,3,6,2024,100.0,100.0,40.0,113.74
18,2024-06-20 17:00:00,1403/03/31,115,LF1,3,40,6.0,12.8,8.7,121.0,115.9,2.439547062,18,3,6,2024,105.0,100.0,65.0,113.74
19,2024-06-20 18:00:00,1403/03/31,110,LF1,3,37,9.0,12.7,8.5,121.0,116.8,2.362192562,19,3,6,2024,107.0,105.0,105.0,113.74
20,2024-06-20 19:00:00,1403/03/31,110,LF1,3,34,9.0,12.7,8.5,121.0,117.6,2.298773249,20,3,6,2024,113.0,108.0,105.0,113.74
21,2024-06-20 20:00:00,1403/03/31,112,SO,3,33,9.0,12.7,8.5,121.0,118.4,2.259328444,21,3,6,2024,115.0,113.0,105.0,113.74
22,2024-06-20 21:00:00,1403/03/31,112,SO,3,31,9.0,12.7,8.5,121.0,119.2,2.124282032,22,3,6,2024,115.0,114.0,113.0,113.74
23,2024-06-20 22:00:00,1403/03/31,112,SO,3,29,10.0,12.7,8.5,121.0,120.9,1.829985598,23,3,6,2024,115.0,114.0,115.0,114.09894796764533
24,2024-06-20 23:00:00,1403/04/01,115,SO,3,27,15.0,12.9,8.7,119.0,120.9,1.277571162,24,3,6,2024,114.0,115.0,115.0,114.10534780571169
1,2024-06-21 00:00:00,1403/04/01,114,LF1,3,29,12.0,12.7,8.5,119.0,123.3,1.111109273,1,4,6,2024,115.0,117.0,115.0,115.1595247606027
2,2024-06-21 01:00:00,1403/04/01,115,LF1,3,25,14.0,12.7,8.5,119.0,123.3,0.972535138,2,4,6,2024,116.0,117.0,118.0,115.45910657951069
3,2024-06-21 02:00:00,1403/04/01,116,LF1,3,24,17.0,13.1,8.8,119.0,124.2,0.856145579,3,4,6,2024,116.0,117.0,118.0,115.46397466773814
4,2024-06-21 03:00:00,1403/04/01,119,LF1,3,23,18.0,13.1,8.8,119.0,125.0,0.772264176,4,4,6,2024,116.0,117.0,117.0,115.45966245430552
5,2024-06-21 04:00:00,1403/04/01,121,LF1,3,24,18.0,13.1,8.8,119.0,125.0,0.739689661,5,4,6,2024,113.0,119.0,117.0,115.03388190676735
6,2024-06-21 05:00:00,1403/04/01,121,LF1,3,25,20.0,13.1,8.8,119.0,125.0,0.751101178,6,4,6,2024,115.0,118.0,118.0,114.78150015461824
7,2024-06-21 06:00:00,1403/04/01,119,LF1,3,29,16.0,13.1,8.6,119.0,121.7,0.805303954,7,4,6,2024,113.0,118.0,118.0,114.17779896098449
8,2024-06-21 07:00:00,1403/04/01,115,LF1,3,35,11.0,13.1,8.6,119.0,119.2,0.918531155,8,4,6,2024,112.0,116.0,115.0,113.12372368144932
9,2024-06-21 08:00:00,1403/04/01,114,LF1,3,39,8.0,13.1,8.6,119.0,117.6,1.117405463,9,4,6,2024,106.0,114.0,113.0,112.54574167470233
10,2024-06-21 09:00:00,1403/04/01,108,LF1,3,40,6.0,13.1,8.6,119.0,115.9,1.368657307,10,4,6,2024,106.0,114.0,113.0,112.54574167470233
11,2024-06-21 10:00:00,1403/04/01,105,LF1,3,41,6.0,11.7,7.9,119.0,115.1,1.61812327,11,4,6,2024,118.0,114.0,119.0,114.66948839168785
12,2024-06-21 11:00:00,1403/04/01,100,LF1,3,42,4.0,11.7,7.9,119.0,114.3,1.861285046,12,4,6,2024,117.0,114.0,117.0,114.39362193407321
13,2024-06-21 12:00:00,1403/04/01,100,LF1,3,43,3.0,11.7,7.9,119.0,113.5,2.0518153,13,4,6,2024,117.0,113.0,107.0,112.34552707230203
14,2024-06-21 13:00:00,1403/04/01,95,LF1,3,42,4.0,11.7,7.9,119.0,113.5,2.164599381,14,4,6,2024,117.0,113.0,100.0,111.86
15,2024-06-21 14:00:00,1403/04/01,90,LF1,3,43,3.0,11.3,7.5,119.0,113.5,2.176546542,15,4,6,2024,117.0,114.0,100.0,111.86
16,2024-06-21 15:00:00,1403/04/01,90,LF1,3,42,4.0,11.3,7.5,119.0,113.5,2.077236151,16,4,6,2024,116.0,95.0,100.0,111.86
17,2024-06-21 16:00:00,1403/04/01,90,LF1,3,42,6.0,11.3,7.5,119.0,114.3,1.889108893,17,4,6,2024,117.0,100.0,100.0,111.86
18,2024-06-21 17:00:00,1403/04/01,95,LF1,3,40,14.0,11.3,7.5,119.0,115.9,1.787185691,18,4,6,2024,115.0,105.0,100.0,111.86
19,2024-06-21 18:00:00,1403/04/01,111,LF1,3,37,15.0,12.8,8.5,119.0,116.8,1.728329741,19,4,6,2024,110.0,107.0,105.0,111.86
20,2024-06-21 19:00:00,1403/04/01,111,LF1,3,36,11.0,12.8,8.5,119.0,117.6,1.669125039,20,4,6,2024,110.0,113.0,108.0,111.86
21,2024-06-21 20:00:00,1403/04/01,120,SO,3,33,16.0,12.8,8.5,119.0,118.4,1.637040427,21,4,6,2024,112.0,115.0,113.0,111.86
22,2024-06-21 21:00:00,1403/04/01,120,SO,3,31,18.0,12.8,8.5,119.0,119.2,1.6086807,22,4,6,2024,112.0,115.0,114.0,111.86
23,2024-06-21 22:00:00,1403/04/01,115,SO,3,29,24.0,12.6,8.7,119.0,120.9,1.467978434,23,4,6,2024,112.0,115.0,114.0,113.26867587054237
24,2024-06-21 23:00:00,1403/04/02,115,SO,3,27,24.0,12.7,8.5,119.0,120.9,1.339093043,24,4,6,2024,115.0,114.0,115.0,113.24670316351147
1,2024-06-22 00:00:00,1403/04/02,117,SO,3,25,29.0,12.6,8.7,119.0,123.3,1.164900971,1,5,6,2024,114.0,115.0,117.0,111.86
2,2024-06-22 01:00:00,1403/04/02,117,SO,3,24,29.0,12.6,8.7,119.0,123.3,1.019440889,2,5,6,2024,115.0,116.0,117.0,111.86
3,2024-06-22 02:00:00,1403/04/02,117,SO,3,24,24.0,13.0,8.8,119.0,124.2,0.897147351,3,5,6,2024,116.0,116.0,117.0,111.86
4,2024-06-22 03:00:00,1403/04/02,118,SO,3,22,30.0,13.0,8.8,119.0,125.0,0.809759445,4,5,6,2024,119.0,116.0,117.0,112.04257726659189
5,2024-06-22 04:00:00,1403/04/02,118,SO,3,21,32.0,13.0,8.8,119.0,125.0,0.77627577,5,5,6,2024,121.0,113.0,119.0,111.86
6,2024-06-22 05:00:00,1403/04/02,118,SO,3,25,23.0,13.0,8.8,119.0,125.0,0.789659204,6,5,6,2024,121.0,115.0,118.0,111.86
7,2024-06-22 06:00:00,1403/04/02,119,SO,3,27,21.0,12.8,8.6,119.0,121.7,0.849130977,7,5,6,2024,119.0,113.0,118.0,111.86
8,2024-06-22 07:00:00,1403/04/02,117,SO,3,34,15.0,12.8,8.6,119.0,119.2,0.973536954,8,5,6,2024,115.0,112.0,116.0,111.86
9,2024-06-22 08:00:00,1403/04/02,113,SO,3,36,7.0,12.8,8.6,119.0,117.6,1.193011427,9,5,6,2024,114.0,106.0,114.0,111.86
10,2024-06-22 09:00:00,1403/04/02,110,SO,3,39,5.0,12.8,8.6,119.0,115.9,1.477112608,10,5,6,2024,108.0,106.0,114.0,111.86
11,2024-06-22 10:00:00,1403/04/02,108,SO,3,40,4.0,11.9,8.0,119.0,115.1,1.758283403,11,5,6,2024,105.0,118.0,114.0,111.86
12,2024-06-22 11:00:00,1403/04/02,105,SO,3,42,4.0,11.9,8.0,119.0,114.3,2.018847917,12,5,6,2024,100.0,117.0,114.0,111.86
13,2024-06-22 12:00:00,1403/04/02,100,SO,3,43,3.0,11.9,8.0,119.0,113.5,2.211767386,13,5,6,2024,100.0,117.0,113.0,111.86
14,2024-06-22 13:00:00,1403/04/02,95,LF1,3,44,3.0,11.9,8.0,119.0,113.5,2.322363548,14,5,6,2024,95.0,117.0,113.0,111.86
15,2024-06-22 14:00:00,1403/04/02,90,LF1,3,43,4.0,11.1,7.5,119.0,113.5,2.32914408,15,5,6,2024,90.0,117.0,114.0,111.86
16,2024-06-22 15:00:00,1403/04/02,90,LF1,3,42,6.0,11.1,7.5,119.0,113.5,2.232658088,16,5,6,2024,90.0,116.0,95.0,111.86
17,2024-06-22 16:00:00,1403/04/02,90,LF1,3,41,6.0,11.1,7.5,119.0,114.3,2.034629395,17,5,6,2024,90.0,117.0,100.0,111.86
18,2024-06-22 17:00:00,1403/04/02,90,LF1,3,39,8.0,11.1,7.5,119.0,115.9,1.926299005,18,5,6,2024,95.0,115.0,105.0,111.86
19,2024-06-22 18:00:00,1403/04/02,108,LF1,3,36,10.0,11.8,8.2,119.0,116.8,1.870343372,19,5,6,2024,111.0,110.0,107.0,111.86
20,2024-06-22 19:00:00,1403/04/02,109,LF1,3,34,12.0,11.8,8.2,119.0,117.6,1.808686531,20,5,6,2024,111.0,110.0,113.0,111.86
21,2024-06-22 20:00:00,1403/04/02,114,SO,3,31,13.0,11.8,8.2,119.0,118.4,1.76751575,21,5,6,2024,120.0,112.0,115.0,111.86
22,2024-06-22 21:00:00,1403/04/02,115,SO,3,29,14.0,11.8,8.2,119.0,119.2,1.726077175,22,5,6,2024,120.0,112.0,115.0,111.86
23,2024-06-22 22:00:00,1403/04/02,116,SO,3,29,16.0,12.9,8.7,119.0,120.9,1.560865522,23,5,6,2024,115.0,112.0,115.0,112.5105209915888
24,2024-06-22 23:00:00,1403/04/03,116,SO,3,26,17.0,12.6,8.7,119.0,120.9,1.345360087,24,5,6,2024,115.0,115.0,114.0,112.95891470764602
1,2024-06-23 00:00:00,1403/04/03,117,LF1,3,26,15.0,12.2,8.2,119.0,117.3,1.165657013,1,6,6,2024,117.0,114.0,115.0,111.86
2,2024-06-23 01:00:00,1403/04/03,118,LF1,3,25,16.0,12.2,8.2,119.0,117.3,1.018691924,2,6,6,2024,117.0,115.0,116.0,111.86
3,2024-06-23 02:00:00,1403/04/03,118,LF1,3,24,17.0,12.2,8.2,119.0,118.2,0.896479926,3,6,6,2024,117.0,116.0,116.0,111.86
4,2024-06-23 03:00:00,1403/04/03,118,LF1,3,23,15.0,12.2,8.2,119.0,118.2,0.809659453,4,6,6,2024,118.0,119.0,116.0,111.86
5,2024-06-23 04:00:00,1403/04/03,119,LF1,3,22,18.0,12.2,8.2,119.0,118.2,0.775500642,5,6,6,2024,118.0,121.0,113.0,111.86
6,2024-06-23 05:00:00,1403/04/03,119,LF1,3,24,19.0,12.2,8.2,119.0,117.3,0.788101364,6,6,6,2024,118.0,121.0,115.0,111.86
7,2024-06-23 06:00:00,1403/04/03,118,LF1,3,28,16.0,13.0,8.6,119.0,115.7,0.846565952,7,6,6,2024,119.0,119.0,113.0,111.86
8,2024-06-23 07:00:00,1403/04/03,116,LF1,3,32,12.0,13.0,8.6,119.0,113.2,0.968844327,8,6,6,2024,117.0,115.0,112.0,111.86
9,2024-06-23 08:00:00,1403/04/03,113,LF1,3,35,7.0,13.0,8.6,119.0,110.8,1.183845704,9,6,6,2024,113.0,114.0,106.0,111.86
10,2024-06-23 09:00:00,1403/04/03,119,LF1,3,39,5.0,13.0,8.6,119.0,109.9,1.463697722,10,6,6,2024,110.0,108.0,106.0,111.86
11,2024-06-23 10:00:00,1403/04/03,119,LF1,3,41,6.0,13.2,8.8,119.0,109.1,1.740401382,11,6,6,2024,108.0,105.0,118.0,111.86
12,2024-06-23 11:00:00,1403/04/03,118,LF1,3,42,5.0,13.2,8.8,119.0,108.3,1.997009017,12,6,6,2024,105.0,100.0,117.0,111.86
13,2024-06-23 12:00:00,1403/04/03,118,LF1,3,43,5.0,13.2,8.8,119.0,90.0,2.187375916,13,6,6,2024,100.0,100.0,117.0,111.86
14,2024-06-23 13:00:00,1403/04/03,118,LF1,3,44,4.0,13.2,8.8,119.0,90.0,2.29955998,14,6,6,2024,95.0,95.0,117.0,111.86
15,2024-06-23 14:00:00,1403/04/03,117,SO,3,43,6.0,13.0,8.7,119.0,90.0,2.311260529,15,6,6,2024,90.0,90.0,117.0,111.86
16,2024-06-23 15:00:00,1403/04/03,117,SO,3,43,5.0,13.0,8.7,119.0,90.0,2.228399358,16,6,6,2024,90.0,90.0,116.0,111.86
17,2024-06-23 16:00:00,1403/04/03,118,SO,3,42,5.0,13.0,8.7,119.0,90.0,2.041552755,17,6,6,2024,90.0,90.0,117.0,111.86
18,2024-06-23 17:00:00,1403/04/03,119,SO,3,40,7.0,13.0,8.7,119.0,90.0,1.942146479,18,6,6,2024,90.0,95.0,115.0,112.18112144080298
19,2024-06-23 18:00:00,1403/04/03,119,SO,3,37,10.0,12.8,8.6,119.0,111.6,1.892382398,19,6,6,2024,108.0,111.0,110.0,112.70706701455387
20,2024-06-23 19:00:00,1403/04/03,114,SO,3,33,13.0,12.8,8.6,119.0,112.4,1.831444,20,6,6,2024,109.0,111.0,110.0,113.09653586196933
21,2024-06-23 20:00:00,1403/04/03,112,SO,3,33,11.0,12.8,8.6,119.0,113.2,1.78749931,21,6,6,2024,114.0,120.0,112.0,114.00800546512866
22,2024-06-23 21:00:00,1403/04/03,113,SO,3,31,14.0,12.8,8.6,119.0,114.9,1.742562885,22,6,6,2024,115.0,120.0,112.0,115.13432404946936
23,2024-06-23 22:00:00,1403/04/03,113,SO,3,29,16.0,13.1,8.7,119.0,115.7,1.573645915,23,6,6,2024,116.0,115.0,112.0,115.72127861441264
24,2024-06-23 23:00:00,1403/04/04,116,SO,3,28,18.0,12.2,8.2,119.0,115.7,1.355555815,24,6,6,2024,116.0,115.0,115.0,115.7787147253336
1,2024-06-24 00:00:00,1403/04/04,116,SO,3,27,19.0,13.1,8.7,119.0,117.3,1.172038668,1,0,6,2024,117.0,117.0,114.0,117.6384470774174
2,2024-06-24 01:00:00,1403/04/04,116,SO,3,26,21.0,13.1,8.7,119.0,117.3,1.024165295,2,0,6,2024,118.0,117.0,115.0,117.49726862976401
3,2024-06-24 02:00:00,1403/04/04,116,SO,3,25,19.0,13.6,8.8,119.0,118.2,0.901272437,3,0,6,2024,118.0,117.0,116.0,117.58899048819818
4,2024-06-24 03:00:00,1403/04/04,116,SO,3,24,21.0,13.6,8.8,119.0,118.2,0.813584748,4,0,6,2024,118.0,118.0,119.0,117.80803245467347
5,2024-06-24 04:00:00,1403/04/04,117,SO,3,24,22.0,13.6,8.8,119.0,118.2,0.777674678,5,0,6,2024,119.0,118.0,121.0,117.47922997317195
6,2024-06-24 05:00:00,1403/04/04,117,SO,3,24,23.0,13.6,8.8,119.0,117.3,0.788998446,6,0,6,2024,119.0,118.0,121.0,116.73989724530742
7,2024-06-24 06:00:00,1403/04/04,117,SO,3,27,23.0,13.5,8.6,119.0,115.7,0.845591211,7,0,6,2024,118.0,119.0,119.0,116.73638444093731
8,2024-06-24 07:00:00,1403/04/04,115,SO,3,33,15.0,13.5,8.6,119.0,113.2,0.965363356,8,0,6,2024,116.0,117.0,115.0,115.50130249239507
9,2024-06-24 08:00:00,1403/04/04,113,SO,3,37,9.0,13.5,8.6,119.0,110.8,1.175114251,9,0,6,2024,113.0,113.0,114.0,114.3755058075213
10,2024-06-24 09:00:00,1403/04/04,118,SO,3,40,8.0,13.5,8.6,119.0,109.9,1.4483216,10,0,6,2024,119.0,110.0,108.0,114.65021246585061
11,2024-06-24 10:00:00,1403/04/04,118,SO,3,41,7.0,13.3,8.7,119.0,109.1,1.721238892,11,0,6,2024,119.0,108.0,105.0,114.86715415053027
12,2024-06-24 11:00:00,1403/04/04,117,SO,3,42,7.0,13.3,8.7,119.0,108.3,1.978398142,12,0,6,2024,118.0,105.0,100.0,114.29661204345123
13,2024-06-24 12:00:00,1403/04/04,118,SO,3,43,5.0,13.3,8.7,119.0,90.0,2.175834005,13,0,6,2024,118.0,100.0,100.0,114.55762725865199
14,2024-06-24 13:00:00,1403/04/04,117,SO,3,43,3.0,13.3,8.7,119.0,90.0,2.298600886,14,0,6,2024,118.0,95.0,95.0,113.23390062483045
15,2024-06-24 14:00:00,1403/04/04,117,SO,3,43,3.0,12.9,8.7,119.0,90.0,2.323761383,15,0,6,2024,117.0,90.0,90.0,113.14444119398993
16,2024-06-24 15:00:00,1403/04/04,118,SO,3,43,4.0,12.9,8.7,119.0,90.0,2.250042788,16,0,6,2024,117.0,90.0,90.0,113.04704742292633
17,2024-06-24 16:00:00,1403/04/04,112,SO,3,42,4.0,12.9,8.7,119.0,90.0,2.063719338,17,0,6,2024,118.0,90.0,90.0,112.7676748076334
18,2024-06-24 17:00:00,1403/04/04,106,SO,3,40,7.0,12.9,8.7,119.0,90.0,1.963360528,18,0,6,2024,119.0,90.0,95.0,111.86
19,2024-06-24 18:00:00,1403/04/04,110,SO,3,37,12.0,13.0,8.6,119.0,111.6,1.913652294,19,0,6,2024,119.0,108.0,111.0,112.11367602964768
20,2024-06-24 19:00:00,1403/04/04,112,SO,3,36,14.0,13.0,8.6,119.0,112.4,1.85612573,20,0,6,2024,114.0,109.0,111.0,111.86
21,2024-06-24 20:00:00,1403/04/04,113,SO,3,35,12.0,13.0,8.6,119.0,113.2,1.816297011,21,0,6,2024,112.0,114.0,120.0,111.8895831823684
22,2024-06-24 21:00:00,1403/04/04,114,SO,3,31,16.0,13.0,8.6,119.0,114.9,1.774453602,22,0,6,2024,113.0,115.0,120.0,113.06586929948053
23,2024-06-24 22:00:00,1403/04/04,115,SO,3,28,16.0,13.0,8.6,119.0,115.7,1.601930476,23,0,6,2024,113.0,116.0,115.0,114.51202687684665
24,2024-06-24 23:00:00,1403/04/05,115,SO,3,27,18.0,13.1,8.7,119.0,115.7,1.379067989,24,0,6,2024,116.0,116.0,115.0,114.86741114016804
1,2024-06-25 00:00:00,1403/04/05,117,SO,3,25,21.0,13.0,8.6,119.0,117.3,1.189632274,1,1,6,2024,116.0,117.0,117.0,116.27468697028652
2,2024-06-25 01:00:00,1403/04/05,117,SO,3,25,20.0,13.0,8.6,119.0,117.3,1.038164346,2,1,6,2024,116.0,118.0,117.0,116.20805058591714
3,2024-06-25 02:00:00,1403/04/05,117,SO,3,24,20.0,13.3,8.8,119.0,118.2,0.913308638,3,1,6,2024,116.0,118.0,117.0,116.21291867414459
4,2024-06-25 03:00:00,1403/04/05,118,SO,3,23,23.0,13.3,8.8,119.0,118.2,0.825596523,4,1,6,2024,116.0,118.0,118.0,116.69984473811998
5,2024-06-25 04:00:00,1403/04/05,119,SO,3,23,29.0,13.3,8.8,119.0,118.2,0.790468086,5,1,6,2024,117.0,119.0,118.0,116.91693448312347
6,2024-06-25 05:00:00,1403/04/05,118,SO,3,26,24.0,13.3,8.8,119.0,117.3,0.805118421,6,1,6,2024,117.0,119.0,118.0,116.19061645903066
7,2024-06-25 06:00:00,1403/04/05,117,SO,3,29,19.0,13.0,8.6,119.0,115.7,0.867268904,7,1,6,2024,117.0,118.0,119.0,115.93783767173902
8,2024-06-25 07:00:00,1403/04/05,116,SO,3,33,12.0,13.0,8.6,119.0,113.2,0.998102288,8,1,6,2024,115.0,116.0,117.0,115.19993513347777
9,2024-06-25 08:00:00,1403/04/05,115,SO,3,36,8.0,13.0,8.6,119.0,110.8,1.227804089,9,1,6,2024,113.0,113.0,113.0,113.67658292007522
10,2024-06-25 09:00:00,1403/04/05,113,SO,3,37,6.0,13.0,8.6,119.0,109.9,1.536271646,10,1,6,2024,118.0,119.0,110.0,114.11321758334118
11,2024-06-25 10:00:00,1403/04/05,112,SO,3,39,5.0,12.6,8.6,119.0,109.1,1.850949367,11,1,6,2024,118.0,119.0,108.0,114.00211655881232
12,2024-06-25 11:00:00,1403/04/05,108,SO,3,40,4.0,12.6,8.6,119.0,108.3,2.155334314,12,1,6,2024,117.0,118.0,105.0,113.92159821178846
13,2024-06-25 12:00:00,1403/04/05,106,SO,3,40,3.0,12.6,8.6,119.0,90.0,2.390266779,13,1,6,2024,118.0,118.0,100.0,113.05198031802932
14,2024-06-25 13:00:00,1403/04/05,105,LF1,3,40,3.0,12.6,8.6,119.0,90.0,2.534315587,14,1,6,2024,117.0,118.0,95.0,112.46281093845981
15,2024-06-25 14:00:00,1403/04/05,106,LF1,3,41,5.0,12.0,8.0,119.0,90.0,2.561660579,15,1,6,2024,117.0,117.0,90.0,112.09036066057827
16,2024-06-25 15:00:00,1403/04/05,108,LF1,3,39,12.0,12.0,8.0,119.0,90.0,2.47008735,16,1,6,2024,118.0,117.0,90.0,111.86
17,2024-06-25 16:00:00,1403/04/05,110,LF1,3,38,13.0,12.0,8.0,119.0,90.0,2.240654818,17,1,6,2024,112.0,118.0,90.0,111.86
18,2024-06-25 17:00:00,1403/04/05,112,LF1,3,37,14.0,12.0,8.0,119.0,90.0,2.115003763,18,1,6,2024,106.0,119.0,90.0,111.86
19,2024-06-25 18:00:00,1403/04/05,113,LF1,3,36,17.0,12.9,8.6,119.0,111.6,2.053258415,19,1,6,2024,110.0,119.0,108.0,111.86
20,2024-06-25 19:00:00,1403/04/05,113,SO,3,34,16.0,12.9,8.6,119.0,112.4,1.975547705,20,1,6,2024,112.0,114.0,109.0,111.86
21,2024-06-25 20:00:00,1403/04/05,115,SO,3,31,17.0,12.9,8.6,119.0,113.2,1.918952166,21,1,6,2024,113.0,112.0,114.0,112.63459896913109
22,2024-06-25 21:00:00,1403/04/05,114,SO,3,30,16.0,12.9,8.6,119.0,114.9,1.865166272,22,1,6,2024,114.0,113.0,115.0,113.07417077686371
23,2024-06-25 22:00:00,1403/04/05,114,SO,3,29,16.0,13.4,8.7,119.0,115.7,1.671757355,23,1,6,2024,115.0,113.0,116.0,114.35879933915584
24,2024-06-25 23:00:00,1403/04/06,115,SO,3,27,17.0,13.0,8.6,119.0,115.7,1.42853113,24,1,6,2024,115.0,116.0,116.0,114.73066182465611
1,2024-06-26 00:00:00,1403/04/06,117,SO,3,26,25.0,13.4,8.7,119.0,119.0,1.225383234,1,2,6,2024,117.0,116.0,117.0,115.85680794363617
2,2024-06-26 01:00:00,1403/04/06,116,SO,3,25,20.0,13.4,8.7,119.0,119.8,1.065074987,2,2,6,2024,117.0,116.0,118.0,115.14918730779081
3,2024-06-26 02:00:00,1403/04/06,117,SO,3,25,22.0,13.4,8.8,119.0,119.8,0.933570626,3,2,6,2024,117.0,116.0,118.0,115.1862498242385
4,2024-06-26 03:00:00,1403/04/06,118,SO,3,25,23.0,13.4,8.8,119.0,119.8,0.839585264,4,2,6,2024,118.0,116.0,118.0,115.18193761080587
5,2024-06-26 04:00:00,1403/04/06,118,SO,3,24,23.0,13.4,8.8,119.0,119.8,0.800081982,5,2,6,2024,119.0,117.0,119.0,115.033187909736
6,2024-06-26 05:00:00,1403/04/06,100,SO,3,24,21.0,13.4,8.8,119.0,119.8,0.811322717,6,2,6,2024,118.0,117.0,119.0,112.57250778295149
7,2024-06-26 06:00:00,1403/04/06,100,SO,3,28,19.0,13.2,8.5,119.0,116.5,0.870928693,7,2,6,2024,117.0,117.0,118.0,111.86
8,2024-06-26 07:00:00,1403/04/06,115,SO,3,33,12.0,13.2,8.5,119.0,114.9,1.000463819,8,2,6,2024,116.0,115.0,116.0,111.86
9,2024-06-26 08:00:00,1403/04/06,113,SO,3,37,9.0,13.2,8.5,119.0,113.2,1.232782193,9,2,6,2024,115.0,113.0,113.0,111.86
10,2024-06-26 09:00:00,1403/04/06,112,SO,3,38,7.0,13.2,8.5,119.0,112.4,1.548937434,10,2,6,2024,113.0,118.0,119.0,111.86
11,2024-06-26 10:00:00,1403/04/06,107,SO,3,40,6.0,13.2,8.5,119.0,110.8,1.879366725,11,2,6,2024,112.0,118.0,119.0,111.86
12,2024-06-26 11:00:00,1403/04/06,106,SO,3,41,5.0,13.2,8.5,119.0,109.9,2.201179179,12,2,6,2024,108.0,117.0,118.0,111.86
13,2024-06-26 12:00:00,1403/04/06,106,SO,3,42,6.0,13.2,8.5,119.0,90.0,2.450115172,13,2,6,2024,106.0,118.0,118.0,111.86
14,2024-06-26 13:00:00,1403/04/06,106,SO,3,42,6.0,13.2,8.5,119.0,90.0,2.605283766,14,2,6,2024,105.0,117.0,118.0,111.86
15,2024-06-26 14:00:00,1403/04/06,106,LF1,3,42,8.0,12.2,8.5,119.0,90.0,2.640329029,15,2,6,2024,106.0,117.0,117.0,111.86
16,2024-06-26 15:00:00,1403/04/06,106,LF1,3,41,10.0,12.2,8.5,119.0,90.0,2.54386665,16,2,6,2024,108.0,118.0,117.0,111.86
17,2024-06-26 16:00:00,1403/04/06,106,LF1,3,39,13.0,12.2,8.5,119.0,90.0,2.302816344,17,2,6,2024,110.0,112.0,118.0,111.86
18,2024-06-26 17:00:00,1403/04/06,106,LF1,3,38,12.0,12.2,8.5,119.0,90.0,2.168886736,18,2,6,2024,112.0,106.0,119.0,111.86
19,2024-06-26 18:00:00,1403/04/06,107,LF1,3,37,11.0,12.9,8.5,119.0,112.4,2.097208916,19,2,6,2024,113.0,110.0,119.0,111.86
20,2024-06-26 19:00:00,1403/04/06,113,LF1,3,34,11.0,12.9,8.5,119.0,113.2,2.00472445,20,2,6,2024,113.0,112.0,114.0,111.86
21,2024-06-26 20:00:00,1403/04/06,113,LF1,3,33,12.0,12.9,8.5,119.0,114.0,1.935060531,21,2,6,2024,115.0,113.0,112.0,111.86
22,2024-06-26 21:00:00,1403/04/06,113,LF1,3,32,12.0,12.9,8.5,119.0,115.7,1.872925267,22,2,6,2024,114.0,114.0,113.0,111.86
23,2024-06-26 22:00:00,1403/04/06,113,LF1,3,30,12.0,13.0,8.7,119.0,116.5,1.67988985,23,2,6,2024,114.0,115.0,113.0,112.7592666445949
24,2024-06-26 23:00:00,1403/04/07,115,LF1,3,28,15.0,13.4,8.7,119.0,116.5,1.438180283,24,2,6,2024,115.0,115.0,116.0,113.23572150876734
1,2024-06-27 00:00:00,1403/04/07,116,LF1,3,26,17.0,13.0,8.7,119.0,119.0,1.237497697,1,3,6,2024,117.0,117.0,116.0,113.43537662439147
2,2024-06-27 01:00:00,1403/04/07,116,LF1,3,24,18.0,13.0,8.7,119.0,119.8,1.077715918,2,3,6,2024,116.0,117.0,116.0,112.78826876657634
3,2024-06-27 02:00:00,1403/04/07,117,LF1,3,24,18.0,13.0,8.7,119.0,119.8,0.944558988,3,3,6,2024,117.0,117.0,116.0,113.14629850583856
4,2024-06-27 03:00:00,1403/04/07,118,LF1,3,23,19.0,13.0,8.7,119.0,119.8,0.847724229,4,3,6,2024,118.0,118.0,116.0,113.17640477668562
5,2024-06-27 04:00:00,1403/04/07,119,LF1,3,22,21.0,13.0,8.7,119.0,119.8,0.805120475,5,3,6,2024,118.0,119.0,117.0,112.93291679969353
6,2024-06-27 05:00:00,1403/04/07,102,LF1,3,22,19.0,13.0,8.7,119.0,119.8,0.81162965,6,3,6,2024,100.0,118.0,117.0,111.86
7,2024-06-27 06:00:00,1403/04/07,103,LF1,3,29,15.0,12.7,8.1,119.0,116.5,0.864976957,7,3,6,2024,100.0,117.0,117.0,111.86
8,2024-06-27 07:00:00,1403/04/07,100,LF1,3,33,10.0,12.7,8.1,119.0,114.9,0.983491911,8,3,6,2024,115.0,116.0,115.0,111.86
9,2024-06-27 08:00:00,1403/04/07,104,LF1,3,36,10.0,12.7,8.1,119.0,113.2,1.195109693,9,3,6,2024,113.0,115.0,113.0,111.86
10,2024-06-27 09:00:00,1403/04/07,97,LF1,3,39,7.0,12.7,8.1,119.0,112.4,1.478702095,10,3,6,2024,112.0,113.0,118.0,111.86
11,2024-06-27 10:00:00,1403/04/07,110,LF1,3,40,7.0,12.7,8.1,119.0,110.8,1.786303011,11,3,6,2024,107.0,112.0,118.0,111.86
12,2024-06-27 11:00:00,1403/04/07,108,LF1,3,41,6.0,12.7,8.1,119.0,109.9,2.102138413,12,3,6,2024,106.0,108.0,117.0,111.86
13,2024-06-27 12:00:00,1403/04/07,105,LF1,3,41,7.0,12.7,8.1,119.0,90.0,2.364708746,13,3,6,2024,106.0,106.0,118.0,111.86
14,2024-06-27 13:00:00,1403/04/07,115,LF1,3,41,7.0,12.7,8.1,119.0,90.0,2.525415257,14,3,6,2024,106.0,105.0,117.0,111.86
15,2024-06-27 14:00:00,1403/04/07,118,SO,3,41,11.0,13.4,8.8,119.0,90.0,2.572463393,15,3,6,2024,106.0,106.0,117.0,111.86
16,2024-06-27 15:00:00,1403/04/07,118,SO,3,39,13.0,13.4,8.8,119.0,90.0,2.484471408,16,3,6,2024,106.0,108.0,118.0,111.86
17,2024-06-27 16:00:00,1403/04/07,118,SO,3,38,16.0,13.4,8.8,119.0,90.0,2.252109093,17,3,6,2024,106.0,110.0,112.0,111.86
18,2024-06-27 17:00:00,1403/04/07,118,SO,3,37,16.0,13.4,8.8,119.0,90.0,2.121213152,18,3,6,2024,106.0,112.0,106.0,111.86
19,2024-06-27 18:00:00,1403/04/07,119,SO,3,35,18.0,13.2,8.9,119.0,112.4,2.05135752,19,3,6,2024,107.0,113.0,110.0,111.86
20,2024-06-27 19:00:00,1403/04/07,121,SO,3,32,19.0,13.2,8.9,119.0,113.2,1.955720708,20,3,6,2024,113.0,113.0,112.0,111.86
21,2024-06-27 20:00:00,1403/04/07,115,SO,3,30,20.0,13.2,8.9,119.0,114.0,1.884110157,21,3,6,2024,113.0,115.0,113.0,112.93633439265417
22,2024-06-27 21:00:00,1403/04/07,116,SO,3,30,20.0,13.2,8.9,119.0,115.7,1.82661595,22,3,6,2024,113.0,114.0,114.0,112.94182379230404
23,2024-06-27 22:00:00,1403/04/07,115,SO,3,31,20.0,13.1,8.7,119.0,116.5,1.648005493,23,3,6,2024,113.0,114.0,115.0,113.0064888731435
24,2024-06-27 23:00:00,1403/04/08,117,SO,3,27,22.0,13.0,8.7,119.0,116.5,1.352765693,24,3,6,2024,115.0,115.0,115.0,113.70517671299794
1,2024-06-28 00:00:00,1403/04/08,117,SO,3,25,17.0,12.9,8.7,119.0,124.2,1.170129882,1,4,6,2024,116.0,117.0,117.0,113.62648544273323
2,2024-06-28 01:00:00,1403/04/08,117,SO,3,24,18.0,12.9,8.7,119.0,124.2,1.023291183,2,4,6,2024,116.0,116.0,117.0,113.781226830414
3,2024-06-28 02:00:00,1403/04/08,117,SO,3,23,16.0,13.0,8.8,119.0,124.2,0.899429636,3,4,6,2024,117.0,117.0,117.0,114.13925656967622
4,2024-06-28 03:00:00,1403/04/08,119,SO,3,22,21.0,13.0,8.8,119.0,124.2,0.808623252,4,4,6,2024,118.0,118.0,118.0,114.25103914781258
5,2024-06-28 04:00:00,1403/04/08,119,SO,3,22,21.0,13.0,8.8,119.0,124.2,0.769161433,5,4,6,2024,119.0,118.0,119.0,113.86148011849411
6,2024-06-28 05:00:00,1403/04/08,119,SO,3,22,21.0,13.0,8.8,119.0,124.2,0.775455248,6,4,6,2024,102.0,100.0,118.0,111.86
7,2024-06-28 06:00:00,1403/04/08,119,SO,3,28,19.0,12.7,8.6,119.0,121.7,0.825473437,7,4,6,2024,103.0,100.0,117.0,111.86
8,2024-06-28 07:00:00,1403/04/08,115,SO,3,33,14.0,12.7,8.6,119.0,119.2,0.936790552,8,4,6,2024,100.0,115.0,116.0,112.07936603206298
9,2024-06-28 08:00:00,1403/04/08,114,SO,3,37,7.0,12.7,8.6,119.0,117.6,1.135753374,9,4,6,2024,104.0,113.0,115.0,111.91797130806931
10,2024-06-28 09:00:00,1403/04/08,108,SO,3,40,6.0,12.7,8.6,119.0,116.8,1.396913549,10,4,6,2024,97.0,112.0,113.0,113.14389135685244
11,2024-06-28 10:00:00,1403/04/08,106,SO,3,42,4.0,12.0,7.8,119.0,115.1,1.683960794,11,4,6,2024,110.0,107.0,112.0,113.62561868567559
12,2024-06-28 11:00:00,1403/04/08,95,SO,3,43,5.0,12.0,7.8,119.0,114.3,1.990511812,12,4,6,2024,108.0,106.0,108.0,111.86
13,2024-06-28 12:00:00,1403/04/08,95,SO,3,44,3.0,12.0,7.8,119.0,114.3,2.255590324,13,4,6,2024,105.0,106.0,106.0,111.86
14,2024-06-28 13:00:00,1403/04/08,85,LF1,3,44,3.0,12.0,7.8,119.0,114.3,2.417920299,14,4,6,2024,115.0,106.0,105.0,111.86
15,2024-06-28 14:00:00,1403/04/08,85,LF1,3,43,6.0,10.4,6.9,119.0,114.3,2.476725764,15,4,6,2024,118.0,106.0,106.0,111.86
16,2024-06-28 15:00:00,1403/04/08,80,LF1,3,42,6.0,10.4,6.9,119.0,115.1,2.396931791,16,4,6,2024,118.0,106.0,108.0,111.86
17,2024-06-28 16:00:00,1403/04/08,80,LF1,3,41,7.0,10.4,6.9,119.0,115.9,2.169046892,17,4,6,2024,118.0,106.0,110.0,111.86
18,2024-06-28 17:00:00,1403/04/08,85,LF1,3,39,7.0,10.4,6.9,119.0,116.8,2.039756896,18,4,6,2024,118.0,106.0,112.0,111.86
19,2024-06-28 18:00:00,1403/04/08,90,LF1,3,36,9.0,12.0,8.0,119.0,117.6,1.971621348,19,4,6,2024,119.0,107.0,113.0,111.86
20,2024-06-28 19:00:00,1403/04/08,100,LF1,3,34,9.0,12.0,8.0,119.0,118.4,1.877432646,20,4,6,2024,121.0,113.0,113.0,111.86
21,2024-06-28 20:00:00,1403/04/08,100,LF1,3,33,10.0,12.0,8.0,119.0,119.2,1.807480203,21,4,6,2024,115.0,113.0,115.0,111.86
22,2024-06-28 21:00:00,1403/04/08,100,LF1,3,31,12.0,12.0,8.0,119.0,120.9,1.747318496,22,4,6,2024,116.0,113.0,114.0,111.86
23,2024-06-28 22:00:00,1403/04/08,110,LF1,3,29,13.0,12.2,8.2,119.0,121.7,1.571703709,23,4,6,2024,115.0,113.0,114.0,111.86
24,2024-06-28 23:00:00,1403/04/09,110,LF1,3,27,14.0,12.9,8.7,119.0,121.7,1.418370646,24,4,6,2024,117.0,115.0,115.0,111.86
1,2024-06-29 00:00:00,1403/04/09,117,SO,3,25,23.0,13.1,8.7,119.0,119.0,1.227111597,1,5,6,2024,117.0,116.0,117.0,111.86
2,2024-06-29 01:00:00,1403/04/09,118,SO,3,24,24.0,13.1,8.7,119.0,119.8,1.073548362,2,5,6,2024,117.0,116.0,116.0,111.86
3,2024-06-29 02:00:00,1403/04/09,118,SO,3,23,26.0,13.1,8.7,119.0,119.8,0.946831898,3,5,6,2024,117.0,117.0,117.0,111.86
4,2024-06-29 03:00:00,1403/04/09,118,SO,3,22,28.0,13.1,8.7,119.0,119.8,0.853670397,4,5,6,2024,119.0,118.0,118.0,111.86
5,2024-06-29 04:00:00,1403/04/09,118,SO,3,22,30.0,13.1,8.7,119.0,119.8,0.816383877,5,5,6,2024,119.0,119.0,118.0,111.86
6,2024-06-29 05:00:00,1403/04/09,118,SO,3,30,28.0,13.1,8.7,119.0,119.8,0.827137336,6,5,6,2024,119.0,102.0,100.0,111.86
7,2024-06-29 06:00:00,1403/04/09,118,SO,3,28,23.0,12.9,8.7,119.0,116.5,0.885962902,7,5,6,2024,119.0,103.0,100.0,111.86
8,2024-06-29 07:00:00,1403/04/09,117,SO,3,31,17.0,12.9,8.7,119.0,114.9,1.013726732,8,5,6,2024,115.0,100.0,115.0,111.86
9,2024-06-29 08:00:00,1403/04/09,114,SO,3,35,12.0,12.9,8.7,119.0,113.2,1.247252454,9,5,6,2024,114.0,104.0,113.0,111.86
10,2024-06-29 09:00:00,1403/04/09,113,SO,3,37,10.0,12.9,8.7,119.0,112.4,1.559191434,10,5,6,2024,108.0,97.0,112.0,111.86
11,2024-06-29 10:00:00,1403/04/09,110,SO,3,39,12.0,13.4,8.7,119.0,110.8,1.902962388,11,5,6,2024,106.0,110.0,107.0,111.86
12,2024-06-29 11:00:00,1403/04/09,114,SO,3,40,10.0,13.4,8.7,119.0,109.9,2.257074083,12,5,6,2024,95.0,108.0,106.0,111.86
13,2024-06-29 12:00:00,1403/04/09,118,SO,3,41,8.0,13.4,8.7,119.0,90.0,2.538859804,13,5,6,2024,95.0,105.0,106.0,111.86
14,2024-06-29 13:00:00,1403/04/09,118,SO,3,41,8.0,13.4,8.7,119.0,90.0,2.697995445,14,5,6,2024,85.0,115.0,106.0,111.86
15,2024-06-29 14:00:00,1403/04/09,118,SO,3,41,6.0,13.1,8.8,119.0,90.0,2.740953137,15,5,6,2024,85.0,118.0,106.0,111.86
16,2024-06-29 15:00:00,1403/04/09,119,SO,3,40,7.0,13.1,8.8,119.0,90.0,2.639699599,16,5,6,2024,80.0,118.0,106.0,111.86
17,2024-06-29 16:00:00,1403/04/09,119,SO,3,39,8.0,13.1,8.8,119.0,90.0,2.388428137,17,5,6,2024,80.0,118.0,106.0,111.86
18,2024-06-29 17:00:00,1403/04/09,113,SO,3,37,14.0,13.1,8.8,119.0,90.0,2.252792616,18,5,6,2024,85.0,118.0,106.0,111.86
19,2024-06-29 18:00:00,1403/04/09,113,SO,3,35,17.0,13.0,8.6,119.0,112.4,2.18026509,19,5,6,2024,90.0,119.0,107.0,111.86
20,2024-06-29 19:00:00,1403/04/09,114,SO,3,32,16.0,13.0,8.6,119.0,113.2,2.070586592,20,5,6,2024,100.0,121.0,113.0,112.35074762967969
21,2024-06-29 20:00:00,1403/04/09,114,SO,3,30,17.0,13.0,8.6,119.0,114.0,1.979462084,21,5,6,2024,100.0,115.0,113.0,111.86
22,2024-06-29 21:00:00,1403/04/09,115,LF1,3,30,19.0,13.0,8.6,119.0,115.7,1.892442981,22,5,6,2024,100.0,116.0,113.0,113.83181457983615
23,2024-06-29 22:00:00,1403/04/09,113,LF1,3,31,22.0,13.0,8.6,119.0,116.5,1.684014387,23,5,6,2024,110.0,115.0,113.0,114.92612843715398
24,2024-06-29 23:00:00,1403/04/10,113,LF1,3,29,22.0,13.1,8.7,119.0,116.5,1.433295958,24,5,6,2024,110.0,117.0,115.0,115.56167749790852
1,2024-06-30 00:00:00,1403/04/10,113,LF1,3,26,24.0,13.0,8.6,119.0,122.0,1.233671155,1,6,6,2024,117.0,117.0,116.0,117.46949430438386
2,2024-06-30 01:00:00,1403/04/10,114,LF1,3,25,27.0,13.0,8.6,119.0,122.8,1.076396248,2,6,6,2024,118.0,117.0,116.0,117.22186841086611
3,2024-06-30 02:00:00,1403/04/10,114,LF1,3,24,28.0,13.3,8.7,119.0,122.8,0.950227588,3,6,6,2024,118.0,117.0,117.0,117.07862584468555
4,2024-06-30 03:00:00,1403/04/10,114,LF1,3,24,29.0,13.3,8.7,119.0,122.8,0.857053284,4,6,6,2024,118.0,119.0,118.0,116.63510047332159
5,2024-06-30 04:00:00,1403/04/10,110,LF1,3,23,28.0,13.3,8.7,119.0,122.8,0.821442693,5,6,6,2024,118.0,119.0,119.0,116.15647028027905
6,2024-06-30 05:00:00,1403/04/10,110,LF1,3,24,30.0,13.3,8.7,119.0,122.8,0.83391349,6,6,6,2024,118.0,119.0,102.0,113.30429375308881
7,2024-06-30 06:00:00,1403/04/10,110,LF1,3,28,26.0,13.0,8.6,119.0,119.5,0.895718674,7,6,6,2024,118.0,119.0,103.0,113.42829968655778
8,2024-06-30 07:00:00,1403/04/10,110,LF1,3,30,20.0,13.0,8.6,119.0,117.9,1.027011282,8,6,6,2024,117.0,115.0,100.0,112.31336548088615
9,2024-06-30 08:00:00,1403/04/10,111,LF1,3,34,13.0,13.0,8.6,119.0,116.2,1.268093379,9,6,6,2024,114.0,114.0,104.0,111.86
10,2024-06-30 09:00:00,1403/04/10,109,LF1,3,38,12.0,13.0,8.6,119.0,115.4,1.585405555,10,6,6,2024,113.0,108.0,97.0,111.86
11,2024-06-30 10:00:00,1403/04/10,114,LF1,3,40,10.0,13.0,8.6,119.0,113.8,1.927154434,11,6,6,2024,110.0,106.0,110.0,111.86
12,2024-06-30 11:00:00,1403/04/10,114,LF1,3,40,10.0,13.0,8.6,119.0,112.9,2.264793709,12,6,6,2024,114.0,95.0,108.0,111.86
13,2024-06-30 12:00:00,1403/04/10,113,LF1,3,42,10.0,13.0,8.6,119.0,112.9,2.519200093,13,6,6,2024,118.0,95.0,105.0,111.86
14,2024-06-30 13:00:00,1403/04/10,113,LF1,3,42,10.0,13.0,8.6,119.0,112.9,2.649455522,14,6,6,2024,118.0,85.0,115.0,111.86
15,2024-06-30 14:00:00,1403/04/10,113,SO,3,42,10.0,13.0,8.6,119.0,112.9,2.689014078,15,6,6,2024,118.0,85.0,118.0,111.86
16,2024-06-30 15:00:00,1403/04/10,113,SO,3,40,14.0,13.0,8.6,119.0,112.9,2.615437643,16,6,6,2024,119.0,80.0,118.0,111.86
17,2024-06-30 16:00:00,1403/04/10,114,SO,3,39,14.0,13.0,8.6,119.0,113.8,2.38028178,17,6,6,2024,119.0,80.0,118.0,111.86
18,2024-06-30 17:00:00,1403/04/10,115,SO,3,37,17.0,13.0,8.6,119.0,114.6,2.246872041,18,6,6,2024,113.0,85.0,118.0,111.86
19,2024-06-30 18:00:00,1403/04/10,108,SO,3,35,18.0,13.4,8.7,119.0,115.4,2.180877313,19,6,6,2024,113.0,90.0,119.0,111.86
20,2024-06-30 19:00:00,1403/04/10,115,SO,3,34,23.0,13.4,8.7,119.0,116.2,2.072703147,20,6,6,2024,114.0,100.0,121.0,111.86
21,2024-06-30 20:00:00,1403/04/10,116,SO,3,33,24.0,13.4,8.7,119.0,117.0,1.974182955,21,6,6,2024,114.0,100.0,115.0,111.86
22,2024-06-30 21:00:00,1403/04/10,115,SO,3,31,27.0,13.4,8.7,119.0,118.7,1.883080893,22,6,6,2024,115.0,100.0,116.0,111.86
23,2024-06-30 22:00:00,1403/04/10,112,SO,3,30,27.0,13.0,8.6,119.0,119.5,1.669918645,23,6,6,2024,113.0,110.0,115.0,112.94244474244806
24,2024-06-30 23:00:00,1403/04/11,111,SO,3,28,24.0,13.0,8.6,119.0,119.5,1.415928357,24,6,6,2024,113.0,110.0,117.0,113.10183716375016
1,2024-07-01 00:00:00,1403/04/11,112,SO,3,29,23.0,13.0,8.6,119.0,122.0,1.218254242,1,0,7,2024,113.0,117.0,117.0,114.0395523312562
2,2024-07-01 01:00:00,1403/04/11,113,SO,3,27,24.0,13.0,8.6,119.0,122.8,1.065161111,2,0,7,2024,114.0,118.0,117.0,114.04865312599692
3,2024-07-01 02:00:00,1403/04/11,114,SO,3,25,26.0,13.0,8.7,119.0,122.8,0.944102804,3,0,7,2024,114.0,118.0,117.0,114.04801547213808
4,2024-07-01 03:00:00,1403/04/11,114,SO,3,25,29.0,13.0,8.7,119.0,122.8,0.85609206,4,0,7,2024,114.0,118.0,119.0,114.04370325870545
5,2024-07-01 04:00:00,1403/04/11,105,SO,3,24,29.0,13.0,8.7,119.0,122.8,0.824399604,5,0,7,2024,110.0,118.0,119.0,112.92216500998296
6,2024-07-01 05:00:00,1403/04/11,105,SO,3,24,28.0,13.0,8.7,119.0,122.8,0.839734268,6,0,7,2024,110.0,118.0,119.0,111.97316771972086
7,2024-07-01 06:00:00,1403/04/11,105,SO,3,28,24.0,13.0,8.5,119.0,119.5,0.903336796,7,0,7,2024,110.0,118.0,119.0,111.86
8,2024-07-01 07:00:00,1403/04/11,113,SO,3,32,19.0,13.0,8.5,119.0,117.9,1.035911453,8,0,7,2024,110.0,117.0,115.0,111.86
9,2024-07-01 08:00:00,1403/04/11,112,SO,3,36,16.0,13.0,8.5,119.0,116.2,1.276056487,9,0,7,2024,111.0,114.0,114.0,111.86
10,2024-07-01 09:00:00,1403/04/11,108,SO,3,38,11.0,13.0,8.5,119.0,115.4,1.587142808,10,0,7,2024,109.0,113.0,108.0,111.86
11,2024-07-01 10:00:00,1403/04/11,107,SO,3,40,9.0,13.0,8.5,119.0,113.8,1.919889259,11,0,7,2024,114.0,110.0,106.0,111.86
12,2024-07-01 11:00:00,1403/04/11,114,SO,3,42,8.0,13.0,8.5,119.0,112.9,2.25538198,12,0,7,2024,114.0,114.0,95.0,111.86
13,2024-07-01 12:00:00,1403/04/11,112,SO,3,43,7.0,13.0,8.5,119.0,112.9,2.504782619,13,0,7,2024,113.0,118.0,95.0,111.86
14,2024-07-01 13:00:00,1403/04/11,112,SO,3,43,7.0,13.0,8.5,119.0,112.9,2.632424022,14,0,7,2024,113.0,118.0,85.0,111.86
15,2024-07-01 14:00:00,1403/04/11,100,SO,3,43,8.0,13.0,8.0,119.0,112.9,2.674640608,15,0,7,2024,113.0,118.0,85.0,111.86
16,2024-07-01 15:00:00,1403/04/11,100,SO,3,42,8.0,13.0,8.0,119.0,112.9,2.610768137,16,0,7,2024,113.0,119.0,80.0,111.86
17,2024-07-01 16:00:00,1403/04/11,100,SO,3,41,12.0,13.0,8.0,119.0,113.8,2.373422664,17,0,7,2024,114.0,119.0,80.0,111.86
18,2024-07-01 17:00:00,1403/04/11,102,SO,3,39,13.0,13.0,8.0,119.0,114.6,2.23667432,18,0,7,2024,115.0,113.0,85.0,111.86
19,2024-07-01 18:00:00,1403/04/11,108,SO,3,37,13.0,12.0,8.0,119.0,115.4,2.168408382,19,0,7,2024,108.0,113.0,90.0,111.86
20,2024-07-01 19:00:00,1403/04/11,100,SO,3,35,12.0,12.0,8.0,119.0,116.2,2.055212319,20,0,7,2024,115.0,114.0,100.0,111.86
21,2024-07-01 20:00:00,1403/04/11,110,LF1,3,33,13.0,12.0,8.0,119.0,117.0,1.950254258,21,0,7,2024,116.0,114.0,100.0,111.86
22,2024-07-01 21:00:00,1403/04/11,111,LF1,3,31,10.0,12.0,8.0,119.0,118.7,1.854795839,22,0,7,2024,115.0,115.0,100.0,111.86
23,2024-07-01 22:00:00,1403/04/11,110,LF1,3,29,18.0,13.0,8.6,119.0,119.5,1.643792673,23,0,7,2024,112.0,113.0,110.0,111.86
24,2024-07-01 23:00:00,1403/04/12,111,LF1,3,29,20.0,13.0,8.6,119.0,119.5,1.394373675,24,0,7,2024,111.0,113.0,110.0,111.86
1,2024-07-02 00:00:00,1403/04/12,111,LF1,3,27,20.0,13.0,8.6,119.0,119.0,1.201248185,1,1,7,2024,112.0,113.0,117.0,111.86
2,2024-07-02 01:00:00,1403/04/12,112,LF1,3,25,20.0,13.0,8.6,119.0,119.8,1.05277168,2,1,7,2024,113.0,114.0,118.0,111.86
3,2024-07-02 02:00:00,1403/04/12,113,LF1,3,24,22.0,13.0,8.6,119.0,119.8,0.936760792,3,1,7,2024,114.0,114.0,118.0,111.86
4,2024-07-02 03:00:00,1403/04/12,113,LF1,3,24,22.0,13.0,8.6,119.0,119.8,0.85261235,4,1,7,2024,114.0,114.0,118.0,111.86
5,2024-07-02 04:00:00,1403/04/12,113,LF1,3,24,22.0,13.0,8.6,119.0,119.8,0.822959741,5,1,7,2024,105.0,110.0,118.0,111.86
6,2024-07-02 05:00:00,1403/04/12,90,LF1,3,27,20.0,13.0,8.6,119.0,119.8,0.839852738,6,1,7,2024,105.0,110.0,118.0,111.86
7,2024-07-02 06:00:00,1403/04/12,113,LF1,3,28,20.0,13.4,8.6,119.0,116.5,0.90430587,7,1,7,2024,105.0,110.0,118.0,111.86
8,2024-07-02 07:00:00,1403/04/12,112,LF1,3,32,14.0,13.4,8.6,119.0,114.9,1.038237127,8,1,7,2024,113.0,110.0,117.0,111.86
9,2024-07-02 08:00:00,1403/04/12,108,LF1,3,36,9.0,13.4,8.6,119.0,113.2,1.280026698,9,1,7,2024,112.0,111.0,114.0,111.86
10,2024-07-02 09:00:00,1403/04/12,114,LF1,3,40,5.0,13.4,8.6,119.0,112.4,1.595994381,10,1,7,2024,108.0,109.0,113.0,111.86
11,2024-07-02 10:00:00,1403/04/12,113,LF1,3,41,4.0,13.1,8.6,119.0,110.8,1.934025822,11,1,7,2024,107.0,114.0,110.0,111.86
12,2024-07-02 11:00:00,1403/04/12,112,LF1,3,42,4.0,13.1,8.6,119.0,109.9,2.269935095,12,1,7,2024,114.0,114.0,114.0,111.86
13,2024-07-02 12:00:00,1403/04/12,113,LF1,3,42,4.0,13.1,8.6,119.0,109.9,2.511975179,13,1,7,2024,112.0,113.0,118.0,111.86
14,2024-07-02 13:00:00,1403/04/12,113,LF1,3,42,4.0,13.1,8.6,119.0,109.9,2.64492225,14,1,7,2024,112.0,113.0,118.0,111.86
15,2024-07-02 14:00:00,1403/04/12,112,SO,3,43,3.0,13.0,8.6,119.0,109.9,2.691647694,15,1,7,2024,100.0,113.0,118.0,111.86
16,2024-07-02 15:00:00,1403/04/12,112,SO,3,43,4.0,13.0,8.6,119.0,109.9,2.629890748,16,1,7,2024,100.0,113.0,119.0,111.86
17,2024-07-02 16:00:00,1403/04/12,112,SO,3,42,4.0,13.0,8.6,119.0,110.8,2.393757452,17,1,7,2024,100.0,114.0,119.0,111.86
18,2024-07-02 17:00:00,1403/04/12,113,SO,3,40,4.0,13.0,8.6,119.0,111.6,2.256422123,18,1,7,2024,102.0,115.0,113.0,111.86
19,2024-07-02 18:00:00,1403/04/12,107,SO,3,38,7.0,13.1,8.4,119.0,112.4,2.181414854,19,1,7,2024,108.0,108.0,113.0,111.86
20,2024-07-02 19:00:00,1403/04/12,108,SO,3,35,10.0,13.1,8.4,119.0,113.2,2.065833899,20,1,7,2024,100.0,115.0,114.0,111.86
21,2024-07-02 20:00:00,1403/04/12,108,LF1,3,34,10.0,13.1,8.4,119.0,114.0,1.963538926,21,1,7,2024,110.0,116.0,114.0,111.86
22,2024-07-02 21:00:00,1403/04/12,109,LF1,3,32,11.0,13.1,8.4,119.0,115.7,1.868268826,22,1,7,2024,111.0,115.0,115.0,111.86
23,2024-07-02 22:00:00,1403/04/12,109,LF1,3,30,11.0,13.3,8.6,119.0,116.5,1.651560041,23,1,7,2024,110.0,112.0,113.0,111.86
24,2024-07-02 23:00:00,1403/04/14,111,LF1,3,29,14.0,13.0,8.6,119.0,116.5,1.403212886,24,1,7,2024,111.0,111.0,113.0,111.94584604654827
1,2024-07-04 00:00:00,1403/04/14,112,SO,3,27,14.0,13.1,8.6,119.0,112.0,1.210013562,1,3,7,2024,111.0,112.0,113.0,111.86
2,2024-07-04 01:00:00,1403/04/14,113,SO,3,26,15.0,13.1,8.6,119.0,112.8,1.059953752,2,3,7,2024,112.0,113.0,114.0,111.86
3,2024-07-04 02:00:00,1403/04/14,114,SO,3,26,16.0,13.7,8.7,119.0,112.8,0.942569235,3,3,7,2024,113.0,114.0,114.0,111.86
4,2024-07-04 03:00:00,1403/04/14,113,SO,3,27,15.0,13.7,8.7,119.0,112.8,0.857843943,4,3,7,2024,113.0,114.0,114.0,111.86
5,2024-07-04 04:00:00,1403/04/14,114,SO,3,24,16.0,13.7,8.7,119.0,112.8,0.823196082,5,3,7,2024,113.0,105.0,110.0,111.86
6,2024-07-04 05:00:00,1403/04/14,114,SO,3,26,15.0,13.7,8.7,119.0,112.8,0.833209651,6,3,7,2024,90.0,105.0,110.0,111.86
7,2024-07-04 06:00:00,1403/04/14,114,SO,3,28,15.0,13.3,8.6,119.0,109.5,0.890168396,7,3,7,2024,113.0,105.0,110.0,111.86
8,2024-07-04 07:00:00,1403/04/14,113,SO,3,32,10.0,13.3,8.6,119.0,107.9,1.015795842,8,3,7,2024,112.0,113.0,110.0,111.86
9,2024-07-04 08:00:00,1403/04/14,111,SO,3,34,7.0,13.3,8.6,119.0,106.2,1.241700293,9,3,7,2024,108.0,112.0,111.0,111.86
10,2024-07-04 09:00:00,1403/04/14,110,SO,3,36,7.0,13.3,8.6,119.0,105.4,1.549112101,10,3,7,2024,114.0,108.0,109.0,111.86
11,2024-07-04 10:00:00,1403/04/14,116,SO,3,38,6.0,13.3,8.6,119.0,103.8,1.887572183,11,3,7,2024,113.0,107.0,114.0,111.86
12,2024-07-04 11:00:00,1403/04/14,115,SO,3,39,6.0,13.3,8.6,119.0,102.9,2.212570103,12,3,7,2024,112.0,114.0,114.0,111.86
13,2024-07-04 12:00:00,1403/04/14,114,SO,3,40,7.0,13.3,8.6,119.0,102.9,2.432086439,13,3,7,2024,113.0,112.0,113.0,111.86
14,2024-07-04 13:00:00,1403/04/14,114,SO,3,40,7.0,13.3,8.6,119.0,102.9,2.556088969,14,3,7,2024,113.0,112.0,113.0,111.86
15,2024-07-04 14:00:00,1403/04/14,114,SO,3,41,7.0,13.1,8.6,119.0,102.9,2.590329394,15,3,7,2024,112.0,100.0,113.0,111.86
16,2024-07-04 15:00:00,1403/04/14,114,SO,3,40,7.0,13.1,8.6,119.0,102.9,2.518930941,16,3,7,2024,112.0,100.0,113.0,111.86
17,2024-07-04 16:00:00,1403/04/14,114,SO,3,39,7.0,13.1,8.6,119.0,103.8,2.293278816,17,3,7,2024,112.0,100.0,114.0,111.86
18,2024-07-04 17:00:00,1403/04/14,112,SO,3,38,12.0,13.1,8.6,119.0,104.6,2.170192645,18,3,7,2024,113.0,102.0,115.0,111.86
19,2024-07-04 18:00:00,1403/04/14,113,SO,3,36,14.0,13.3,8.8,119.0,105.4,2.111767677,19,3,7,2024,107.0,108.0,108.0,111.86
20,2024-07-04 19:00:00,1403/04/14,116,SO,3,34,18.0,13.3,8.8,119.0,106.2,2.021504208,20,3,7,2024,108.0,100.0,115.0,111.86
21,2024-07-04 20:00:00,1403/04/14,116,SO,3,32,20.0,13.3,8.8,119.0,107.0,1.95001635,21,3,7,2024,108.0,110.0,116.0,111.86
22,2024-07-04 21:00:00,1403/04/14,111,SO,3,31,20.0,13.3,8.8,119.0,108.7,1.885932232,22,3,7,2024,109.0,111.0,115.0,111.86
23,2024-07-04 22:00:00,1403/04/14,113,SO,3,29,22.0,13.2,8.6,119.0,109.5,1.683556327,23,3,7,2024,109.0,110.0,112.0,113.06762639351098
24,2024-07-04 23:00:00,1403/04/15,113,SO,3,28,24.0,13.1,8.6,119.0,109.5,1.368951781,24,3,7,2024,111.0,111.0,111.0,112.5498024369413
1,2024-07-05 00:00:00,1403/04/15,112,SO,3,27,24.0,13.2,8.6,119.0,112.0,1.183817468,1,4,7,2024,112.0,111.0,112.0,113.75911161098108
2,2024-07-05 01:00:00,1403/04/15,114,SO,3,25,26.0,13.2,8.6,119.0,112.8,1.037297048,2,4,7,2024,113.0,112.0,113.0,114.1418905097492
3,2024-07-05 02:00:00,1403/04/15,114,SO,3,24,28.0,13.4,8.7,119.0,112.8,0.920121828,3,4,7,2024,114.0,113.0,114.0,114.4747405705613
4,2024-07-05 03:00:00,1403/04/15,115,SO,3,23,29.0,13.4,8.7,119.0,112.8,0.83532426,4,4,7,2024,113.0,113.0,114.0,114.40674585712867
5,2024-07-05 04:00:00,1403/04/15,115,SO,3,22,30.0,13.4,8.7,119.0,112.8,0.799184916,5,4,7,2024,114.0,113.0,105.0,112.93157769237442
6,2024-07-05 05:00:00,1403/04/15,115,SO,3,23,28.0,13.4,8.7,119.0,112.8,0.807020865,6,4,7,2024,114.0,90.0,105.0,111.86
7,2024-07-05 06:00:00,1403/04/15,114,SO,3,28,24.0,13.3,8.6,119.0,109.5,0.859896426,7,4,7,2024,114.0,113.0,105.0,112.05917889134851
8,2024-07-05 07:00:00,1403/04/15,113,SO,3,32,16.0,13.3,8.6,119.0,107.9,0.978633924,8,4,7,2024,113.0,112.0,113.0,112.62864401250272
9,2024-07-05 08:00:00,1403/04/15,110,SO,3,35,11.0,13.3,8.6,119.0,106.2,1.192489967,9,4,7,2024,111.0,108.0,112.0,111.86
10,2024-07-05 09:00:00,1403/04/15,109,SO,3,37,9.0,13.3,8.6,119.0,105.4,1.481379337,10,4,7,2024,110.0,114.0,108.0,111.86
11,2024-07-05 10:00:00,1403/04/15,110,SO,3,40,8.0,13.4,8.6,119.0,103.8,1.796298441,11,4,7,2024,116.0,113.0,107.0,112.19680947650872
12,2024-07-05 11:00:00,1403/04/15,113,SO,3,41,6.0,13.4,8.6,119.0,102.9,2.106187083,12,4,7,2024,115.0,112.0,114.0,113.28952588302222
13,2024-07-05 12:00:00,1403/04/15,113,SO,3,42,6.0,13.4,8.6,119.0,102.9,2.320754738,13,4,7,2024,114.0,113.0,112.0,112.4651079931409
14,2024-07-05 13:00:00,1403/04/15,111,SO,3,43,7.0,13.4,8.6,119.0,102.9,2.447102539,14,4,7,2024,114.0,113.0,112.0,112.19166122551943
15,2024-07-05 14:00:00,1403/04/15,111,SO,3,43,8.0,12.0,8.0,119.0,102.9,2.485664828,15,4,7,2024,114.0,112.0,100.0,111.86
16,2024-07-05 15:00:00,1403/04/15,101,SO,3,41,10.0,12.0,8.0,119.0,102.9,2.414764169,16,4,7,2024,114.0,112.0,100.0,111.86
17,2024-07-05 16:00:00,1403/04/15,101,SO,3,40,12.0,12.0,8.0,119.0,103.8,2.201203356,17,4,7,2024,114.0,112.0,100.0,111.86
18,2024-07-05 17:00:00,1403/04/15,103,SO,3,39,14.0,12.0,8.0,119.0,104.6,2.089116067,18,4,7,2024,112.0,113.0,102.0,111.86
19,2024-07-05 18:00:00,1403/04/15,106,SO,3,36,15.0,13.4,8.4,119.0,105.4,2.044434103,19,4,7,2024,113.0,107.0,108.0,111.86
20,2024-07-05 19:00:00,1403/04/15,109,SO,3,34,18.0,13.4,8.4,119.0,106.2,1.976959146,20,4,7,2024,116.0,108.0,100.0,111.86
21,2024-07-05 20:00:00,1403/04/15,109,SO,3,32,20.0,13.4,8.4,119.0,107.0,1.926647131,21,4,7,2024,116.0,108.0,110.0,111.86
22,2024-07-05 21:00:00,1403/04/15,111,SO,3,30,19.0,13.4,8.4,119.0,108.7,1.881963798,22,4,7,2024,111.0,109.0,111.0,111.86
23,2024-07-05 22:00:00,1403/04/15,111,SO,3,30,19.0,13.2,8.6,119.0,109.5,1.690008064,23,4,7,2024,113.0,109.0,110.0,111.86
24,2024-07-05 23:00:00,1403/04/16,112,SO,3,29,20.0,13.2,8.6,119.0,109.5,1.511447967,24,4,7,2024,113.0,111.0,111.0,111.86
1,2024-07-06 00:00:00,1403/04/16,112,SO,3,26,23.0,13.2,8.6,119.0,109.5,1.297594482,1,5,7,2024,112.0,112.0,111.0,111.86
2,2024-07-06 01:00:00,1403/04/16,112,SO,3,26,23.0,13.2,8.6,119.0,110.3,1.130421333,2,5,7,2024,114.0,113.0,112.0,111.86
3,2024-07-06 02:00:00,1403/04/16,112,SO,3,25,23.0,13.2,8.6,119.0,110.3,0.996828894,3,5,7,2024,114.0,114.0,113.0,112.2265881535647
4,2024-07-06 03:00:00,1403/04/16,113,SO,3,24,26.0,13.2,8.6,119.0,110.3,0.899859077,4,5,7,2024,115.0,113.0,113.0,112.01704276051186
5,2024-07-06 04:00:00,1403/04/16,114,SO,3,24,27.0,13.2,8.6,119.0,110.3,0.859497732,5,5,7,2024,115.0,114.0,113.0,111.90276663313549
6,2024-07-06 05:00:00,1403/04/16,113,SO,3,25,24.0,13.2,8.6,119.0,110.3,0.869820155,6,5,7,2024,115.0,114.0,90.0,111.86
7,2024-07-06 06:00:00,1403/04/16,113,SO,3,28,22.0,13.3,8.5,119.0,107.9,0.929842825,7,5,7,2024,114.0,114.0,113.0,111.86
8,2024-07-06 07:00:00,1403/04/16,111,SO,3,32,16.0,13.3,8.5,119.0,105.4,1.06121267,8,5,7,2024,113.0,113.0,112.0,111.86
9,2024-07-06 08:00:00,1403/04/16,109,SO,3,37,11.0,13.3,8.5,119.0,103.8,1.298177243,9,5,7,2024,110.0,111.0,108.0,111.86
10,2024-07-06 09:00:00,1403/04/16,111,SO,3,40,8.0,13.3,8.5,119.0,102.1,1.612855976,10,5,7,2024,109.0,110.0,114.0,111.86
11,2024-07-06 10:00:00,1403/04/16,112,SO,3,42,8.0,13.5,8.5,119.0,100.5,1.941144685,11,5,7,2024,110.0,116.0,113.0,111.86
12,2024-07-06 11:00:00,1403/04/16,111,SO,3,43,3.0,13.5,8.5,119.0,100.5,2.259265589,12,5,7,2024,113.0,115.0,112.0,111.86
13,2024-07-06 12:00:00,1403/04/16,110,SO,3,44,6.0,13.5,8.5,119.0,100.5,2.491035206,13,5,7,2024,113.0,114.0,113.0,111.86
14,2024-07-06 13:00:00,1403/04/16,111,SO,3,44,5.0,13.5,8.5,119.0,101.3,2.63561947,14,5,7,2024,111.0,114.0,113.0,111.86
15,2024-07-06 14:00:00,1403/04/16,111,SO,3,44,5.0,13.2,8.5,119.0,101.3,2.680306252,15,5,7,2024,111.0,114.0,112.0,111.86
16,2024-07-06 15:00:00,1403/04/16,111,SO,3,43,5.0,13.2,8.5,119.0,102.1,2.598941336,16,5,7,2024,101.0,114.0,112.0,111.86
17,2024-07-06 16:00:00,1403/04/16,112,SO,3,42,5.0,13.2,8.5,119.0,103.8,2.374610311,17,5,7,2024,101.0,114.0,112.0,111.86
18,2024-07-06 17:00:00,1403/04/16,112,SO,3,40,11.0,13.2,8.5,119.0,104.6,2.255757421,18,5,7,2024,103.0,112.0,113.0,111.86
19,2024-07-06 18:00:00,1403/04/16,113,SO,3,37,17.0,13.4,8.6,119.0,105.4,2.214425508,19,5,7,2024,106.0,113.0,107.0,111.86
20,2024-07-06 19:00:00,1403/04/16,113,SO,3,35,21.0,13.4,8.6,119.0,106.2,2.154783357,20,5,7,2024,109.0,116.0,108.0,111.86
21,2024-07-06 20:00:00,1403/04/16,115,SO,3,33,26.0,13.4,8.6,119.0,107.0,2.110362615,21,5,7,2024,109.0,116.0,108.0,111.86
22,2024-07-06 21:00:00,1403/04/16,115,SO,3,32,27.0,13.4,8.6,119.0,107.0,2.072590499,22,5,7,2024,111.0,111.0,109.0,111.86
23,2024-07-06 22:00:00,1403/04/16,110,SO,3,32,28.0,13.4,8.6,119.0,107.9,1.864990067,23,5,7,2024,111.0,113.0,109.0,111.86
24,2024-07-06 23:00:00,1403/04/17,110,SO,3,30,29.0,13.2,8.6,119.0,107.9,1.581118089,24,5,7,2024,112.0,113.0,111.0,111.86
1,2024-07-07 00:00:00,1403/04/17,110,SO,3,28,31.0,13.4,8.6,119.0,109.5,1.349661601,1,6,7,2024,112.0,112.0,112.0,111.86
2,2024-07-07 01:00:00,1403/04/17,110,SO,3,27,33.0,13.4,8.6,119.0,110.3,1.169783206,2,6,7,2024,112.0,114.0,113.0,111.86
3,2024-07-07 02:00:00,1403/04/17,111,SO,3,26,34.0,13.2,8.6,119.0,110.3,1.024453587,3,6,7,2024,112.0,114.0,114.0,111.86
4,2024-07-07 03:00:00,1403/04/17,111,SO,3,26,36.0,13.2,8.6,119.0,110.3,0.919387062,4,6,7,2024,113.0,115.0,113.0,112.26696846304895
5,2024-07-07 04:00:00,1403/04/17,113,SO,3,25,39.0,13.2,8.6,119.0,110.3,0.876567034,5,6,7,2024,114.0,115.0,114.0,112.14834691424453
6,2024-07-07 05:00:00,1403/04/17,114,SO,3,26,39.0,13.2,8.6,119.0,110.3,0.88662043,6,6,7,2024,113.0,115.0,114.0,111.86
7,2024-07-07 06:00:00,1403/04/17,114,SO,3,28,35.0,13.2,8.6,119.0,107.9,0.9478311,7,6,7,2024,113.0,114.0,114.0,111.86
8,2024-07-07 07:00:00,1403/04/17,112,SO,3,33,21.0,13.2,8.6,119.0,105.4,1.08218107,8,6,7,2024,111.0,113.0,113.0,111.86
9,2024-07-07 08:00:00,1403/04/17,108,SO,3,37,18.0,13.2,8.6,119.0,103.8,1.325774969,9,6,7,2024,109.0,110.0,111.0,111.86
10,2024-07-07 09:00:00,1403/04/17,114,SO,3,40,10.0,13.2,8.6,119.0,102.1,1.648919596,10,6,7,2024,111.0,109.0,110.0,111.86
11,2024-07-07 10:00:00,1403/04/17,113,SO,3,41,9.0,13.3,8.6,119.0,100.5,1.988041771,11,6,7,2024,112.0,110.0,116.0,111.86
12,2024-07-07 11:00:00,1403/04/17,112,SO,3,43,8.0,13.3,8.6,119.0,100.5,2.318948004,12,6,7,2024,111.0,113.0,115.0,111.86
13,2024-07-07 12:00:00,1403/04/17,111,SO,3,44,7.0,13.3,8.6,119.0,100.5,2.558193091,13,6,7,2024,110.0,113.0,114.0,111.86
14,2024-07-07 13:00:00,1403/04/17,111,SO,3,45,6.0,13.3,8.6,119.0,101.3,2.71043484,14,6,7,2024,111.0,111.0,114.0,111.86
15,2024-07-07 14:00:00,1403/04/17,111,SO,3,44,9.0,13.2,8.5,119.0,101.3,2.755560537,15,6,7,2024,111.0,111.0,114.0,111.86
16,2024-07-07 15:00:00,1403/04/17,111,SO,3,43,11.0,13.2,8.5,119.0,102.1,2.666795872,16,6,7,2024,111.0,101.0,114.0,111.86
17,2024-07-07 16:00:00,1403/04/17,112,SO,3,42,11.0,13.2,8.5,119.0,103.8,2.433121057,17,6,7,2024,112.0,101.0,114.0,111.86
18,2024-07-07 17:00:00,1403/04/17,105,SO,3,39,21.0,13.2,8.5,119.0,104.6,2.312420731,18,6,7,2024,112.0,103.0,112.0,111.86
19,2024-07-07 18:00:00,1403/04/17,107,SO,3,37,26.0,13.3,8.6,119.0,105.4,2.271062958,19,6,7,2024,113.0,106.0,113.0,111.86
20,2024-07-07 19:00:00,1403/04/17,113,SO,3,35,30.0,13.3,8.6,119.0,106.2,2.212876787,20,6,7,2024,113.0,109.0,116.0,111.86
21,2024-07-07 20:00:00,1403/04/17,114,SO,3,34,27.0,13.3,8.6,119.0,107.0,2.164959333,21,6,7,2024,115.0,109.0,116.0,111.86
22,2024-07-07 21:00:00,1403/04/17,110,SO,3,33,24.0,13.3,8.6,119.0,107.0,2.127735114,22,6,7,2024,115.0,111.0,111.0,111.86
23,2024-07-07 22:00:00,1403/04/17,108,SO,3,31,22.0,13.2,8.5,119.0,107.9,1.913786943,23,6,7,2024,110.0,111.0,113.0,112.00376171082632
24,2024-07-07 23:00:00,1403/04/18,110,SO,3,32,23.0,13.4,8.6,119.0,107.9,1.619417185,24,6,7,2024,110.0,112.0,113.0,111.96689473105131
1,2024-07-08 00:00:00,1403/04/18,110,SO,3,30,36.0,13.2,8.5,119.0,109.5,1.377961454,1,0,7,2024,110.0,112.0,112.0,111.86
2,2024-07-08 01:00:00,1403/04/18,111,SO,3,30,28.0,13.2,8.5,119.0,110.3,1.191913919,2,0,7,2024,110.0,112.0,114.0,111.86
3,2024-07-08 02:00:00,1403/04/18,112,SO,3,29,28.0,13.3,8.6,119.0,110.3,1.040549965,3,0,7,2024,111.0,112.0,114.0,111.86
4,2024-07-08 03:00:00,1403/04/18,112,SO,3,29,27.0,13.3,8.6,119.0,110.3,0.931966536,4,0,7,2024,111.0,113.0,115.0,111.86
5,2024-07-08 04:00:00,1403/04/18,112,SO,3,30,27.0,13.3,8.6,119.0,110.3,0.88758066,5,0,7,2024,113.0,114.0,115.0,112.01032498321534
6,2024-07-08 05:00:00,1403/04/18,112,SO,3,28,28.0,13.3,8.6,119.0,110.3,0.898179284,6,0,7,2024,114.0,113.0,115.0,111.86
7,2024-07-08 06:00:00,1403/04/18,112,SO,3,30,21.0,13.1,8.5,119.0,107.9,0.961624243,7,0,7,2024,114.0,113.0,114.0,111.86
8,2024-07-08 07:00:00,1403/04/18,110,SO,3,35,15.0,13.1,8.5,119.0,105.4,1.101194616,8,0,7,2024,112.0,111.0,113.0,111.86
9,2024-07-08 08:00:00,1403/04/18,108,SO,3,40,11.0,13.1,8.5,119.0,103.8,1.355446771,9,0,7,2024,108.0,109.0,110.0,111.86
10,2024-07-08 09:00:00,1403/04/18,107,SO,3,41,12.0,13.1,8.5,119.0,102.1,1.698603874,10,0,7,2024,114.0,111.0,109.0,111.86
11,2024-07-08 10:00:00,1403/04/18,107,SO,3,43,12.0,13.1,8.5,119.0,100.5,2.066165998,11,0,7,2024,113.0,112.0,110.0,111.86
12,2024-07-08 11:00:00,1403/04/18,107,SO,3,43,9.0,13.1,8.5,119.0,100.5,2.426500934,12,0,7,2024,112.0,111.0,113.0,111.86
13,2024-07-08 12:00:00,1403/04/18,107,SO,3,44,8.0,13.1,8.5,119.0,100.5,2.686153338,13,0,7,2024,111.0,110.0,113.0,111.86
14,2024-07-08 13:00:00,1403/04/18,107,SO,3,44,9.0,13.1,8.5,119.0,101.3,2.851961741,14,0,7,2024,111.0,111.0,111.0,111.86
15,2024-07-08 14:00:00,1403/04/18,107,SO,3,43,10.0,13.1,8.5,119.0,101.3,2.905193968,15,0,7,2024,111.0,111.0,111.0,111.86
16,2024-07-08 15:00:00,1403/04/18,107,SO,3,43,8.0,13.1,8.5,119.0,102.1,2.805049553,16,0,7,2024,111.0,111.0,101.0,111.86
17,2024-07-08 16:00:00,1403/04/18,108,SO,3,42,7.0,13.1,8.5,119.0,103.8,2.546385544,17,0,7,2024,112.0,112.0,101.0,111.86
18,2024-07-08 17:00:00,1403/04/18,109,SO,3,41,6.0,13.1,8.5,119.0,104.6,2.412909815,18,0,7,2024,105.0,112.0,103.0,111.86
19,2024-07-08 18:00:00,1403/04/18,109,SO,3,40,6.0,13.2,8.7,119.0,105.4,2.360669527,19,0,7,2024,107.0,113.0,106.0,111.86
20,2024-07-08 19:00:00,1403/04/18,114,SO,3,37,8.0,13.2,8.7,119.0,106.2,2.285972416,20,0,7,2024,113.0,113.0,109.0,111.86
21,2024-07-08 20:00:00,1403/04/18,116,SO,3,35,7.0,13.2,8.7,119.0,107.0,2.218919476,21,0,7,2024,114.0,115.0,109.0,111.86
22,2024-07-08 21:00:00,1403/04/18,108,SO,3,32,8.0,13.2,8.7,119.0,107.0,2.176262964,22,0,7,2024,110.0,115.0,111.0,111.86
23,2024-07-08 22:00:00,1403/04/18,110,SO,3,30,10.0,13.2,8.5,119.0,107.9,1.961834201,23,0,7,2024,108.0,110.0,111.0,111.86
24,2024-07-08 23:00:00,1403/04/19,110,SO,3,30,11.0,13.2,8.5,119.0,107.9,1.659354109,24,0,7,2024,110.0,110.0,112.0,111.86
1,2024-07-09 00:00:00,1403/04/19,110,SO,3,30,9.0,13.2,8.5,119.0,109.5,1.407920833,1,1,7,2024,110.0,110.0,112.0,111.86
2,2024-07-09 01:00:00,1403/04/19,111,SO,3,27,11.0,13.2,8.5,119.0,110.3,1.215024485,2,1,7,2024,111.0,110.0,112.0,111.86
3,2024-07-09 02:00:00,1403/04/19,112,SO,3,27,14.0,13.2,8.6,119.0,110.3,1.056789855,3,1,7,2024,112.0,111.0,112.0,111.86
4,2024-07-09 03:00:00,1403/04/19,112,SO,3,26,11.0,13.2,8.6,119.0,110.3,0.944160965,4,1,7,2024,112.0,111.0,113.0,111.86
5,2024-07-09 04:00:00,1403/04/19,113,SO,3,26,13.0,13.2,8.6,119.0,110.3,0.89976823,5,1,7,2024,112.0,113.0,114.0,111.86
6,2024-07-09 05:00:00,1403/04/19,114,SO,3,25,15.0,13.2,8.6,119.0,110.3,0.913056705,6,1,7,2024,112.0,114.0,113.0,111.86
7,2024-07-09 06:00:00,1403/04/19,113,SO,3,28,10.0,13.2,8.5,119.0,107.9,0.980916852,7,1,7,2024,112.0,114.0,113.0,111.86
8,2024-07-09 07:00:00,1403/04/19,112,SO,3,33,10.0,13.2,8.5,119.0,105.4,1.128795134,8,1,7,2024,110.0,112.0,111.0,111.86
9,2024-07-09 08:00:00,1403/04/19,108,SO,3,42,6.0,13.2,8.5,119.0,103.8,1.397537636,9,1,7,2024,108.0,108.0,109.0,111.86
10,2024-07-09 09:00:00,1403/04/19,106,SO,3,42,7.0,13.2,8.5,119.0,102.1,1.755191832,10,1,7,2024,107.0,114.0,111.0,111.86
11,2024-07-09 10:00:00,1403/04/19,115,SO,3,42,8.0,13.2,8.5,119.0,100.5,2.124808743,11,1,7,2024,107.0,113.0,112.0,111.86
12,2024-07-09 11:00:00,1403/04/19,100,SO,3,42,7.0,13.5,8.6,119.0,100.5,2.484793298,12,1,7,2024,107.0,112.0,111.0,111.86
13,2024-07-09 12:00:00,1403/04/19,111,SO,3,43,6.0,13.5,8.6,119.0,100.5,2.757156758,13,1,7,2024,107.0,111.0,110.0,111.86
14,2024-07-09 13:00:00,1403/04/19,111,SO,3,44,5.0,13.5,8.6,119.0,101.3,2.95233485,14,1,7,2024,107.0,111.0,111.0,111.86
15,2024-07-09 14:00:00,1403/04/19,112,SO,3,44,4.0,13.5,8.6,119.0,101.3,3.031313941,15,1,7,2024,107.0,111.0,111.0,111.86
16,2024-07-09 15:00:00,1403/04/19,112,SO,3,43,5.0,13.3,8.6,119.0,102.1,2.957891611,16,1,7,2024,107.0,111.0,111.0,111.86
17,2024-07-09 16:00:00,1403/04/19,102,SO,3,43,5.0,13.3,8.6,119.0,103.8,2.69009977,17,1,7,2024,108.0,112.0,112.0,111.86
18,2024-07-09 17:00:00,1403/04/19,102,SO,3,42,5.0,13.3,8.6,119.0,104.6,2.539116241,18,1,7,2024,109.0,105.0,112.0,111.86
19,2024-07-09 18:00:00,1403/04/19,102,SO,3,39,6.0,13.5,8.7,119.0,105.4,2.463372769,19,1,7,2024,109.0,107.0,113.0,111.86
20,2024-07-09 19:00:00,1403/04/19,113,SO,3,37,9.0,13.5,8.7,119.0,106.2,2.361615587,20,1,7,2024,114.0,113.0,113.0,111.86
21,2024-07-09 20:00:00,1403/04/19,115,SO,3,33,8.0,13.5,8.7,119.0,107.0,2.267660998,21,1,7,2024,116.0,114.0,115.0,112.22398844583667
22,2024-07-09 21:00:00,1403/04/19,116,SO,3,32,10.0,13.5,8.7,119.0,107.0,2.209282484,22,1,7,2024,108.0,110.0,115.0,111.86
23,2024-07-09 22:00:00,1403/04/19,110,SO,3,30,11.0,13.1,8.6,119.0,107.9,1.978770108,23,1,7,2024,110.0,108.0,110.0,111.86
24,2024-07-09 23:00:00,1403/04/20,110,SO,3,30,12.0,13.2,8.5,119.0,107.9,1.670272478,24,1,7,2024,110.0,110.0,110.0,111.86
1,2024-07-10 00:00:00,1403/04/20,111,SO,3,27,11.0,13.1,8.6,119.0,109.5,1.414135767,1,2,7,2024,110.0,110.0,110.0,111.86
2,2024-07-10 01:00:00,1403/04/20,114,SO,3,26,12.0,13.1,8.6,119.0,110.3,1.220644196,2,2,7,2024,111.0,111.0,110.0,111.86
3,2024-07-10 02:00:00,1403/04/20,114,SO,3,25,13.0,13.5,8.7,119.0,110.3,1.061078798,3,2,7,2024,112.0,112.0,111.0,111.86
4,2024-07-10 03:00:00,1403/04/20,114,SO,3,23,14.0,13.5,8.7,119.0,110.3,0.947287527,4,2,7,2024,112.0,112.0,111.0,111.86
5,2024-07-10 04:00:00,1403/04/20,114,SO,3,23,14.0,13.5,8.7,119.0,110.3,0.902411062,5,2,7,2024,113.0,112.0,113.0,111.86
6,2024-07-10 05:00:00,1403/04/20,114,SO,3,27,14.0,13.5,8.7,119.0,110.3,0.917123506,6,2,7,2024,114.0,112.0,114.0,111.86
7,2024-07-10 06:00:00,1403/04/20,114,SO,3,28,14.0,13.7,8.6,119.0,107.9,0.986439898,7,2,7,2024,113.0,112.0,114.0,111.86
8,2024-07-10 07:00:00,1403/04/20,112,SO,3,32,9.0,13.7,8.6,119.0,105.4,1.139076869,8,2,7,2024,112.0,110.0,112.0,111.86
9,2024-07-10 08:00:00,1403/04/20,109,SO,3,37,6.0,13.7,8.6,119.0,103.8,1.420393183,9,2,7,2024,108.0,108.0,108.0,111.86
10,2024-07-10 09:00:00,1403/04/20,114,SO,3,40,5.0,13.7,8.6,119.0,102.1,1.799877888,10,2,7,2024,106.0,107.0,114.0,111.86
11,2024-07-10 10:00:00,1403/04/20,114,SO,3,42,3.0,13.2,8.6,119.0,100.5,2.196207307,11,2,7,2024,115.0,107.0,113.0,111.86
12,2024-07-10 11:00:00,1403/04/20,112,SO,3,44,2.0,13.2,8.6,119.0,100.5,2.581259329,12,2,7,2024,100.0,107.0,112.0,111.86
13,2024-07-10 12:00:00,1403/04/20,112,SO,3,44,2.0,13.2,8.6,119.0,100.5,2.862294058,13,2,7,2024,111.0,107.0,111.0,111.86
14,2024-07-10 13:00:00,1403/04/20,112,SO,3,45,2.0,13.2,8.6,119.0,101.3,3.046474568,14,2,7,2024,111.0,107.0,111.0,111.86
15,2024-07-10 14:00:00,1403/04/20,101,SO,3,45,3.0,12.5,8.0,119.0,101.3,3.108676981,15,2,7,2024,112.0,107.0,111.0,111.86
16,2024-07-10 15:00:00,1403/04/20,100,SO,3,45,3.0,12.5,8.0,119.0,102.1,3.00589558,16,2,7,2024,112.0,107.0,111.0,111.86
17,2024-07-10 16:00:00,1403/04/20,100,SO,3,44,3.0,12.5,8.0,119.0,103.8,2.715647928,17,2,7,2024,102.0,108.0,112.0,111.86
18,2024-07-10 17:00:00,1403/04/20,112,SO,3,43,3.0,12.5,8.0,119.0,104.6,2.55621289,18,2,7,2024,102.0,109.0,105.0,111.86
19,2024-07-10 18:00:00,1403/04/20,113,SO,3,40,4.0,13.5,8.7,119.0,105.4,2.472235481,19,2,7,2024,102.0,109.0,107.0,111.86
20,2024-07-10 19:00:00,1403/04/20,114,SO,3,35,9.0,13.5,8.7,119.0,106.2,2.364107786,20,2,7,2024,113.0,114.0,113.0,111.86
21,2024-07-10 20:00:00,1403/04/20,115,SO,3,34,9.0,13.5,8.7,119.0,107.0,2.268685975,21,2,7,2024,115.0,116.0,114.0,112.38816702945168
22,2024-07-10 21:00:00,1403/04/20,108,SO,3,33,9.0,13.5,8.7,119.0,107.0,2.207826958,22,2,7,2024,116.0,108.0,110.0,111.86
23,2024-07-10 22:00:00,1403/04/20,109,SO,3,31,9.0,13.2,8.5,119.0,107.9,1.973538738,23,2,7,2024,110.0,110.0,108.0,111.86
24,2024-07-10 23:00:00,1403/04/21,110,SO,3,30,11.0,13.1,8.6,119.0,107.9,1.665955402,24,2,7,2024,110.0,110.0,110.0,111.86
1,2024-07-11 00:00:00,1403/04/21,111,SO,3,30,12.0,13.2,8.5,119.0,109.5,1.414828302,1,3,7,2024,111.0,110.0,110.0,111.86
2,2024-07-11 01:00:00,1403/04/21,111,SO,3,27,13.0,13.2,8.5,119.0,110.3,1.223922358,2,3,7,2024,114.0,111.0,111.0,111.86
3,2024-07-11 02:00:00,1403/04/21,112,SO,3,26,14.0,13.7,8.7,119.0,110.3,1.06510658,3,3,7,2024,114.0,112.0,112.0,111.86
4,2024-07-11 03:00:00,1403/04/21,113,SO,3,25,15.0,13.7,8.7,119.0,110.3,0.950469322,4,3,7,2024,114.0,112.0,112.0,111.86
5,2024-07-11 04:00:00,1403/04/21,113,SO,3,24,15.0,13.7,8.7,119.0,110.3,0.90289018,5,3,7,2024,114.0,113.0,112.0,111.86
6,2024-07-11 05:00:00,1403/04/21,113,SO,3,26,15.0,13.7,8.7,119.0,110.3,0.91467985,6,3,7,2024,114.0,114.0,112.0,111.86
7,2024-07-11 06:00:00,1403/04/21,113,SO,3,27,15.0,13.2,8.5,119.0,107.9,0.980579816,7,3,7,2024,114.0,113.0,112.0,111.86
8,2024-07-11 07:00:00,1403/04/21,111,SO,3,34,9.0,13.2,8.5,119.0,105.4,1.128625976,8,3,7,2024,112.0,112.0,110.0,111.86
9,2024-07-11 08:00:00,1403/04/21,109,SO,3,37,6.0,13.2,8.5,119.0,103.8,1.40498557,9,3,7,2024,109.0,108.0,108.0,111.86
10,2024-07-11 09:00:00,1403/04/21,104,SO,3,40,5.0,13.2,8.5,119.0,102.1,1.784039322,10,3,7,2024,114.0,106.0,107.0,111.86
11,2024-07-11 10:00:00,1403/04/21,102,SO,3,41,4.0,13.3,8.6,119.0,100.5,2.181371087,11,3,7,2024,114.0,115.0,107.0,111.86
12,2024-07-11 11:00:00,1403/04/21,113,SO,3,42,4.0,13.3,8.6,119.0,100.5,2.562208703,12,3,7,2024,112.0,100.0,107.0,111.86
13,2024-07-11 12:00:00,1403/04/21,112,SO,3,43,4.0,13.3,8.6,119.0,100.5,2.814218545,13,3,7,2024,112.0,111.0,107.0,111.86
14,2024-07-11 13:00:00,1403/04/21,109,SO,3,43,5.0,13.3,8.6,119.0,101.3,2.953283006,14,3,7,2024,112.0,111.0,107.0,111.86
15,2024-07-11 14:00:00,1403/04/21,108,SO,3,44,5.0,12.8,7.9,119.0,101.3,2.982505347,15,3,7,2024,101.0,112.0,107.0,111.86
16,2024-07-11 15:00:00,1403/04/21,100,SO,3,44,5.0,12.8,7.9,119.0,102.1,2.862093415,16,3,7,2024,100.0,112.0,107.0,111.86
17,2024-07-11 16:00:00,1403/04/21,101,SO,3,42,8.0,12.8,7.9,119.0,103.8,2.589125128,17,3,7,2024,100.0,102.0,108.0,111.86
18,2024-07-11 17:00:00,1403/04/21,101,SO,3,41,6.0,12.8,7.9,119.0,104.6,2.44489178,18,3,7,2024,112.0,102.0,109.0,111.86
19,2024-07-11 18:00:00,1403/04/21,102,SO,3,40,8.0,12.4,8.1,119.0,105.4,2.364102368,19,3,7,2024,113.0,102.0,109.0,111.86
20,2024-07-11 19:00:00,1403/04/21,102,SO,3,37,7.0,12.4,8.1,119.0,106.2,2.261633241,20,3,7,2024,114.0,113.0,114.0,111.86
21,2024-07-11 20:00:00,1403/04/21,104,LF1,3,34,10.0,12.4,8.1,119.0,107.0,2.179491603,21,3,7,2024,115.0,115.0,116.0,111.86
22,2024-07-11 21:00:00,1403/04/21,104,LF1,3,32,10.0,12.4,8.1,119.0,107.0,2.141240732,22,3,7,2024,108.0,116.0,108.0,111.86
23,2024-07-11 22:00:00,1403/04/21,105,LF1,3,31,10.0,12.7,8.1,119.0,107.9,1.935364349,23,3,7,2024,109.0,110.0,110.0,111.86
24,2024-07-11 23:00:00,1403/04/22,106,LF1,3,30,12.0,13.2,8.5,119.0,107.9,1.571579617,24,3,7,2024,110.0,110.0,110.0,111.86
1,2024-07-12 00:00:00,1403/04/22,110,LF1,3,28,12.0,12.7,8.1,119.0,109.5,1.344078484,1,4,7,2024,111.0,111.0,110.0,111.86
2,2024-07-12 01:00:00,1403/04/22,109,LF1,3,28,9.0,12.7,8.1,119.0,110.3,1.16648761,2,4,7,2024,111.0,114.0,111.0,111.86
3,2024-07-12 02:00:00,1403/04/22,111,LF1,3,27,11.0,13.6,8.6,119.0,110.3,1.016434334,3,4,7,2024,112.0,114.0,112.0,111.86
4,2024-07-12 03:00:00,1403/04/22,111,LF1,3,24,13.0,13.6,8.6,119.0,110.3,0.907660451,4,4,7,2024,113.0,114.0,112.0,111.86
5,2024-07-12 04:00:00,1403/04/22,112,LF1,3,23,13.0,13.6,8.6,119.0,110.3,0.861676059,5,4,7,2024,113.0,114.0,113.0,111.86
6,2024-07-12 05:00:00,1403/04/22,114,LF1,3,24,15.0,13.6,8.6,119.0,110.3,0.871727007,6,4,7,2024,113.0,114.0,114.0,111.86
7,2024-07-12 06:00:00,1403/04/22,112,LF1,3,29,14.0,13.1,8.5,119.0,107.9,0.933938976,7,4,7,2024,113.0,114.0,113.0,111.86
8,2024-07-12 07:00:00,1403/04/22,111,LF1,3,34,8.0,13.1,8.5,119.0,105.4,1.072894913,8,4,7,2024,111.0,112.0,112.0,111.86
9,2024-07-12 08:00:00,1403/04/22,108,LF1,3,37,7.0,13.1,8.5,119.0,103.8,1.331598845,9,4,7,2024,109.0,109.0,108.0,111.86
10,2024-07-12 09:00:00,1403/04/22,103,LF1,3,40,4.0,13.1,8.5,119.0,102.1,1.685831738,10,4,7,2024,104.0,114.0,106.0,111.86
11,2024-07-12 10:00:00,1403/04/22,101,LF1,3,42,3.0,13.1,8.5,119.0,100.5,2.058142611,11,4,7,2024,102.0,114.0,115.0,111.86
12,2024-07-12 11:00:00,1403/04/22,101,LF1,3,42,3.0,13.1,8.5,119.0,100.5,2.415412954,12,4,7,2024,113.0,112.0,100.0,111.86
13,2024-07-12 12:00:00,1403/04/22,112,LF1,3,43,4.0,13.1,8.5,119.0,100.5,2.660475488,13,4,7,2024,112.0,112.0,111.0,111.86
14,2024-07-12 13:00:00,1403/04/22,111,LF1,3,43,4.0,13.1,8.5,119.0,101.3,2.796944923,14,4,7,2024,109.0,112.0,111.0,111.86
15,2024-07-12 14:00:00,1403/04/22,112,SO,3,44,5.0,12.2,7.9,119.0,101.3,2.824418531,15,4,7,2024,108.0,101.0,112.0,111.86
16,2024-07-12 15:00:00,1403/04/22,108,SO,3,43,6.0,12.2,7.9,119.0,102.1,2.707421494,16,4,7,2024,100.0,100.0,112.0,111.86
17,2024-07-12 16:00:00,1403/04/22,100,SO,3,42,7.0,12.2,7.9,119.0,103.8,2.462883306,17,4,7,2024,101.0,100.0,102.0,111.86
18,2024-07-12 17:00:00,1403/04/22,101,SO,3,40,8.0,12.2,7.9,119.0,104.6,2.331494075,18,4,7,2024,101.0,112.0,102.0,111.86
19,2024-07-12 18:00:00,1403/04/22,101,SO,3,38,11.0,12.2,8.0,119.0,105.4,2.256846706,19,4,7,2024,102.0,113.0,102.0,111.86
20,2024-07-12 19:00:00,1403/04/22,102,SO,3,36,11.0,12.2,8.0,119.0,106.2,2.160158628,20,4,7,2024,102.0,114.0,113.0,111.86
21,2024-07-12 20:00:00,1403/04/22,109,LF1,3,33,13.0,12.2,8.0,119.0,107.0,2.078858785,21,4,7,2024,104.0,115.0,115.0,111.86
22,2024-07-12 21:00:00,1403/04/22,110,LF1,3,31,16.0,12.2,8.0,119.0,107.0,2.039023881,22,4,7,2024,104.0,108.0,116.0,111.86
23,2024-07-12 22:00:00,1403/04/22,110,LF1,3,29,18.0,13.2,8.5,119.0,107.9,1.83824515,23,4,7,2024,105.0,109.0,110.0,111.86
24,2024-07-12 23:00:00,1403/04/23,111,LF1,3,28,19.0,12.7,8.1,119.0,107.9,1.639137676,24,4,7,2024,106.0,110.0,110.0,111.86
1,2024-07-13 00:00:00,1403/04/23,114,SO,3,28,40.0,13.4,8.6,119.0,108.7,1.40013669,1,5,7,2024,110.0,111.0,111.0,111.86
2,2024-07-13 01:00:00,1403/04/23,114,SO,3,28,42.0,13.4,8.6,119.0,109.5,1.215535099,2,5,7,2024,109.0,111.0,114.0,111.86
3,2024-07-13 02:00:00,1403/04/23,115,SO,3,28,35.0,13.4,8.6,119.0,110.3,1.06046139,3,5,7,2024,111.0,112.0,114.0,111.86
4,2024-07-13 03:00:00,1403/04/23,115,SO,3,26,37.0,13.4,8.6,119.0,110.3,0.946252284,4,5,7,2024,111.0,113.0,114.0,111.86
5,2024-07-13 04:00:00,1403/04/23,116,SO,3,26,35.0,13.4,8.6,119.0,110.3,0.897802124,5,5,7,2024,112.0,113.0,114.0,111.86
6,2024-07-13 05:00:00,1403/04/23,116,SO,3,26,34.0,13.4,8.6,119.0,110.3,0.906619628,6,5,7,2024,114.0,113.0,114.0,111.86
7,2024-07-13 06:00:00,1403/04/23,116,SO,3,29,30.0,13.8,8.6,119.0,107.9,0.969823692,7,5,7,2024,112.0,113.0,114.0,111.86
8,2024-07-13 07:00:00,1403/04/23,114,SO,3,33,19.0,13.8,8.6,119.0,105.4,1.110016588,8,5,7,2024,111.0,111.0,112.0,111.86
9,2024-07-13 08:00:00,1403/04/23,112,SO,3,36,12.0,13.8,8.6,119.0,103.8,1.370957023,9,5,7,2024,108.0,109.0,109.0,111.86
10,2024-07-13 09:00:00,1403/04/23,118,SO,3,39,11.0,13.8,8.6,119.0,102.1,1.723975929,10,5,7,2024,103.0,104.0,114.0,111.86
11,2024-07-13 10:00:00,1403/04/23,117,SO,3,40,7.0,13.4,8.7,119.0,100.5,2.093265373,11,5,7,2024,101.0,102.0,114.0,111.86
12,2024-07-13 11:00:00,1403/04/23,117,SO,3,41,6.0,13.4,8.7,119.0,100.5,2.445702176,12,5,7,2024,101.0,113.0,112.0,111.86
13,2024-07-13 12:00:00,1403/04/23,116,SO,3,42,6.0,13.4,8.7,119.0,100.5,2.692619594,13,5,7,2024,112.0,112.0,112.0,111.86
14,2024-07-13 13:00:00,1403/04/23,116,SO,3,42,8.0,13.4,8.7,119.0,101.3,2.836452586,14,5,7,2024,111.0,109.0,112.0,111.86
15,2024-07-13 14:00:00,1403/04/23,116,SO,3,42,9.0,13.4,8.7,119.0,101.3,2.856647573,15,5,7,2024,112.0,108.0,101.0,111.86
16,2024-07-13 15:00:00,1403/04/23,116,SO,3,41,11.0,13.4,8.7,119.0,102.1,2.739226493,16,5,7,2024,108.0,100.0,100.0,111.86
17,2024-07-13 16:00:00,1403/04/23,117,SO,3,40,13.0,13.4,8.7,119.0,103.8,2.502037588,17,5,7,2024,100.0,101.0,100.0,111.86
18,2024-07-13 17:00:00,1403/04/23,117,SO,3,39,12.0,13.4,8.7,119.0,103.8,2.374274032,18,5,7,2024,101.0,101.0,112.0,111.86
19,2024-07-13 18:00:00,1403/04/23,118,SO,3,36,15.0,13.5,8.8,119.0,104.6,2.308203527,19,5,7,2024,101.0,102.0,113.0,111.86
20,2024-07-13 19:00:00,1403/04/23,120,SO,3,34,16.0,13.5,8.8,119.0,105.4,2.227669372,20,5,7,2024,102.0,102.0,114.0,111.86
21,2024-07-13 20:00:00,1403/04/23,120,SO,3,33,18.0,13.5,8.8,119.0,106.2,2.155451971,21,5,7,2024,109.0,104.0,115.0,112.64631739303026
22,2024-07-13 21:00:00,1403/04/23,114,SO,3,31,17.0,13.5,8.8,119.0,107.0,2.111930623,22,5,7,2024,110.0,104.0,108.0,111.86
23,2024-07-13 22:00:00,1403/04/23,114,SO,3,29,20.0,13.5,8.6,119.0,107.9,1.89770799,23,5,7,2024,110.0,105.0,109.0,114.02172072412182
24,2024-07-13 23:00:00,1403/04/24,114,SO,3,29,20.0,13.4,8.6,119.0,107.9,1.608234742,24,5,7,2024,111.0,106.0,110.0,113.98485374434681
1,2024-07-14 00:00:00,1403/04/24,115,SO,3,27,21.0,13.5,8.6,119.0,108.7,1.373469756,1,6,7,2024,114.0,110.0,111.0,115.13319069276977
2,2024-07-14 01:00:00,1403/04/24,116,SO,3,25,24.0,13.5,8.6,119.0,109.5,1.193248818,2,6,7,2024,114.0,109.0,111.0,115.16835015098385
3,2024-07-14 02:00:00,1403/04/24,117,SO,3,24,25.0,13.5,8.6,119.0,110.3,1.044412128,3,6,7,2024,115.0,111.0,112.0,116.17314020396378
4,2024-07-14 03:00:00,1403/04/24,118,SO,3,23,27.0,13.5,8.6,119.0,110.3,0.936565365,4,6,7,2024,115.0,111.0,113.0,116.22000394669956
5,2024-07-14 04:00:00,1403/04/24,119,SO,3,23,26.0,13.5,8.6,119.0,110.3,0.892258107,5,6,7,2024,116.0,112.0,113.0,115.8923870708484
6,2024-07-14 05:00:00,1403/04/24,118,SO,3,24,27.0,13.5,8.6,119.0,110.3,0.904156638,6,6,7,2024,116.0,114.0,113.0,115.30705888768031
7,2024-07-14 06:00:00,1403/04/24,121,SO,3,27,27.0,13.8,8.7,119.0,107.9,0.969803057,7,6,7,2024,116.0,112.0,113.0,115.2557156910359
8,2024-07-14 07:00:00,1403/04/24,116,SO,3,31,15.0,13.8,8.7,119.0,105.4,1.112494513,8,6,7,2024,114.0,111.0,111.0,113.88283861256699
9,2024-07-14 08:00:00,1403/04/24,102,SO,3,36,10.0,13.8,8.7,119.0,103.8,1.376145434,9,6,7,2024,112.0,108.0,109.0,113.52317817811107
10,2024-07-14 09:00:00,1403/04/24,113,SO,3,37,10.0,13.8,8.7,119.0,102.1,1.733488239,10,6,7,2024,118.0,103.0,104.0,114.46780835963281
11,2024-07-14 10:00:00,1403/04/24,111,SO,3,40,8.0,12.8,8.1,119.0,100.5,2.104097062,11,6,7,2024,117.0,101.0,102.0,113.7921302394173
12,2024-07-14 11:00:00,1403/04/24,105,SO,3,41,8.0,12.8,8.1,119.0,100.5,2.454917041,12,6,7,2024,117.0,101.0,113.0,114.44991530475814
13,2024-07-14 12:00:00,1403/04/24,105,SO,3,42,7.0,12.8,8.1,119.0,100.5,2.686066245,13,6,7,2024,116.0,112.0,112.0,113.28827482978558
14,2024-07-14 13:00:00,1403/04/24,105,SO,3,43,7.0,12.8,8.1,119.0,101.3,2.80181761,14,6,7,2024,116.0,111.0,109.0,112.28842268512516
15,2024-07-14 14:00:00,1403/04/24,104,SO,3,43,8.0,12.5,8.0,119.0,101.3,2.795937401,15,6,7,2024,116.0,112.0,108.0,111.86
16,2024-07-14 15:00:00,1403/04/24,107,SO,3,42,9.0,12.5,8.0,119.0,102.1,2.668072307,16,6,7,2024,116.0,108.0,100.0,111.86
17,2024-07-14 16:00:00,1403/04/24,105,SO,3,41,11.0,12.5,8.0,119.0,103.8,2.439753002,17,6,7,2024,117.0,100.0,101.0,111.86
18,2024-07-14 17:00:00,1403/04/24,107,SO,3,39,12.0,12.5,8.0,119.0,103.8,2.326683675,18,6,7,2024,117.0,101.0,101.0,111.86
19,2024-07-14 18:00:00,1403/04/24,111,SO,3,37,15.0,13.4,8.5,119.0,104.6,2.278937442,19,6,7,2024,118.0,101.0,102.0,111.86
20,2024-07-14 19:00:00,1403/04/24,111,SO,3,34,16.0,13.4,8.5,119.0,105.4,2.211596768,20,6,7,2024,120.0,102.0,102.0,111.86
21,2024-07-14 20:00:00,1403/04/24,115,SO,3,32,19.0,13.4,8.5,119.0,106.2,2.151829229,21,6,7,2024,120.0,109.0,104.0,111.86
22,2024-07-14 21:00:00,1403/04/24,115,SO,3,30,21.0,13.4,8.5,119.0,107.0,2.114932669,22,6,7,2024,114.0,110.0,104.0,111.86
23,2024-07-14 22:00:00,1403/04/24,116,SO,3,29,22.0,13.4,8.5,119.0,107.9,1.899565307,23,6,7,2024,114.0,110.0,105.0,111.86
24,2024-07-14 23:00:00,1403/04/25,116,SO,3,28,24.0,13.5,8.6,119.0,107.9,1.607020726,24,6,7,2024,114.0,111.0,106.0,111.86
1,2024-07-15 00:00:00,1403/04/25,115,SO,3,27,23.0,13.4,8.5,119.0,108.7,1.370567907,1,0,7,2024,115.0,114.0,110.0,111.86
2,2024-07-15 01:00:00,1403/04/25,116,SO,3,25,24.0,13.4,8.5,119.0,109.5,1.188280178,2,0,7,2024,116.0,114.0,109.0,111.86
3,2024-07-15 02:00:00,1403/04/25,117,SO,3,24,25.0,13.8,8.8,119.0,110.3,1.037880639,3,0,7,2024,117.0,115.0,111.0,111.86
4,2024-07-15 03:00:00,1403/04/25,118,SO,3,24,27.0,13.8,8.8,119.0,110.3,0.930521116,4,0,7,2024,118.0,115.0,111.0,111.86
5,2024-07-15 04:00:00,1403/04/25,118,SO,3,24,27.0,13.8,8.8,119.0,110.3,0.884791777,5,0,7,2024,119.0,116.0,112.0,111.86
6,2024-07-15 05:00:00,1403/04/25,100,SO,3,23,27.0,13.8,8.8,119.0,110.3,0.894080044,6,0,7,2024,118.0,116.0,114.0,111.86
7,2024-07-15 06:00:00,1403/04/25,100,SO,3,28,25.0,12.8,8.0,119.0,107.9,0.958403172,7,0,7,2024,121.0,116.0,112.0,111.86
8,2024-07-15 07:00:00,1403/04/25,100,SO,3,31,22.0,12.8,8.0,119.0,105.4,1.098251927,8,0,7,2024,116.0,114.0,111.0,111.86
9,2024-07-15 08:00:00,1403/04/25,100,SO,3,33,9.0,12.8,8.0,119.0,103.8,1.35467523,9,0,7,2024,102.0,112.0,108.0,111.86
10,2024-07-15 09:00:00,1403/04/25,106,SO,3,40,8.0,12.8,8.0,119.0,102.1,1.710878142,10,0,7,2024,113.0,118.0,103.0,111.86
11,2024-07-15 10:00:00,1403/04/25,100,SO,3,41,8.0,12.8,8.0,119.0,100.5,2.085602256,11,0,7,2024,111.0,117.0,101.0,111.86
12,2024-07-15 11:00:00,1403/04/25,100,SO,3,43,8.0,12.8,8.0,119.0,100.5,2.434072404,12,0,7,2024,105.0,117.0,101.0,111.86
13,2024-07-15 12:00:00,1403/04/25,108,SO,3,43,8.0,12.8,8.0,119.0,100.5,2.663295159,13,0,7,2024,105.0,116.0,112.0,111.86
14,2024-07-15 13:00:00,1403/04/25,111,SO,3,44,8.0,12.8,8.0,119.0,101.3,2.781726473,14,0,7,2024,105.0,116.0,111.0,111.86
15,2024-07-15 14:00:00,1403/04/25,111,SO,3,44,8.0,13.9,8.7,119.0,101.3,2.777418735,15,0,7,2024,104.0,116.0,112.0,111.86
16,2024-07-15 15:00:00,1403/04/25,116,SO,3,44,8.0,13.9,8.7,119.0,102.1,2.664349855,16,0,7,2024,107.0,116.0,108.0,111.86
17,2024-07-15 16:00:00,1403/04/25,108,SO,3,42,8.0,13.9,8.7,119.0,103.8,2.448782403,17,0,7,2024,105.0,117.0,100.0,111.86
18,2024-07-15 17:00:00,1403/04/25,106,SO,3,40,12.0,13.9,8.7,119.0,103.8,2.346534987,18,0,7,2024,107.0,117.0,101.0,111.86
19,2024-07-15 18:00:00,1403/04/25,107,SO,3,38,14.0,13.5,8.6,119.0,104.6,2.301504475,19,0,7,2024,111.0,118.0,101.0,111.86
20,2024-07-15 19:00:00,1403/04/25,112,SO,3,35,16.0,13.5,8.6,119.0,105.4,2.234567977,20,0,7,2024,111.0,120.0,102.0,111.86
21,2024-07-15 20:00:00,1403/04/25,113,SO,3,35,18.0,13.5,8.6,119.0,106.2,2.176733665,21,0,7,2024,115.0,120.0,109.0,111.86
22,2024-07-15 21:00:00,1403/04/25,113,SO,3,33,19.0,13.5,8.6,119.0,107.0,2.143868537,22,0,7,2024,115.0,114.0,110.0,111.86
23,2024-07-15 22:00:00,1403/04/25,114,SO,3,31,21.0,13.5,8.6,119.0,107.9,1.921880575,23,0,7,2024,116.0,114.0,110.0,111.86
24,2024-07-15 23:00:00,1403/04/26,115,SO,3,29,21.0,13.4,8.5,119.0,107.9,1.622963777,24,0,7,2024,116.0,114.0,111.0,111.89396657502571
1,2024-07-16 00:00:00,1403/04/26,116,SO,3,28,24.0,13.5,8.6,119.0,108.7,1.379998741,1,1,7,2024,115.0,115.0,114.0,111.96029720484788
2,2024-07-16 01:00:00,1403/04/26,117,SO,3,27,28.0,13.5,8.6,119.0,109.5,1.193108299,2,1,7,2024,116.0,116.0,114.0,112.14806205184564
3,2024-07-16 02:00:00,1403/04/26,117,SO,3,25,31.0,13.7,8.8,119.0,110.3,1.040711589,3,1,7,2024,117.0,117.0,115.0,112.5031567828523
4,2024-07-16 03:00:00,1403/04/26,117,SO,3,25,25.0,13.7,8.8,119.0,110.3,0.934433566,4,1,7,2024,118.0,118.0,115.0,112.53326305369939
5,2024-07-16 04:00:00,1403/04/26,118,SO,3,24,26.0,13.7,8.8,119.0,110.3,0.890907208,5,1,7,2024,118.0,119.0,116.0,112.40970988447933
6,2024-07-16 05:00:00,1403/04/26,100,SO,3,23,25.0,13.7,8.8,119.0,110.3,0.903987944,6,1,7,2024,100.0,118.0,116.0,111.86
7,2024-07-16 06:00:00,1403/04/26,100,SO,3,28,22.0,13.6,8.6,119.0,107.9,0.973937799,7,1,7,2024,100.0,121.0,116.0,111.86
8,2024-07-16 07:00:00,1403/04/26,116,SO,3,32,15.0,13.6,8.6,119.0,105.4,1.123860787,8,1,7,2024,100.0,116.0,114.0,111.86
9,2024-07-16 08:00:00,1403/04/26,112,SO,3,37,10.0,13.6,8.6,119.0,103.8,1.398414496,9,1,7,2024,100.0,102.0,112.0,111.86
10,2024-07-16 09:00:00,1403/04/26,111,SO,3,39,8.0,13.6,8.6,119.0,102.1,1.786518071,10,1,7,2024,106.0,113.0,118.0,111.86
11,2024-07-16 10:00:00,1403/04/26,105,SO,3,41,6.0,13.0,8.6,119.0,100.5,2.198521898,11,1,7,2024,100.0,111.0,117.0,111.86
12,2024-07-16 11:00:00,1403/04/26,110,SO,3,43,3.0,13.0,8.6,119.0,100.5,2.585969089,12,1,7,2024,100.0,105.0,117.0,111.86
13,2024-07-16 12:00:00,1403/04/26,111,SO,3,44,3.0,13.0,8.6,119.0,100.5,2.84370952,13,1,7,2024,108.0,105.0,116.0,111.86
14,2024-07-16 13:00:00,1403/04/26,100,SO,3,46,3.0,13.0,8.6,119.0,101.3,2.984033897,14,1,7,2024,111.0,105.0,116.0,111.86
15,2024-07-16 14:00:00,1403/04/26,95,LF1,3,44,3.0,12.1,7.6,119.0,101.3,2.972129365,15,1,7,2024,111.0,104.0,116.0,111.86
16,2024-07-16 15:00:00,1403/04/26,95,LF1,3,44,3.0,12.1,7.6,119.0,102.1,2.854766111,16,1,7,2024,116.0,107.0,116.0,111.86
17,2024-07-16 16:00:00,1403/04/26,102,LF1,3,43,5.0,12.1,7.6,119.0,103.8,2.607948072,17,1,7,2024,108.0,105.0,117.0,111.86
18,2024-07-16 17:00:00,1403/04/26,103,LF1,3,41,9.0,12.1,7.6,119.0,103.8,2.489917591,18,1,7,2024,106.0,107.0,117.0,111.86
19,2024-07-16 18:00:00,1403/04/26,105,LF1,3,40,11.0,13.9,8.8,119.0,104.6,2.432185395,19,1,7,2024,107.0,111.0,118.0,111.86
20,2024-07-16 19:00:00,1403/04/26,118,LF1,3,35,13.0,13.9,8.8,119.0,105.4,2.362358251,20,1,7,2024,112.0,111.0,120.0,111.86
21,2024-07-16 20:00:00,1403/04/26,119,SO,3,34,12.0,13.9,8.8,119.0,106.2,2.300895723,21,1,7,2024,113.0,115.0,120.0,111.89081592050916
22,2024-07-16 21:00:00,1403/04/26,119,SO,3,33,13.0,13.9,8.8,119.0,107.0,2.249956391,22,1,7,2024,113.0,115.0,114.0,111.86
23,2024-07-16 22:00:00,1403/04/26,115,SO,3,32,19.0,13.5,8.6,119.0,107.9,1.996150646,23,1,7,2024,114.0,116.0,114.0,113.13910294303439
24,2024-07-16 23:00:00,1403/04/27,116,SO,3,30,22.0,13.5,8.6,119.0,107.9,1.671567761,24,1,7,2024,115.0,116.0,114.0,113.70037742552036
1,2024-07-17 00:00:00,1403/04/27,115,SO,3,29,24.0,13.5,8.6,119.0,108.7,1.412386993,1,2,7,2024,116.0,115.0,115.0,112.22251660205762
2,2024-07-17 01:00:00,1403/04/27,116,SO,3,30,24.0,13.5,8.6,119.0,109.5,1.215575176,2,2,7,2024,117.0,116.0,116.0,113.00390058698667
3,2024-07-17 02:00:00,1403/04/27,117,SO,3,30,26.0,13.5,8.6,119.0,110.3,1.057644722,3,2,7,2024,117.0,117.0,117.0,112.99290619698735
4,2024-07-17 03:00:00,1403/04/27,118,SO,3,25,24.0,13.5,8.6,119.0,110.3,0.947497051,4,2,7,2024,117.0,118.0,118.0,113.05026907618895
5,2024-07-17 04:00:00,1403/04/27,118,SO,3,24,24.0,13.5,8.6,119.0,110.3,0.901972669,5,2,7,2024,118.0,118.0,119.0,112.66216497264091
6,2024-07-17 05:00:00,1403/04/27,118,SO,3,25,22.0,13.5,8.6,119.0,110.3,0.914750493,6,2,7,2024,100.0,100.0,118.0,111.86
7,2024-07-17 06:00:00,1403/04/27,118,SO,3,28,20.0,13.7,8.6,119.0,107.9,0.986535657,7,2,7,2024,100.0,100.0,121.0,111.86
8,2024-07-17 07:00:00,1403/04/27,114,SO,3,33,11.0,13.7,8.6,119.0,105.4,1.142299165,8,2,7,2024,116.0,100.0,116.0,111.86
9,2024-07-17 08:00:00,1403/04/27,112,SO,3,36,8.0,13.7,8.6,119.0,103.8,1.430309018,9,2,7,2024,112.0,100.0,102.0,111.86
10,2024-07-17 09:00:00,1403/04/27,110,SO,3,39,6.0,13.7,8.6,119.0,102.1,1.843408221,10,2,7,2024,111.0,106.0,113.0,111.86
11,2024-07-17 10:00:00,1403/04/27,106,SO,3,42,6.0,13.7,8.6,119.0,100.5,2.288654836,11,2,7,2024,105.0,100.0,111.0,111.86
12,2024-07-17 11:00:00,1403/04/27,105,SO,3,43,5.0,13.7,8.6,119.0,100.5,2.704811691,12,2,7,2024,110.0,100.0,105.0,111.86
13,2024-07-17 12:00:00,1403/04/27,115,SO,3,44,5.0,13.7,8.6,119.0,100.5,2.979202346,13,2,7,2024,111.0,108.0,105.0,111.86
14,2024-07-17 13:00:00,1403/04/27,115,SO,3,45,4.0,13.7,8.6,119.0,101.3,3.114401095,14,2,7,2024,100.0,111.0,105.0,111.86
15,2024-07-17 14:00:00,1403/04/27,116,SO,3,44,5.0,12.3,8.1,119.0,101.3,3.077633506,15,2,7,2024,95.0,111.0,104.0,111.86
16,2024-07-17 15:00:00,1403/04/27,115,SO,3,44,6.0,12.3,8.1,119.0,102.1,2.939709644,16,2,7,2024,95.0,116.0,107.0,111.86
17,2024-07-17 16:00:00,1403/04/27,104,SO,3,42,8.0,12.3,8.1,119.0,103.8,2.664536183,17,2,7,2024,102.0,108.0,105.0,111.86
18,2024-07-17 17:00:00,1403/04/27,105,SO,3,40,11.0,12.3,8.1,119.0,103.8,2.541583183,18,2,7,2024,103.0,106.0,107.0,111.86
19,2024-07-17 18:00:00,1403/04/27,106,SO,3,38,15.0,13.8,8.7,119.0,104.6,2.482741343,19,2,7,2024,105.0,107.0,111.0,111.86
20,2024-07-17 19:00:00,1403/04/27,118,SO,3,36,17.0,13.8,8.7,119.0,105.4,2.428192003,20,2,7,2024,118.0,112.0,111.0,112.71177792472957
21,2024-07-17 20:00:00,1403/04/27,118,SO,3,35,17.0,13.8,8.7,119.0,106.2,2.390648369,21,2,7,2024,119.0,113.0,115.0,113.9393333307865
22,2024-07-17 21:00:00,1403/04/27,112,SO,3,35,17.0,13.8,8.7,119.0,107.0,2.355732455,22,2,7,2024,119.0,113.0,115.0,113.9393333307865
23,2024-07-17 22:00:00,1403/04/27,114,SO,3,32,19.0,13.6,8.6,119.0,107.9,2.090426351,23,2,7,2024,115.0,114.0,116.0,114.23057444419891
24,2024-07-17 23:00:00,1403/04/28,113,SO,3,29,17.0,13.5,8.6,119.0,107.9,1.752455619,24,2,7,2024,116.0,115.0,116.0,114.51128203655183
1,2024-07-18 00:00:00,1403/04/28,114,SO,3,28,20.0,13.6,8.6,119.0,110.3,1.478432995,1,3,7,2024,115.0,116.0,115.0,114.40954214389164
2,2024-07-18 01:00:00,1403/04/28,115,SO,3,27,36.0,13.6,8.6,119.0,110.3,1.265404612,2,3,7,2024,116.0,117.0,116.0,114.32494845042214
3,2024-07-18 02:00:00,1403/04/28,116,SO,3,25,38.0,13.7,8.7,119.0,111.2,1.094317498,3,3,7,2024,117.0,117.0,117.0,114.7804725795406
4,2024-07-18 03:00:00,1403/04/28,117,SO,3,25,25.0,13.7,8.7,119.0,111.2,0.974602846,4,3,7,2024,118.0,117.0,118.0,114.90446995777901
5,2024-07-18 04:00:00,1403/04/28,117,SO,3,24,25.0,13.7,8.7,119.0,112.0,0.922248166,5,3,7,2024,118.0,118.0,118.0,114.59258948019145
6,2024-07-18 05:00:00,1403/04/28,117,SO,3,25,25.0,13.7,8.7,119.0,112.0,0.929655485,6,3,7,2024,118.0,100.0,100.0,111.86
7,2024-07-18 06:00:00,1403/04/28,116,SO,3,28,19.0,13.5,8.6,119.0,109.5,0.997401217,7,3,7,2024,118.0,100.0,100.0,111.86
8,2024-07-18 07:00:00,1403/04/28,115,SO,3,33,14.0,13.5,8.6,119.0,107.9,1.149564335,8,3,7,2024,114.0,116.0,100.0,111.86
9,2024-07-18 08:00:00,1403/04/28,113,SO,3,37,12.0,13.5,8.6,119.0,105.4,1.43458051,9,3,7,2024,112.0,112.0,100.0,111.86
10,2024-07-18 09:00:00,1403/04/28,109,SO,3,40,7.0,13.5,8.6,119.0,103.8,1.847198134,10,3,7,2024,110.0,111.0,106.0,111.86
11,2024-07-18 10:00:00,1403/04/28,106,SO,3,41,5.0,12.7,8.0,119.0,102.9,2.30551091,11,3,7,2024,106.0,105.0,100.0,111.86
12,2024-07-18 11:00:00,1403/04/28,105,SO,3,42,5.0,12.7,8.0,119.0,102.1,2.721873635,12,3,7,2024,105.0,110.0,100.0,111.86
13,2024-07-18 12:00:00,1403/04/28,104,SO,3,43,5.0,12.7,8.0,119.0,102.1,3.000157657,13,3,7,2024,115.0,111.0,108.0,111.86
14,2024-07-18 13:00:00,1403/04/28,105,SO,3,42,9.0,12.7,8.0,119.0,102.1,3.134783708,14,3,7,2024,115.0,100.0,111.0,111.86
15,2024-07-18 14:00:00,1403/04/28,105,LF1,3,42,9.0,12.5,8.0,119.0,102.1,3.117772626,15,3,7,2024,116.0,95.0,111.0,111.86
16,2024-07-18 15:00:00,1403/04/28,105,LF1,3,42,9.0,12.5,8.0,119.0,102.9,3.0036933,16,3,7,2024,115.0,95.0,116.0,111.86
17,2024-07-18 16:00:00,1403/04/28,105,LF1,3,41,12.0,12.5,8.0,119.0,103.8,2.7526935,17,3,7,2024,104.0,102.0,108.0,111.86
18,2024-07-18 17:00:00,1403/04/28,106,LF1,3,39,15.0,12.5,8.0,119.0,104.6,2.64392937,18,3,7,2024,105.0,103.0,106.0,111.86
19,2024-07-18 18:00:00,1403/04/28,111,LF1,3,37,16.0,13.8,8.8,119.0,105.4,2.585584267,19,3,7,2024,106.0,105.0,107.0,111.86
20,2024-07-18 19:00:00,1403/04/28,118,LF1,3,35,16.0,13.8,8.8,119.0,106.2,2.528866892,20,3,7,2024,118.0,118.0,112.0,112.09095442629788
21,2024-07-18 20:00:00,1403/04/28,118,SO,3,33,19.0,13.8,8.8,119.0,107.0,2.497647231,21,3,7,2024,118.0,119.0,113.0,113.27539556671886
22,2024-07-18 21:00:00,1403/04/28,114,SO,3,31,22.0,13.8,8.8,119.0,107.9,2.471023199,22,3,7,2024,112.0,119.0,113.0,112.09267033426099
23,2024-07-18 22:00:00,1403/04/28,115,SO,3,29,25.0,13.8,8.6,119.0,108.7,2.188609253,23,3,7,2024,114.0,115.0,114.0,113.25556699639654
24,2024-07-18 23:00:00,1403/04/29,115,SO,3,30,25.0,13.6,8.6,119.0,109.5,1.743906843,24,3,7,2024,113.0,116.0,115.0,113.15791742516771
1,2024-07-19 00:00:00,1403/04/29,112,LF1,3,27,21.0,13.2,8.5,119.0,108.7,1.464618911,1,4,7,2024,114.0,115.0,116.0,112.60580617878139
2,2024-07-19 01:00:00,1403/04/29,111,LF1,3,28,20.0,13.2,8.5,119.0,109.5,1.247711366,2,4,7,2024,115.0,116.0,117.0,112.87521464025673
3,2024-07-19 02:00:00,1403/04/29,112,LF1,3,25,21.0,13.7,8.7,119.0,110.3,1.074050257,3,4,7,2024,116.0,117.0,117.0,112.75190010547206
4,2024-07-19 03:00:00,1403/04/29,113,LF1,3,24,23.0,13.7,8.7,119.0,110.3,0.952127491,4,4,7,2024,117.0,118.0,117.0,113.23646461778442
5,2024-07-19 04:00:00,1403/04/29,114,LF1,3,24,24.0,13.7,8.7,119.0,110.3,0.89778196,5,4,7,2024,117.0,118.0,118.0,112.97519399743497
6,2024-07-19 05:00:00,1403/04/29,105,LF1,3,24,23.0,13.7,8.7,119.0,110.3,0.903740366,6,4,7,2024,117.0,118.0,100.0,111.86
7,2024-07-19 06:00:00,1403/04/29,113,LF1,3,30,18.0,13.3,8.5,119.0,107.9,0.969409066,7,4,7,2024,116.0,118.0,100.0,111.86
8,2024-07-19 07:00:00,1403/04/29,110,LF1,3,33,14.0,13.3,8.5,119.0,105.4,1.115904415,8,4,7,2024,115.0,114.0,116.0,111.86
9,2024-07-19 08:00:00,1403/04/29,108,LF1,3,38,10.0,13.3,8.5,119.0,103.8,1.393133332,9,4,7,2024,113.0,112.0,112.0,111.86
10,2024-07-19 09:00:00,1403/04/29,90,LF1,3,41,8.0,13.3,8.5,119.0,102.1,1.796718064,10,4,7,2024,109.0,110.0,111.0,111.86
11,2024-07-19 10:00:00,1403/04/29,103,LF1,3,43,7.0,12.9,8.2,119.0,100.5,2.250433556,11,4,7,2024,106.0,106.0,105.0,111.86
12,2024-07-19 11:00:00,1403/04/29,109,LF1,3,43,7.0,12.9,8.2,119.0,100.5,2.673807667,12,4,7,2024,105.0,105.0,110.0,111.86
13,2024-07-19 12:00:00,1403/04/29,114,LF1,3,44,6.0,12.9,8.2,119.0,100.5,2.986178509,13,4,7,2024,104.0,115.0,111.0,111.86
14,2024-07-19 13:00:00,1403/04/29,115,LF1,3,44,11.0,12.9,8.2,119.0,101.3,3.176755912,14,4,7,2024,105.0,115.0,100.0,111.86
15,2024-07-19 14:00:00,1403/04/29,114,SO,3,43,13.0,13.5,8.5,119.0,101.3,3.211629993,15,4,7,2024,105.0,116.0,95.0,111.86
16,2024-07-19 15:00:00,1403/04/29,114,SO,3,43,12.0,13.5,8.5,119.0,102.1,3.122311177,16,4,7,2024,105.0,115.0,95.0,111.86
17,2024-07-19 16:00:00,1403/04/29,115,SO,3,41,17.0,13.5,8.5,119.0,103.8,2.845057278,17,4,7,2024,105.0,104.0,102.0,111.86
18,2024-07-19 17:00:00,1403/04/29,108,SO,3,40,20.0,13.5,8.5,119.0,103.8,2.722799158,18,4,7,2024,106.0,105.0,103.0,111.86
19,2024-07-19 18:00:00,1403/04/29,110,SO,3,38,23.0,13.3,8.4,119.0,104.6,2.648381878,19,4,7,2024,111.0,106.0,105.0,111.86
20,2024-07-19 19:00:00,1403/04/29,110,SO,3,36,29.0,13.3,8.4,119.0,105.4,2.580640562,20,4,7,2024,118.0,118.0,118.0,114.02441114959592
21,2024-07-19 20:00:00,1403/04/29,112,SO,3,34,32.0,13.3,8.4,119.0,106.2,2.542812535,21,4,7,2024,118.0,118.0,119.0,114.02441114959592
22,2024-07-19 21:00:00,1403/04/29,113,SO,3,32,35.0,13.3,8.4,119.0,107.0,2.510204669,22,4,7,2024,114.0,112.0,119.0,112.01438079360244
23,2024-07-19 22:00:00,1403/04/29,114,SO,3,31,35.0,13.4,8.6,119.0,107.9,2.20362204,23,4,7,2024,115.0,114.0,115.0,113.15670122345706
24,2024-07-19 23:00:00,1403/04/30,115,SO,3,30,37.0,13.2,8.5,119.0,107.9,1.919344765,24,4,7,2024,115.0,113.0,116.0,113.20434252343958
1,2024-07-20 00:00:00,1403/04/30,117,SO,3,26,33.0,13.8,8.6,119.0,108.7,1.600588564,1,5,7,2024,112.0,114.0,115.0,111.86
2,2024-07-20 01:00:00,1403/04/30,117,SO,3,25,32.0,13.8,8.6,119.0,109.5,1.355884469,2,5,7,2024,111.0,115.0,116.0,111.86
3,2024-07-20 02:00:00,1403/04/30,117,SO,3,24,32.0,14.0,8.8,119.0,110.3,1.164559539,3,5,7,2024,112.0,116.0,117.0,112.17632872065639
4,2024-07-20 03:00:00,1403/04/30,117,SO,3,23,31.0,14.0,8.8,119.0,110.3,1.031411992,4,5,7,2024,113.0,117.0,118.0,112.38611445366251
5,2024-07-20 04:00:00,1403/04/30,118,SO,3,22,30.0,14.0,8.8,119.0,110.3,0.975021505,5,5,7,2024,114.0,117.0,118.0,112.16584890797688
6,2024-07-20 05:00:00,1403/04/30,112,SO,3,22,27.0,14.0,8.8,119.0,110.3,0.984889267,6,5,7,2024,105.0,117.0,118.0,111.86
7,2024-07-20 06:00:00,1403/04/30,118,SO,3,26,27.0,13.7,8.6,119.0,107.9,1.059947389,7,5,7,2024,113.0,116.0,118.0,111.86
8,2024-07-20 07:00:00,1403/04/30,116,SO,3,32,17.0,13.7,8.6,119.0,105.4,1.226563615,8,5,7,2024,110.0,115.0,114.0,111.86
9,2024-07-20 08:00:00,1403/04/30,113,SO,3,35,12.0,13.7,8.6,119.0,103.8,1.542221486,9,5,7,2024,108.0,113.0,112.0,111.86
10,2024-07-20 09:00:00,1403/04/30,111,SO,3,38,8.0,13.7,8.6,119.0,102.1,1.996460386,10,5,7,2024,90.0,109.0,110.0,111.86
11,2024-07-20 10:00:00,1403/04/30,108,SO,3,40,6.0,12.5,8.6,119.0,100.5,2.513686181,11,5,7,2024,103.0,106.0,106.0,111.86
12,2024-07-20 11:00:00,1403/04/30,107,SO,3,41,6.0,12.5,8.6,119.0,100.5,3.02404321,12,5,7,2024,109.0,105.0,105.0,111.86
13,2024-07-20 12:00:00,1403/04/30,116,SO,3,42,6.0,12.5,8.6,119.0,100.5,3.415028601,13,5,7,2024,114.0,104.0,115.0,112.52652659390489
14,2024-07-20 13:00:00,1403/04/30,117,SO,3,43,7.0,12.5,8.6,119.0,101.3,3.670783143,14,5,7,2024,115.0,105.0,115.0,112.73078724383812
15,2024-07-20 14:00:00,1403/04/30,117,SO,3,42,7.0,14.0,8.7,119.0,101.3,3.708887086,15,5,7,2024,114.0,105.0,116.0,112.63324640083917
16,2024-07-20 15:00:00,1403/04/30,117,SO,3,41,8.0,14.0,8.7,119.0,102.1,3.557406939,16,5,7,2024,114.0,105.0,115.0,112.12162162532428
17,2024-07-20 16:00:00,1403/04/30,117,SO,3,40,12.0,14.0,8.7,119.0,103.8,3.19138817,17,5,7,2024,115.0,105.0,104.0,111.86
18,2024-07-20 17:00:00,1403/04/30,110,SO,3,38,13.0,14.0,8.7,119.0,103.8,3.023143537,18,5,7,2024,108.0,106.0,105.0,111.86
19,2024-07-20 18:00:00,1403/04/30,111,SO,3,37,15.0,13.7,8.8,119.0,104.6,2.925058414,19,5,7,2024,110.0,111.0,106.0,111.86
20,2024-07-20 19:00:00,1403/04/30,118,SO,3,36,15.0,13.7,8.8,119.0,105.4,2.844834116,20,5,7,2024,110.0,118.0,118.0,112.3526207226703
21,2024-07-20 20:00:00,1403/04/30,120,SO,3,35,16.0,13.7,8.8,119.0,106.2,2.805865221,21,5,7,2024,112.0,118.0,118.0,112.66354607630895
22,2024-07-20 21:00:00,1403/04/30,114,SO,3,31,18.0,13.7,8.8,119.0,107.0,2.773698038,22,5,7,2024,113.0,114.0,112.0,112.29914217856431
23,2024-07-20 22:00:00,1403/04/30,114,SO,3,30,19.0,13.6,8.6,119.0,107.9,2.427737614,23,5,7,2024,114.0,115.0,114.0,114.20709502167043
24,2024-07-20 23:00:00,1403/04/31,114,SO,3,29,19.0,13.8,8.6,119.0,107.9,2.000225101,24,5,7,2024,115.0,115.0,113.0,114.35211735136889
1,2024-07-21 00:00:00,1403/04/31,115,SO,3,27,21.0,13.6,8.6,119.0,108.7,1.656993138,1,6,7,2024,117.0,112.0,114.0,115.71606015029158
2,2024-07-21 01:00:00,1403/04/31,116,SO,3,26,23.0,13.6,8.6,119.0,109.5,1.395507712,2,6,7,2024,117.0,111.0,115.0,115.57483932303745
3,2024-07-21 02:00:00,1403/04/31,117,SO,3,25,25.0,13.7,8.8,119.0,110.3,1.195304595,3,6,7,2024,117.0,112.0,116.0,115.82814914981707
4,2024-07-21 03:00:00,1403/04/31,118,SO,3,24,26.0,13.7,8.8,119.0,110.3,1.056583711,4,6,7,2024,117.0,113.0,117.0,115.94909139970163
5,2024-07-21 04:00:00,1403/04/31,118,SO,3,23,27.0,13.7,8.8,119.0,110.3,0.999356253,5,6,7,2024,118.0,114.0,117.0,115.59698764128962
6,2024-07-21 05:00:00,1403/04/31,119,SO,3,23,27.0,13.7,8.8,119.0,110.3,1.010136468,6,6,7,2024,112.0,105.0,117.0,113.03650112891881
7,2024-07-21 06:00:00,1403/04/31,118,SO,3,28,21.0,13.7,8.6,119.0,107.9,1.088857326,7,6,7,2024,118.0,113.0,116.0,114.68711324454975
8,2024-07-21 07:00:00,1403/04/31,117,SO,3,32,15.0,13.7,8.6,119.0,105.4,1.262613469,8,6,7,2024,116.0,110.0,115.0,113.55272279748542
9,2024-07-21 08:00:00,1403/04/31,113,SO,3,35,10.0,13.7,8.6,119.0,103.8,1.592249752,9,6,7,2024,113.0,108.0,113.0,112.84325336649037
10,2024-07-21 09:00:00,1403/04/31,111,SO,3,38,7.0,13.7,8.6,119.0,102.1,2.061354584,10,6,7,2024,111.0,90.0,109.0,111.86
11,2024-07-21 10:00:00,1403/04/31,110,SO,3,39,6.0,17.0,8.7,119.0,100.5,2.586192718,11,6,7,2024,108.0,103.0,106.0,111.86
12,2024-07-21 11:00:00,1403/04/31,118,SO,3,41,6.0,17.0,8.7,119.0,100.5,3.089868134,12,6,7,2024,107.0,109.0,105.0,112.7657892781047
13,2024-07-21 12:00:00,1403/04/31,117,SO,3,42,5.0,17.0,8.7,119.0,100.5,3.457014127,13,6,7,2024,116.0,114.0,104.0,114.09293811015016
14,2024-07-21 13:00:00,1403/04/31,117,SO,3,42,4.0,17.0,8.7,119.0,101.3,3.671154928,14,6,7,2024,117.0,115.0,105.0,114.69843843084033
15,2024-07-21 14:00:00,1403/04/31,117,SO,3,42,3.0,14.0,8.7,119.0,101.3,3.701403477,15,6,7,2024,117.0,114.0,105.0,114.43815281796762
16,2024-07-21 15:00:00,1403/04/31,116,SO,3,43,3.0,14.0,8.7,119.0,102.1,3.569139929,16,6,7,2024,117.0,114.0,105.0,114.340759046904
17,2024-07-21 16:00:00,1403/04/31,105,SO,3,42,5.0,14.0,8.7,119.0,103.8,3.23110178,17,6,7,2024,117.0,115.0,105.0,113.310524105096
18,2024-07-21 17:00:00,1403/04/31,106,SO,3,40,6.0,14.0,8.7,119.0,103.8,3.080522661,18,6,7,2024,110.0,108.0,106.0,111.86
19,2024-07-21 18:00:00,1403/04/31,111,SO,3,38,8.0,13.5,8.5,119.0,104.6,3.003788666,19,6,7,2024,111.0,110.0,111.0,111.86
20,2024-07-21 19:00:00,1403/04/31,112,SO,3,35,12.0,13.5,8.5,119.0,105.4,2.918800385,20,6,7,2024,118.0,110.0,118.0,114.23356155531815
21,2024-07-21 20:00:00,1403/04/31,112,SO,3,33,12.0,13.5,8.5,119.0,106.2,2.8683777,21,6,7,2024,120.0,112.0,118.0,114.4170724434702
22,2024-07-21 21:00:00,1403/04/31,113,SO,3,31,12.0,13.5,8.5,119.0,107.0,2.812555675,22,6,7,2024,114.0,113.0,114.0,112.94782809048169
23,2024-07-21 22:00:00,1403/04/31,113,SO,3,30,13.0,13.3,8.6,119.0,107.9,2.442330873,23,6,7,2024,114.0,114.0,115.0,114.0626402915837
24,2024-07-21 23:00:00,1403/05/01,113,SO,3,30,13.0,13.6,8.6,118.0,107.9,2.009678563,24,6,7,2024,114.0,115.0,115.0,114.03466634560814
1,2024-07-22 00:00:00,1403/05/01,115,SO,3,27,16.0,13.3,8.6,118.0,116.7,1.666765305,1,0,7,2024,115.0,117.0,112.0,115.31128061675014
2,2024-07-22 01:00:00,1403/05/01,115,SO,3,26,15.0,13.3,8.6,118.0,117.5,1.406691168,2,0,7,2024,116.0,117.0,111.0,114.36805791524232
3,2024-07-22 02:00:00,1403/05/01,116,SO,3,25,15.0,13.3,8.6,118.0,118.3,1.206040121,3,0,7,2024,117.0,117.0,112.0,115.46599665447846
4,2024-07-22 03:00:00,1403/05/01,118,SO,3,23,15.0,13.3,8.6,118.0,118.3,1.067186132,4,0,7,2024,118.0,117.0,113.0,115.61303163104498
5,2024-07-22 04:00:00,1403/05/01,119,SO,3,22,15.0,13.3,8.6,118.0,118.3,1.008244637,5,0,7,2024,118.0,118.0,114.0,115.59528074224474
6,2024-07-22 05:00:00,1403/05/01,90,SO,3,22,16.0,13.3,8.6,118.0,118.3,1.018330108,6,0,7,2024,119.0,112.0,105.0,110.91999999999999
7,2024-07-22 06:00:00,1403/05/01,98,SO,3,29,16.0,13.7,8.6,118.0,115.9,1.096864088,7,0,7,2024,118.0,118.0,113.0,111.73796808875989
8,2024-07-22 07:00:00,1403/05/01,116,SO,3,32,12.0,13.7,8.6,118.0,113.4,1.271071708,8,0,7,2024,117.0,116.0,110.0,110.91999999999999
9,2024-07-22 08:00:00,1403/05/01,113,SO,3,35,10.0,13.7,8.6,118.0,111.8,1.600988938,9,0,7,2024,113.0,113.0,108.0,110.91999999999999
10,2024-07-22 09:00:00,1403/05/01,118,SO,3,38,7.0,13.7,8.6,118.0,110.1,2.071513456,10,0,7,2024,111.0,111.0,90.0,110.91999999999999
11,2024-07-22 10:00:00,1403/05/01,119,SO,3,39,6.0,13.7,8.7,118.0,108.5,2.578771614,11,0,7,2024,110.0,108.0,103.0,110.91999999999999
12,2024-07-22 11:00:00,1403/05/01,118,SO,3,40,6.0,13.7,8.7,118.0,108.5,3.045207236,12,0,7,2024,118.0,107.0,109.0,110.91999999999999
13,2024-07-22 12:00:00,1403/05/01,117,SO,3,41,6.0,13.7,8.7,118.0,108.5,3.359385397,13,0,7,2024,117.0,116.0,114.0,112.9906021273644
14,2024-07-22 13:00:00,1403/05/01,118,SO,3,41,6.0,13.7,8.7,118.0,109.3,3.541422858,14,0,7,2024,117.0,117.0,115.0,112.92419955306595
15,2024-07-22 14:00:00,1403/05/01,117,SO,3,42,6.0,13.7,8.7,118.0,109.3,3.585537961,15,0,7,2024,117.0,117.0,114.0,112.92271518733789
16,2024-07-22 15:00:00,1403/05/01,117,SO,3,42,7.0,13.7,8.7,118.0,110.1,3.489531444,16,0,7,2024,116.0,117.0,114.0,112.34299023866765
17,2024-07-22 16:00:00,1403/05/01,117,SO,3,41,10.0,13.7,8.7,118.0,111.8,3.193339465,17,0,7,2024,105.0,117.0,115.0,111.91199508746527
18,2024-07-22 17:00:00,1403/05/01,111,SO,3,38,13.0,13.7,8.7,118.0,111.8,3.060333158,18,0,7,2024,106.0,110.0,108.0,110.91999999999999
19,2024-07-22 18:00:00,1403/05/01,111,SO,3,36,15.0,13.9,8.8,118.0,112.6,2.990592522,19,0,7,2024,111.0,111.0,110.0,110.91999999999999
20,2024-07-22 19:00:00,1403/05/01,120,SO,3,34,16.0,13.9,8.8,118.0,113.4,2.880918727,20,0,7,2024,112.0,118.0,110.0,111.43773016821288
21,2024-07-22 20:00:00,1403/05/01,120,SO,3,32,18.0,13.9,8.8,118.0,114.2,2.803542827,21,0,7,2024,112.0,120.0,112.0,112.23292632335037
22,2024-07-22 21:00:00,1403/05/01,114,SO,3,31,18.0,13.9,8.8,118.0,115.0,2.72410949,22,0,7,2024,113.0,114.0,113.0,112.79143729423737
23,2024-07-22 22:00:00,1403/05/01,114,SO,3,31,19.0,13.7,8.7,118.0,115.9,2.364234497,23,0,7,2024,113.0,114.0,114.0,113.98863701924515
24,2024-07-22 23:00:00,1403/05/02,116,SO,3,28,21.0,13.3,8.6,118.0,115.9,1.95081962,24,0,7,2024,113.0,114.0,115.0,114.33456015413255
1,2024-07-23 00:00:00,1403/05/02,116,SO,3,26,24.0,13.7,8.7,118.0,116.7,1.626953715,1,1,7,2024,115.0,115.0,117.0,114.91884092644399
2,2024-07-23 01:00:00,1403/05/02,117,SO,3,25,24.0,13.7,8.7,118.0,117.5,1.380338298,2,1,7,2024,115.0,116.0,117.0,115.12013975906177
3,2024-07-23 02:00:00,1403/05/02,119,SO,3,23,28.0,14.0,8.8,118.0,118.3,1.188836357,3,1,7,2024,116.0,117.0,117.0,115.1068261419359
4,2024-07-23 03:00:00,1403/05/02,119,SO,3,22,25.0,14.0,8.8,118.0,118.3,1.05532114,4,1,7,2024,118.0,118.0,117.0,115.55681282513652
5,2024-07-23 04:00:00,1403/05/02,105,SO,3,22,25.0,14.0,8.8,118.0,118.3,1.00004628,5,1,7,2024,119.0,118.0,118.0,114.97269282429372
6,2024-07-23 05:00:00,1403/05/02,105,SO,3,24,27.0,14.0,8.8,118.0,118.3,1.012502078,6,1,7,2024,90.0,119.0,112.0,112.04062315250786
7,2024-07-23 06:00:00,1403/05/02,118,SO,3,28,20.0,13.8,8.6,118.0,115.9,1.092121028,7,1,7,2024,98.0,118.0,118.0,114.81798693025908
8,2024-07-23 07:00:00,1403/05/02,116,SO,3,32,14.0,13.8,8.6,118.0,113.4,1.265322807,8,1,7,2024,116.0,117.0,116.0,115.20337621021079
9,2024-07-23 08:00:00,1403/05/02,114,SO,3,35,16.0,13.8,8.6,118.0,111.8,1.587646287,9,1,7,2024,113.0,113.0,113.0,113.6401701600263
10,2024-07-23 09:00:00,1403/05/02,113,SO,3,38,8.0,13.8,8.6,118.0,110.1,2.030346268,10,1,7,2024,118.0,111.0,111.0,113.50086817743747
11,2024-07-23 10:00:00,1403/05/02,110,SO,3,39,6.0,13.1,8.2,118.0,108.5,2.478508396,11,1,7,2024,119.0,110.0,108.0,112.67800464925163
12,2024-07-23 11:00:00,1403/05/02,106,SO,3,40,6.0,13.1,8.2,118.0,108.5,2.867864597,12,1,7,2024,118.0,118.0,107.0,113.45855478415587
13,2024-07-23 12:00:00,1403/05/02,118,SO,3,41,5.0,13.1,8.2,118.0,108.5,3.10742825,13,1,7,2024,117.0,117.0,116.0,115.24641792953338
14,2024-07-23 13:00:00,1403/05/02,118,SO,3,41,7.0,13.1,8.2,118.0,109.3,3.243041516,14,1,7,2024,118.0,117.0,117.0,114.98901835060065
15,2024-07-23 14:00:00,1403/05/02,118,SO,3,42,8.0,14.0,8.7,118.0,109.3,3.28230447,15,1,7,2024,117.0,117.0,117.0,114.98753398487258
16,2024-07-23 15:00:00,1403/05/02,118,SO,3,41,9.0,14.0,8.7,118.0,110.1,3.206445923,16,1,7,2024,117.0,116.0,117.0,114.74815844860451
17,2024-07-23 16:00:00,1403/05/02,118,SO,3,39,11.0,14.0,8.7,118.0,111.8,2.963911122,17,1,7,2024,117.0,105.0,117.0,113.52091644132467
18,2024-07-23 17:00:00,1403/05/02,119,SO,3,38,12.0,14.0,8.7,118.0,111.8,2.844835116,18,1,7,2024,111.0,106.0,110.0,110.91999999999999
19,2024-07-23 18:00:00,1403/05/02,112,SO,3,36,14.0,13.7,8.8,118.0,112.6,2.778373938,19,1,7,2024,111.0,111.0,111.0,110.91999999999999
20,2024-07-23 19:00:00,1403/05/02,118,SO,3,34,18.0,13.7,8.8,118.0,113.4,2.67529389,20,1,7,2024,120.0,112.0,118.0,114.53386923015461
21,2024-07-23 20:00:00,1403/05/02,120,SO,3,33,18.0,13.7,8.8,118.0,114.2,2.597045018,21,1,7,2024,120.0,112.0,120.0,114.53386923015461
22,2024-07-23 21:00:00,1403/05/02,121,SO,3,31,20.0,13.7,8.8,118.0,115.0,2.523084052,22,1,7,2024,114.0,113.0,114.0,113.75263582699151
23,2024-07-23 22:00:00,1403/05/02,116,SO,3,29,21.0,14.0,8.7,118.0,115.9,2.215773611,23,1,7,2024,114.0,113.0,114.0,115.08861528717554
24,2024-07-23 23:00:00,1403/05/03,116,SO,3,26,24.0,13.7,8.7,118.0,115.9,1.852138289,24,1,7,2024,116.0,113.0,114.0,115.92234164865098
1,2024-07-24 00:00:00,1403/05/03,116,SO,3,26,22.0,14.0,8.7,118.0,120.0,1.566454895,1,2,7,2024,116.0,115.0,115.0,116.00814715689302
2,2024-07-24 01:00:00,1403/05/03,117,SO,3,24,23.0,14.0,8.7,118.0,120.0,1.344255211,2,2,7,2024,117.0,115.0,116.0,116.44614022244153
3,2024-07-24 02:00:00,1403/05/03,118,SO,3,24,25.0,13.9,8.8,118.0,120.8,1.166226688,3,2,7,2024,119.0,116.0,117.0,116.70695468531497
4,2024-07-24 03:00:00,1403/05/03,118,SO,3,23,26.0,13.9,8.8,118.0,120.8,1.039215568,4,2,7,2024,119.0,118.0,118.0,116.75771051796269
5,2024-07-24 04:00:00,1403/05/03,119,SO,3,22,26.0,13.9,8.8,118.0,120.8,0.984842072,5,2,7,2024,105.0,119.0,118.0,115.83656966940018
6,2024-07-24 05:00:00,1403/05/03,105,SO,3,23,26.0,13.9,8.8,118.0,120.8,0.993787493,6,2,7,2024,105.0,90.0,119.0,112.60244396098118
7,2024-07-24 06:00:00,1403/05/03,105,SO,3,26,27.0,13.8,8.6,118.0,118.3,1.066129191,7,2,7,2024,118.0,98.0,118.0,113.19354952029971
8,2024-07-24 07:00:00,1403/05/03,116,SO,3,31,16.0,13.8,8.6,118.0,116.7,1.225997335,8,2,7,2024,116.0,116.0,117.0,114.71816757910439
9,2024-07-24 08:00:00,1403/05/03,114,SO,3,36,10.0,13.8,8.6,118.0,115.0,1.519770737,9,2,7,2024,114.0,113.0,113.0,113.33948217302873
10,2024-07-24 09:00:00,1403/05/03,112,SO,3,37,8.0,13.8,8.6,118.0,113.4,1.918475335,10,2,7,2024,113.0,118.0,111.0,112.97764521960485
11,2024-07-24 10:00:00,1403/05/03,118,SO,3,39,6.0,13.8,8.6,118.0,111.8,2.323147063,11,2,7,2024,110.0,119.0,110.0,113.40074428194782
12,2024-07-24 11:00:00,1403/05/03,117,SO,3,40,6.0,13.8,8.6,118.0,110.9,2.680867095,12,2,7,2024,106.0,118.0,118.0,115.32208365470396
13,2024-07-24 12:00:00,1403/05/03,117,SO,3,41,5.0,13.8,8.6,118.0,110.9,2.910547906,13,2,7,2024,118.0,117.0,117.0,116.56502131237667
14,2024-07-24 13:00:00,1403/05/03,117,SO,3,42,5.0,13.8,8.6,118.0,110.9,3.044398484,14,2,7,2024,118.0,118.0,117.0,116.76116355782652
15,2024-07-24 14:00:00,1403/05/03,117,SO,3,42,5.0,13.9,8.6,118.0,110.9,3.074389184,15,2,7,2024,118.0,117.0,117.0,116.57412504225431
16,2024-07-24 15:00:00,1403/05/03,117,SO,3,41,11.0,13.9,8.6,118.0,111.8,2.970988441,16,2,7,2024,118.0,117.0,116.0,115.8513430724509
17,2024-07-24 16:00:00,1403/05/03,116,SO,3,40,14.0,13.9,8.6,118.0,112.6,2.732858844,17,2,7,2024,118.0,117.0,105.0,114.70663386272918
18,2024-07-24 17:00:00,1403/05/03,110,SO,3,38,17.0,13.9,8.6,118.0,113.4,2.617565393,18,2,7,2024,119.0,111.0,106.0,113.58044485157305
19,2024-07-24 18:00:00,1403/05/03,110,SO,3,36,20.0,13.8,8.7,118.0,113.4,2.554161064,19,2,7,2024,112.0,111.0,111.0,111.386795277833
20,2024-07-24 19:00:00,1403/05/03,118,SO,3,34,20.0,13.8,8.7,118.0,114.2,2.467716556,20,2,7,2024,118.0,120.0,112.0,115.52259895110508
21,2024-07-24 20:00:00,1403/05/03,119,SO,3,33,20.0,13.8,8.7,118.0,115.0,2.411176419,21,2,7,2024,120.0,120.0,112.0,115.16055660735505
22,2024-07-24 21:00:00,1403/05/03,114,SO,3,31,25.0,13.8,8.7,118.0,115.9,2.347805405,22,2,7,2024,121.0,114.0,113.0,114.6541086910572
23,2024-07-24 22:00:00,1403/05/03,114,SO,3,31,25.0,13.7,8.7,118.0,116.7,2.084239973,23,2,7,2024,116.0,114.0,113.0,114.58055950806414
24,2024-07-24 23:00:00,1403/05/04,115,SO,3,29,24.0,14.0,8.7,118.0,117.5,1.763709492,24,2,7,2024,116.0,116.0,113.0,115.09194461000291
1,2024-07-25 00:00:00,1403/05/04,116,SO,3,28,27.0,13.7,8.7,118.0,120.0,1.508760188,1,3,7,2024,116.0,116.0,115.0,115.79948196291582
2,2024-07-25 01:00:00,1403/05/04,116,SO,3,27,37.0,13.7,8.7,118.0,120.0,1.305817053,2,3,7,2024,117.0,117.0,115.0,115.86531014688083
3,2024-07-25 02:00:00,1403/05/04,117,SO,3,26,26.0,14.0,8.8,118.0,120.8,1.14037636,3,3,7,2024,118.0,119.0,116.0,116.41411903801102
4,2024-07-25 03:00:00,1403/05/04,118,SO,3,24,30.0,14.0,8.8,118.0,120.8,1.016903997,4,3,7,2024,118.0,119.0,118.0,116.46323384150114
5,2024-07-25 04:00:00,1403/05/04,118,SO,3,23,29.0,14.0,8.8,118.0,120.8,0.95998618,5,3,7,2024,119.0,105.0,119.0,114.9326597510719
6,2024-07-25 05:00:00,1403/05/04,118,SO,3,25,28.0,14.0,8.8,118.0,120.8,0.962045869,6,3,7,2024,105.0,105.0,90.0,111.30913445851566
7,2024-07-25 06:00:00,1403/05/04,118,SO,3,27,27.0,13.8,8.6,118.0,118.3,1.02350369,7,3,7,2024,105.0,118.0,98.0,113.5718178808632
8,2024-07-25 07:00:00,1403/05/04,114,SO,3,32,17.0,13.8,8.6,118.0,116.7,1.162290009,8,3,7,2024,116.0,116.0,116.0,115.4548903350344
9,2024-07-25 08:00:00,1403/05/04,112,SO,3,35,13.0,13.8,8.6,118.0,115.0,1.417869921,9,3,7,2024,114.0,114.0,113.0,113.9667861239918
10,2024-07-25 09:00:00,1403/05/04,110,SO,3,38,11.0,13.8,8.6,118.0,113.4,1.763712604,10,3,7,2024,112.0,113.0,118.0,114.19051836467614
11,2024-07-25 10:00:00,1403/05/04,110,SO,3,39,9.0,13.8,8.6,118.0,111.8,2.116418722,11,3,7,2024,118.0,110.0,119.0,115.17003554592593
12,2024-07-25 11:00:00,1403/05/04,116,SO,3,40,8.0,13.8,8.6,118.0,110.9,2.440411127,12,3,7,2024,117.0,106.0,118.0,114.35521007096213
13,2024-07-25 12:00:00,1403/05/04,115,SO,3,42,7.0,13.8,8.6,118.0,110.9,2.670006656,13,3,7,2024,117.0,118.0,117.0,115.64582417087729
14,2024-07-25 13:00:00,1403/05/04,117,SO,3,43,8.0,13.8,8.6,118.0,110.9,2.81865653,14,3,7,2024,117.0,118.0,118.0,115.62376086949732
15,2024-07-25 14:00:00,1403/05/04,116,SO,3,42,11.0,12.8,8.0,118.0,110.9,2.858016993,15,3,7,2024,117.0,118.0,117.0,115.41810220000698
16,2024-07-25 15:00:00,1403/05/04,116,SO,3,41,8.0,12.8,8.0,118.0,111.8,2.750222635,16,3,7,2024,117.0,118.0,117.0,115.08592657550462
17,2024-07-25 16:00:00,1403/05/04,105,SO,3,40,8.0,12.8,8.0,118.0,112.6,2.524099813,17,3,7,2024,116.0,118.0,117.0,114.39507477725792
18,2024-07-25 17:00:00,1403/05/04,106,SO,3,38,10.0,12.8,8.0,118.0,113.4,2.422729109,18,3,7,2024,110.0,119.0,111.0,111.74202406950693
19,2024-07-25 18:00:00,1403/05/04,111,SO,3,36,12.0,14.2,8.8,118.0,113.4,2.36736039,19,3,7,2024,110.0,112.0,111.0,110.91999999999999
20,2024-07-25 19:00:00,1403/05/04,119,SO,3,41,14.0,14.2,8.8,118.0,114.2,2.293286577,20,3,7,2024,118.0,118.0,120.0,115.37920930923904
21,2024-07-25 20:00:00,1403/05/04,120,SO,3,34,16.0,14.2,8.8,118.0,115.0,2.252549563,21,3,7,2024,119.0,120.0,120.0,115.32631997037653
22,2024-07-25 21:00:00,1403/05/04,114,SO,3,31,18.0,14.2,8.8,118.0,115.9,2.204635409,22,3,7,2024,114.0,121.0,114.0,113.72165896478954
23,2024-07-25 22:00:00,1403/05/04,114,SO,3,30,22.0,13.7,8.6,118.0,116.7,1.979149266,23,3,7,2024,114.0,116.0,114.0,114.88498012683718
24,2024-07-25 23:00:00,1403/05/05,114,SO,3,29,18.0,13.7,8.7,118.0,117.5,1.613346202,24,3,7,2024,115.0,116.0,116.0,114.98773921082005
1,2024-07-26 00:00:00,1403/05/05,115,SO,3,27,19.0,13.7,8.6,118.0,120.0,1.390800904,1,4,7,2024,116.0,116.0,116.0,115.98173157028862
2,2024-07-26 01:00:00,1403/05/05,119,SO,3,24,25.0,13.7,8.6,118.0,120.0,1.210033316,2,4,7,2024,116.0,117.0,117.0,115.99133669262626
3,2024-07-26 02:00:00,1403/05/05,119,SO,3,24,25.0,13.7,8.6,118.0,120.8,1.060733115,3,4,7,2024,117.0,118.0,119.0,116.45400759298863
4,2024-07-26 03:00:00,1403/05/05,120,SO,3,23,25.0,13.7,8.6,118.0,120.8,0.947467559,4,4,7,2024,118.0,118.0,119.0,116.21145678513821
5,2024-07-26 04:00:00,1403/05/05,120,SO,3,23,25.0,13.7,8.6,118.0,120.8,0.89423719,5,4,7,2024,118.0,119.0,105.0,114.1893554126232
6,2024-07-26 05:00:00,1403/05/05,120,SO,3,25,24.0,13.7,8.6,118.0,120.8,0.89540243,6,4,7,2024,118.0,105.0,105.0,112.30596527747399
7,2024-07-26 06:00:00,1403/05/05,120,SO,3,27,23.0,13.8,8.7,118.0,118.3,0.95092339,7,4,7,2024,118.0,105.0,118.0,113.95498109087123
8,2024-07-26 07:00:00,1403/05/05,117,SO,3,33,13.0,13.8,8.7,118.0,116.7,1.076923958,8,4,7,2024,114.0,116.0,116.0,113.9927203180439
9,2024-07-26 08:00:00,1403/05/05,118,SO,3,36,10.0,13.8,8.7,118.0,115.0,1.310130513,9,4,7,2024,112.0,114.0,114.0,113.64782276659801
10,2024-07-26 09:00:00,1403/05/05,120,SO,3,38,8.0,13.8,8.7,118.0,113.4,1.630931685,10,4,7,2024,110.0,112.0,113.0,113.43029420475133
11,2024-07-26 10:00:00,1403/05/05,120,SO,3,39,7.0,13.8,8.7,118.0,111.8,1.972620649,11,4,7,2024,110.0,118.0,110.0,114.25031980539012
12,2024-07-26 11:00:00,1403/05/05,118,SO,3,41,6.0,13.8,8.7,118.0,110.9,2.283807869,12,4,7,2024,116.0,117.0,106.0,114.74765539548008
13,2024-07-26 12:00:00,1403/05/05,118,SO,3,41,6.0,13.8,8.7,118.0,110.9,2.499007897,13,4,7,2024,115.0,117.0,118.0,115.66235055121459
14,2024-07-26 13:00:00,1403/05/05,118,SO,3,43,7.0,13.8,8.7,118.0,110.9,2.623024651,14,4,7,2024,117.0,117.0,118.0,116.31168232284077
15,2024-07-26 14:00:00,1403/05/05,118,SO,3,42,6.0,13.8,8.7,118.0,110.9,2.628759457,15,4,7,2024,116.0,117.0,118.0,115.74810890646563
16,2024-07-26 15:00:00,1403/05/05,118,SO,3,42,6.0,13.8,8.7,118.0,111.8,2.500365946,16,4,7,2024,116.0,117.0,118.0,115.65071513540201
17,2024-07-26 16:00:00,1403/05/05,119,SO,3,40,14.0,13.8,8.7,118.0,112.6,2.288292938,17,4,7,2024,105.0,116.0,118.0,115.18998201190806
18,2024-07-26 17:00:00,1403/05/05,119,SO,3,39,14.0,13.8,8.7,118.0,113.4,2.198594448,18,4,7,2024,106.0,110.0,119.0,114.77924067400645
19,2024-07-26 18:00:00,1403/05/05,118,SO,3,36,15.0,13.9,8.8,118.0,113.4,2.152619154,19,4,7,2024,111.0,110.0,112.0,113.5894116950743
20,2024-07-26 19:00:00,1403/05/05,120,SO,3,35,15.0,13.9,8.8,118.0,114.2,2.089620737,20,4,7,2024,119.0,118.0,118.0,117.11202861420911
21,2024-07-26 20:00:00,1403/05/05,121,SO,3,34,16.0,13.9,8.8,118.0,115.0,2.066948352,21,4,7,2024,120.0,119.0,120.0,117.11202861420911
22,2024-07-26 21:00:00,1403/05/05,115,SO,3,33,17.0,13.9,8.8,118.0,115.9,2.043618445,22,4,7,2024,114.0,114.0,121.0,114.77495399210237
23,2024-07-26 22:00:00,1403/05/05,117,SO,3,31,19.0,13.8,8.8,118.0,116.7,1.849911165,23,4,7,2024,114.0,114.0,116.0,116.02833078133567
24,2024-07-26 23:00:00,1403/05/06,116,SO,3,30,23.0,13.7,8.6,118.0,117.5,1.670263509,24,4,7,2024,114.0,115.0,116.0,116.58311691881596
1,2024-07-27 00:00:00,1403/05/06,118,SO,3,28,25.0,13.8,8.8,118.0,119.2,1.443834478,1,5,7,2024,115.0,116.0,116.0,118.65551257709271
2,2024-07-27 01:00:00,1403/05/06,118,SO,3,27,25.0,13.8,8.8,118.0,119.2,1.256458193,2,5,7,2024,119.0,116.0,117.0,119.13753700726886
3,2024-07-27 02:00:00,1403/05/06,118,SO,3,26,25.0,14.0,8.8,118.0,120.0,1.100606117,3,5,7,2024,119.0,117.0,118.0,118.56093008070098
4,2024-07-27 03:00:00,1403/05/06,119,SO,3,25,24.0,14.0,8.8,118.0,120.0,0.982613694,4,5,7,2024,120.0,118.0,118.0,118.7459838764878
5,2024-07-27 04:00:00,1403/05/06,119,SO,3,24,25.0,14.0,8.8,118.0,120.0,0.928239544,5,5,7,2024,120.0,118.0,119.0,118.35899558100009
6,2024-07-27 05:00:00,1403/05/06,105,SO,3,24,24.0,14.0,8.8,118.0,120.0,0.93035273,6,5,7,2024,120.0,118.0,105.0,116.1581812630726
7,2024-07-27 06:00:00,1403/05/06,119,SO,3,29,22.0,13.9,8.6,118.0,118.3,0.986782695,7,5,7,2024,120.0,118.0,105.0,116.08056939531933
8,2024-07-27 07:00:00,1403/05/06,118,SO,3,32,17.0,13.9,8.6,118.0,115.9,1.113249883,8,5,7,2024,117.0,114.0,116.0,116.04191069592416
9,2024-07-27 08:00:00,1403/05/06,115,SO,3,36,11.0,13.9,8.6,118.0,114.2,1.341794752,9,5,7,2024,118.0,112.0,114.0,115.64385072086458
10,2024-07-27 09:00:00,1403/05/06,120,SO,3,38,9.0,13.9,8.6,118.0,112.6,1.638483343,10,5,7,2024,120.0,110.0,112.0,115.40096950333006
11,2024-07-27 10:00:00,1403/05/06,120,SO,3,40,8.0,14.0,8.7,118.0,111.8,1.939420363,11,5,7,2024,120.0,110.0,118.0,116.2589100731409
12,2024-07-27 11:00:00,1403/05/06,119,SO,3,42,7.0,14.0,8.7,118.0,110.9,2.205470748,12,5,7,2024,118.0,116.0,117.0,117.03360769443955
13,2024-07-27 12:00:00,1403/05/06,118,SO,3,42,7.0,14.0,8.7,118.0,110.1,2.404884098,13,5,7,2024,118.0,115.0,117.0,116.68771059896673
14,2024-07-27 13:00:00,1403/05/06,118,SO,3,42,9.0,14.0,8.7,118.0,110.1,2.527544283,14,5,7,2024,118.0,117.0,117.0,117.01154439305957
15,2024-07-27 14:00:00,1403/05/06,117,SO,3,42,10.0,13.6,8.7,118.0,110.1,2.529080562,15,5,7,2024,118.0,116.0,117.0,116.93403107880125
16,2024-07-27 15:00:00,1403/05/06,118,SO,3,42,9.0,13.6,8.7,118.0,110.1,2.388558846,16,5,7,2024,118.0,116.0,117.0,116.83290838322748
17,2024-07-27 16:00:00,1403/05/06,118,SO,3,41,10.0,13.6,8.7,118.0,110.9,2.187539467,17,5,7,2024,119.0,105.0,116.0,115.76244485356261
18,2024-07-27 17:00:00,1403/05/06,118,SO,3,39,11.0,13.6,8.7,118.0,111.8,2.103852574,18,5,7,2024,119.0,106.0,110.0,114.97751122209596
19,2024-07-27 18:00:00,1403/05/06,119,SO,3,37,16.0,13.9,8.8,118.0,113.4,2.05967262,19,5,7,2024,118.0,111.0,110.0,114.77987094099579
20,2024-07-27 19:00:00,1403/05/06,120,SO,3,35,18.0,13.9,8.8,118.0,114.2,2.005775243,20,5,7,2024,120.0,119.0,118.0,116.87144908336874
21,2024-07-27 20:00:00,1403/05/06,121,SO,3,34,19.0,13.9,8.8,118.0,115.0,2.005435487,21,5,7,2024,121.0,120.0,119.0,116.87144908336874
22,2024-07-27 21:00:00,1403/05/06,121,SO,3,32,20.0,13.9,8.8,118.0,115.9,2.023182319,22,5,7,2024,115.0,114.0,114.0,115.70685028237982
23,2024-07-27 22:00:00,1403/05/06,40,SO,3,31,19.0,13.0,8.0,118.0,116.7,1.874878318,23,5,7,2024,117.0,114.0,114.0,110.91999999999999
24,2024-07-27 23:00:00,1403/05/07,80,SO,3,30,19.0,13.8,8.8,118.0,117.5,1.634647652,24,5,7,2024,116.0,114.0,115.0,110.91999999999999
1,2024-07-28 00:00:00,1403/05/07,115,SO,3,29,20.0,13.0,8.0,118.0,119.2,1.421682054,1,6,7,2024,118.0,115.0,116.0,112.6242702627867
2,2024-07-28 01:00:00,1403/05/07,115,SO,3,28,18.0,13.0,8.0,118.0,119.2,1.240792351,2,6,7,2024,118.0,119.0,116.0,112.64355306599624
3,2024-07-28 02:00:00,1403/05/07,116,SO,3,26,22.0,12.3,7.8,118.0,120.0,1.089100438,3,6,7,2024,118.0,119.0,117.0,112.39539097849098
4,2024-07-28 03:00:00,1403/05/07,117,SO,3,26,22.0,12.3,7.8,118.0,120.0,0.974191747,4,6,7,2024,119.0,120.0,118.0,111.96890711917138
5,2024-07-28 04:00:00,1403/05/07,100,SO,3,24,24.0,12.3,7.8,118.0,120.0,0.921899767,5,6,7,2024,119.0,120.0,118.0,110.91999999999999
6,2024-07-28 05:00:00,1403/05/07,100,SO,3,24,24.0,12.3,7.8,118.0,120.0,0.926377278,6,6,7,2024,105.0,120.0,118.0,110.91999999999999
7,2024-07-28 06:00:00,1403/05/07,100,SO,3,28,33.0,14.2,8.6,118.0,118.3,0.984619236,7,6,7,2024,119.0,120.0,118.0,110.91999999999999
8,2024-07-28 07:00:00,1403/05/07,111,SO,3,33,16.0,14.2,8.6,118.0,115.9,1.114149239,8,6,7,2024,118.0,117.0,114.0,110.91999999999999
9,2024-07-28 08:00:00,1403/05/07,113,SO,3,36,10.0,14.2,8.6,118.0,114.2,1.346590294,9,6,7,2024,115.0,118.0,112.0,110.91999999999999
10,2024-07-28 09:00:00,1403/05/07,112,SO,3,38,9.0,14.2,8.6,118.0,112.6,1.649872075,10,6,7,2024,120.0,120.0,110.0,110.91999999999999
11,2024-07-28 10:00:00,1403/05/07,110,SO,3,40,8.0,14.2,8.6,118.0,111.8,1.960600153,11,6,7,2024,120.0,120.0,110.0,110.91999999999999
12,2024-07-28 11:00:00,1403/05/07,117,SO,3,42,7.0,14.2,8.6,118.0,110.9,2.256102654,12,6,7,2024,119.0,118.0,116.0,110.91999999999999
13,2024-07-28 12:00:00,1403/05/07,117,SO,3,42,7.0,14.2,8.6,118.0,110.1,2.489970958,13,6,7,2024,118.0,118.0,115.0,110.91999999999999
14,2024-07-28 13:00:00,1403/05/07,116,SO,3,42,8.0,14.2,8.6,118.0,110.1,2.640205871,14,6,7,2024,118.0,118.0,117.0,110.91999999999999
15,2024-07-28 14:00:00,1403/05/07,105,SO,3,42,7.0,12.6,8.0,118.0,110.1,2.659226742,15,6,7,2024,117.0,118.0,116.0,110.91999999999999
16,2024-07-28 15:00:00,1403/05/07,105,SO,3,41,10.0,12.6,8.0,118.0,110.1,2.534784106,16,6,7,2024,118.0,118.0,116.0,110.91999999999999
17,2024-07-28 16:00:00,1403/05/07,105,SO,3,40,12.0,12.6,8.0,118.0,110.9,2.321541057,17,6,7,2024,118.0,119.0,105.0,110.91999999999999
18,2024-07-28 17:00:00,1403/05/07,106,SO,3,38,16.0,12.6,8.0,118.0,111.8,2.238514323,18,6,7,2024,118.0,119.0,106.0,110.91999999999999
19,2024-07-28 18:00:00,1403/05/07,111,SO,3,36,20.0,14.0,8.8,118.0,113.4,2.200642093,19,6,7,2024,119.0,118.0,111.0,110.91999999999999
20,2024-07-28 19:00:00,1403/05/07,118,SO,3,35,21.0,14.0,8.8,118.0,114.2,2.145181783,20,6,7,2024,120.0,120.0,119.0,111.43818871112873
21,2024-07-28 20:00:00,1403/05/07,119,SO,3,33,21.0,14.0,8.8,118.0,115.0,2.141355129,21,6,7,2024,121.0,121.0,120.0,112.36713487270434
22,2024-07-28 21:00:00,1403/05/07,119,SO,3,32,21.0,14.0,8.8,118.0,115.9,2.140581163,22,6,7,2024,121.0,115.0,114.0,110.91999999999999
23,2024-07-28 22:00:00,1403/05/07,114,SO,3,30,24.0,13.8,8.5,118.0,116.7,1.940947997,23,6,7,2024,40.0,117.0,114.0,113.5869452056081
24,2024-07-28 23:00:00,1403/05/08,114,SO,3,30,23.0,13.0,8.0,118.0,117.5,1.662575335,24,6,7,2024,80.0,116.0,114.0,113.03811987366586
1,2024-07-29 00:00:00,1403/05/08,116,SO,3,29,25.0,13.8,8.5,118.0,119.2,1.428747136,1,0,7,2024,115.0,118.0,115.0,112.63291032929146
2,2024-07-29 01:00:00,1403/05/08,116,SO,3,28,27.0,13.8,8.5,118.0,119.2,1.237325082,2,0,7,2024,115.0,118.0,119.0,112.70609671353432
3,2024-07-29 02:00:00,1403/05/08,116,SO,3,26,28.0,13.8,8.5,118.0,120.0,1.08327874,3,0,7,2024,116.0,118.0,119.0,112.68839316238251
4,2024-07-29 03:00:00,1403/05/08,116,SO,3,24,30.0,13.8,8.5,118.0,120.0,0.968351755,4,0,7,2024,117.0,119.0,120.0,113.09830518721826
5,2024-07-29 04:00:00,1403/05/08,118,SO,3,24,34.0,13.8,8.5,118.0,120.0,0.917791354,5,0,7,2024,100.0,119.0,120.0,112.06316178825696
6,2024-07-29 05:00:00,1403/05/08,118,SO,3,25,32.0,13.8,8.5,118.0,120.0,0.92578039,6,0,7,2024,100.0,105.0,120.0,110.91999999999999
7,2024-07-29 06:00:00,1403/05/08,118,SO,3,28,27.0,13.8,8.5,118.0,118.3,0.990336843,7,0,7,2024,100.0,119.0,120.0,112.8718051905696
8,2024-07-29 07:00:00,1403/05/08,116,SO,3,32,17.0,13.8,8.5,118.0,115.9,1.133574638,8,0,7,2024,111.0,118.0,117.0,112.94948885413824
9,2024-07-29 08:00:00,1403/05/08,113,SO,3,36,13.0,13.8,8.5,118.0,114.2,1.398528629,9,0,7,2024,113.0,115.0,118.0,113.09271438592373
10,2024-07-29 09:00:00,1403/05/08,110,SO,3,38,12.0,13.8,8.5,118.0,112.6,1.770585921,10,0,7,2024,112.0,120.0,120.0,113.066882328427
11,2024-07-29 10:00:00,1403/05/08,109,SO,3,40,11.0,13.8,8.5,118.0,111.8,2.172622628,11,0,7,2024,110.0,120.0,120.0,113.23136958520108
12,2024-07-29 11:00:00,1403/05/08,115,SO,3,42,11.0,13.8,8.5,118.0,110.9,2.548216906,12,0,7,2024,117.0,119.0,118.0,114.75817501132535
13,2024-07-29 12:00:00,1403/05/08,115,SO,3,44,9.0,13.8,8.5,118.0,110.1,2.777894983,13,0,7,2024,117.0,118.0,118.0,114.7915401561166
14,2024-07-29 13:00:00,1403/05/08,114,SO,3,45,8.0,13.8,8.5,118.0,110.1,2.889940697,14,0,7,2024,116.0,118.0,118.0,114.23567480857018
15,2024-07-29 14:00:00,1403/05/08,114,SO,3,44,9.0,13.8,8.5,118.0,110.1,2.880312121,15,0,7,2024,105.0,117.0,118.0,112.97258478642055
16,2024-07-29 15:00:00,1403/05/08,114,SO,3,43,9.0,13.8,8.5,118.0,110.1,2.758549263,16,0,7,2024,105.0,118.0,118.0,113.48783181153857
17,2024-07-29 16:00:00,1403/05/08,104,SO,3,41,12.0,13.8,8.5,118.0,110.9,2.538309592,17,0,7,2024,105.0,118.0,119.0,113.20656310675882
18,2024-07-29 17:00:00,1403/05/08,105,SO,3,38,17.0,13.8,8.5,118.0,111.8,2.461549318,18,0,7,2024,106.0,118.0,119.0,113.22357457399335
19,2024-07-29 18:00:00,1403/05/08,106,SO,3,37,20.0,14.4,8.7,118.0,113.4,2.433529152,19,0,7,2024,111.0,119.0,118.0,112.38571270900405
20,2024-07-29 19:00:00,1403/05/08,118,SO,3,34,25.0,14.4,8.7,118.0,114.2,2.370308637,20,0,7,2024,118.0,120.0,120.0,115.59033037496448
21,2024-07-29 20:00:00,1403/05/08,119,SO,3,33,25.0,14.4,8.7,118.0,115.0,2.342601177,21,0,7,2024,119.0,121.0,121.0,115.63448233835209
22,2024-07-29 21:00:00,1403/05/08,120,SO,3,32,26.0,14.4,8.7,118.0,115.9,2.302091739,22,0,7,2024,119.0,121.0,115.0,115.31969649349847
23,2024-07-29 22:00:00,1403/05/08,114,SO,3,31,26.0,13.8,8.6,118.0,116.7,2.035630251,23,0,7,2024,114.0,40.0,117.0,113.44410677501307
24,2024-07-29 23:00:00,1403/05/09,115,SO,3,30,28.0,13.8,8.5,118.0,117.5,1.706340171,24,0,7,2024,114.0,80.0,116.0,112.36902308942987
1,2024-07-30 00:00:00,1403/05/09,115,SO,3,28,30.0,13.8,8.6,118.0,119.2,1.445427607,1,1,7,2024,116.0,115.0,118.0,115.42417642654289
2,2024-07-30 01:00:00,1403/05/09,115,SO,3,27,31.0,13.8,8.6,118.0,119.2,1.242040422,2,1,7,2024,116.0,115.0,118.0,115.23655053302515
3,2024-07-30 02:00:00,1403/05/09,116,SO,3,27,32.0,13.0,8.2,118.0,120.0,1.083457692,3,1,7,2024,116.0,116.0,118.0,115.40837372948758
4,2024-07-30 03:00:00,1403/05/09,110,SO,3,27,33.0,13.0,8.2,118.0,120.0,0.967930109,4,1,7,2024,116.0,117.0,119.0,115.12982895857873
5,2024-07-30 04:00:00,1403/05/09,112,SO,3,27,33.0,13.0,8.2,118.0,120.0,0.918743377,5,1,7,2024,118.0,100.0,119.0,113.50857245967202
6,2024-07-30 05:00:00,1403/05/09,113,SO,3,28,34.0,13.0,8.2,118.0,120.0,0.929660921,6,1,7,2024,118.0,100.0,105.0,111.21689692886727
7,2024-07-30 06:00:00,1403/05/09,115,SO,3,29,34.0,13.8,8.6,118.0,118.3,0.999246666,7,1,7,2024,118.0,100.0,119.0,112.47030434406817
8,2024-07-30 07:00:00,1403/05/09,115,SO,3,33,20.0,13.8,8.6,118.0,115.9,1.151429179,8,1,7,2024,116.0,111.0,118.0,112.89806974759257
9,2024-07-30 08:00:00,1403/05/09,113,SO,3,39,16.0,13.8,8.6,118.0,114.2,1.434233781,9,1,7,2024,113.0,113.0,115.0,112.18932477248194
10,2024-07-30 09:00:00,1403/05/09,118,SO,3,38,13.0,13.8,8.6,118.0,112.6,1.838911583,10,1,7,2024,110.0,112.0,120.0,112.15207977502776
11,2024-07-30 10:00:00,1403/05/09,117,SO,3,41,11.0,13.1,8.3,118.0,111.8,2.286006401,11,1,7,2024,109.0,110.0,120.0,112.53493804078713
12,2024-07-30 11:00:00,1403/05/09,113,SO,3,42,12.0,13.1,8.3,118.0,110.9,2.704054301,12,1,7,2024,115.0,117.0,119.0,114.32147406671302
13,2024-07-30 12:00:00,1403/05/09,112,SO,3,42,10.0,13.1,8.3,118.0,110.1,2.947153472,13,1,7,2024,115.0,117.0,118.0,114.30482723462477
14,2024-07-30 13:00:00,1403/05/09,111,SO,3,43,10.0,13.1,8.3,118.0,110.1,3.049269054,14,1,7,2024,114.0,116.0,118.0,113.89017439129141
15,2024-07-30 14:00:00,1403/05/09,111,SO,3,43,11.0,13.1,8.3,118.0,110.1,3.039217438,15,1,7,2024,114.0,105.0,117.0,112.39870877412413
16,2024-07-30 15:00:00,1403/05/09,110,SO,3,41,12.0,13.1,8.3,118.0,110.1,2.914655851,16,1,7,2024,114.0,105.0,118.0,111.66098612921739
17,2024-07-30 16:00:00,1403/05/09,111,SO,3,39,16.0,13.1,8.3,118.0,110.9,2.681029875,17,1,7,2024,104.0,105.0,118.0,111.18186484797701
18,2024-07-30 17:00:00,1403/05/09,112,SO,3,37,20.0,13.1,8.3,118.0,111.8,2.600086862,18,1,7,2024,105.0,106.0,118.0,111.4732809251017
19,2024-07-30 18:00:00,1403/05/09,113,SO,3,35,29.0,13.8,8.7,118.0,113.4,2.574936531,19,1,7,2024,106.0,111.0,119.0,111.2154366577628
20,2024-07-30 19:00:00,1403/05/09,117,SO,3,34,32.0,13.8,8.7,118.0,114.2,2.511854396,20,1,7,2024,118.0,118.0,120.0,115.55131159175387
21,2024-07-30 20:00:00,1403/05/09,118,SO,3,33,36.0,13.8,8.7,118.0,115.0,2.478367431,21,1,7,2024,119.0,119.0,121.0,115.42795860712839
22,2024-07-30 21:00:00,1403/05/09,115,SO,3,32,38.0,13.8,8.7,118.0,115.9,2.434229604,22,1,7,2024,120.0,119.0,121.0,115.39641773062091
23,2024-07-30 22:00:00,1403/05/09,116,SO,3,31,40.0,13.3,8.7,118.0,116.7,2.132275302,23,1,7,2024,114.0,114.0,40.0,114.66312960861674
24,2024-07-30 23:00:00,1403/05/10,116,SO,3,31,42.0,13.8,8.6,118.0,117.5,1.771410388,24,1,7,2024,115.0,114.0,80.0,114.01160768174296
1,2024-07-31 00:00:00,1403/05/10,118,SO,3,29,48.0,13.3,8.7,118.0,119.2,1.488685574,1,2,7,2024,115.0,116.0,115.0,115.30682447175874
2,2024-07-31 01:00:00,1403/05/10,117,SO,3,29,48.0,13.3,8.7,118.0,119.2,1.273460371,2,2,7,2024,115.0,116.0,115.0,115.11919857824103
3,2024-07-31 02:00:00,1403/05/10,117,SO,3,29,46.0,13.3,8.7,118.0,120.0,1.105833031,3,2,7,2024,116.0,116.0,116.0,115.46631873022471
4,2024-07-31 03:00:00,1403/05/10,116,SO,3,28,46.0,13.3,8.7,118.0,120.0,0.985600287,4,2,7,2024,110.0,116.0,117.0,114.62802426559236
5,2024-07-31 04:00:00,1403/05/10,116,SO,3,27,47.0,13.3,8.7,118.0,120.0,0.934223664,5,2,7,2024,112.0,118.0,100.0,112.4432330180216
6,2024-07-31 05:00:00,1403/05/10,112,SO,3,28,45.0,13.3,8.7,118.0,120.0,0.945737815,6,2,7,2024,113.0,118.0,100.0,112.15127115595573
7,2024-07-31 06:00:00,1403/05/10,112,SO,3,30,43.0,13.1,8.6,118.0,118.3,1.019327018,7,2,7,2024,115.0,118.0,100.0,112.50011719538475
8,2024-07-31 07:00:00,1403/05/10,116,SO,3,32,35.0,13.1,8.6,118.0,115.9,1.180561814,8,2,7,2024,115.0,116.0,111.0,113.04973195163616
9,2024-07-31 08:00:00,1403/05/10,114,SO,3,36,23.0,13.1,8.6,118.0,114.2,1.482980313,9,2,7,2024,113.0,113.0,113.0,113.10618437234413
10,2024-07-31 09:00:00,1403/05/10,117,SO,3,38,19.0,13.1,8.6,118.0,112.6,1.922131241,10,2,7,2024,118.0,110.0,112.0,113.58237871310223
11,2024-07-31 10:00:00,1403/05/10,117,SO,3,40,15.0,13.3,8.6,118.0,111.8,2.420195423,11,2,7,2024,117.0,109.0,110.0,112.92100856318936
12,2024-07-31 11:00:00,1403/05/10,117,SO,3,41,10.0,13.3,8.6,118.0,110.9,2.891548002,12,2,7,2024,113.0,115.0,117.0,113.97873387665635
13,2024-07-31 12:00:00,1403/05/10,116,SO,3,42,11.0,13.3,8.6,118.0,110.1,3.175844741,13,2,7,2024,112.0,115.0,117.0,113.69615229748774
14,2024-07-31 13:00:00,1403/05/10,116,SO,3,41,12.0,13.3,8.6,118.0,110.1,3.31757713,14,2,7,2024,111.0,114.0,116.0,113.30006664011597
15,2024-07-31 14:00:00,1403/05/10,116,SO,3,41,13.0,13.2,8.6,118.0,110.1,3.311188138,15,2,7,2024,111.0,114.0,105.0,111.81620099700348
16,2024-07-31 15:00:00,1403/05/10,116,SO,3,40,16.0,13.2,8.6,118.0,110.1,3.166346903,16,2,7,2024,110.0,114.0,105.0,112.70864378705
17,2024-07-31 16:00:00,1403/05/10,116,SO,3,39,21.0,13.2,8.6,118.0,110.9,2.885929475,17,2,7,2024,111.0,104.0,105.0,112.49985505988445
18,2024-07-31 17:00:00,1403/05/10,117,SO,3,38,23.0,13.2,8.6,118.0,111.8,2.786106309,18,2,7,2024,112.0,105.0,106.0,113.38376621184364
19,2024-07-31 18:00:00,1403/05/10,117,SO,3,36,27.0,13.0,9.0,118.0,113.4,2.740627233,19,2,7,2024,113.0,106.0,111.0,112.94578303859343
20,2024-07-31 19:00:00,1403/05/10,118,SO,3,34,31.0,13.0,9.0,118.0,114.2,2.660110536,20,2,7,2024,117.0,118.0,118.0,116.7235935737143
21,2024-07-31 20:00:00,1403/05/10,113,SO,3,33,31.0,13.0,9.0,118.0,115.0,2.609640644,21,2,7,2024,118.0,119.0,119.0,116.6485298651311
22,2024-07-31 21:00:00,1403/05/10,114,SO,3,31,31.0,13.0,9.0,118.0,115.9,2.545886794,22,2,7,2024,115.0,120.0,119.0,116.03185822479968
23,2024-07-31 22:00:00,1403/05/10,116,SO,3,30,30.0,13.0,8.6,118.0,116.7,2.213811851,23,2,7,2024,116.0,114.0,114.0,115.8441131233359
24,2024-07-31 23:00:00,1403/05/11,116,SO,3,30,32.0,13.3,8.7,118.0,117.5,1.833139384,24,2,7,2024,116.0,115.0,114.0,115.88643208063702
1,2024-08-01 00:00:00,1403/05/11,114,SO,3,31,32.0,13.0,8.6,118.0,119.2,1.534954314,1,3,8,2024,118.0,115.0,116.0,116.7894821236562
2,2024-08-01 01:00:00,1403/05/11,115,SO,3,29,35.0,13.0,8.6,118.0,119.2,1.309306046,2,3,8,2024,117.0,115.0,116.0,116.61265743113185
3,2024-08-01 02:00:00,1403/05/11,116,SO,3,29,35.0,13.0,8.6,118.0,120.0,1.133444963,3,3,8,2024,117.0,116.0,116.0,116.99087736443465
4,2024-08-01 03:00:00,1403/05/11,116,SO,3,28,26.0,13.0,8.6,118.0,120.0,1.00695391,4,3,8,2024,116.0,110.0,116.0,116.08319297216376
5,2024-08-01 04:00:00,1403/05/11,117,SO,3,28,26.0,13.0,8.6,118.0,120.0,0.951022221,5,3,8,2024,116.0,112.0,118.0,115.78786909776485
6,2024-08-01 05:00:00,1403/05/11,117,SO,3,29,36.0,13.0,8.6,118.0,120.0,0.959610759,6,3,8,2024,112.0,113.0,118.0,114.62095733762249
7,2024-08-01 06:00:00,1403/05/11,117,SO,3,29,37.0,13.2,8.6,118.0,118.3,1.033114405,7,3,8,2024,112.0,115.0,118.0,114.94674483882787
8,2024-08-01 07:00:00,1403/05/11,116,SO,3,32,29.0,13.2,8.6,118.0,115.9,1.196601346,8,3,8,2024,116.0,115.0,116.0,115.4100567806976
9,2024-08-01 08:00:00,1403/05/11,114,SO,3,34,23.0,13.2,8.6,118.0,114.2,1.507446442,9,3,8,2024,114.0,113.0,113.0,114.32561776218446
10,2024-08-01 09:00:00,1403/05/11,113,SO,3,38,16.0,13.2,8.6,118.0,112.6,1.96714914,10,3,8,2024,117.0,118.0,110.0,115.00847501216913
11,2024-08-01 10:00:00,1403/05/11,116,SO,3,39,14.0,13.2,8.6,118.0,111.8,2.506686489,11,3,8,2024,117.0,117.0,109.0,115.27979573622494
12,2024-08-01 11:00:00,1403/05/11,116,SO,3,41,12.0,13.2,8.6,118.0,110.9,3.026745371,12,3,8,2024,117.0,113.0,115.0,115.38701496257917
13,2024-08-01 12:00:00,1403/05/11,115,SO,3,43,12.0,12.3,8.0,118.0,110.1,3.362651694,13,3,8,2024,116.0,112.0,115.0,114.9145329660862
14,2024-08-01 13:00:00,1403/05/11,115,SO,3,41,15.0,12.3,8.0,118.0,110.1,3.528565465,14,3,8,2024,116.0,111.0,114.0,114.77760680219885
15,2024-08-01 14:00:00,1403/05/11,111,SO,3,41,13.0,12.3,8.0,118.0,110.1,3.512344792,15,3,8,2024,116.0,111.0,114.0,114.51230376668022
16,2024-08-01 15:00:00,1403/05/11,106,SO,3,41,13.0,12.3,8.0,118.0,110.1,3.332233114,16,3,8,2024,116.0,110.0,114.0,113.49674760699858
17,2024-08-01 16:00:00,1403/05/11,106,SO,3,41,13.0,12.3,8.0,118.0,110.9,3.008980431,17,3,8,2024,116.0,111.0,104.0,112.1111034797226
18,2024-08-01 17:00:00,1403/05/11,105,SO,3,39,16.0,12.3,8.0,118.0,111.8,2.897040551,18,3,8,2024,117.0,112.0,105.0,112.56350710629083
19,2024-08-01 18:00:00,1403/05/11,106,SO,3,37,15.0,13.5,8.8,118.0,113.4,2.842574077,19,3,8,2024,117.0,113.0,106.0,111.70148081038819
20,2024-08-01 19:00:00,1403/05/11,118,SO,3,36,16.0,13.5,8.8,118.0,114.2,2.751592382,20,3,8,2024,118.0,117.0,118.0,114.86754471044976
21,2024-08-01 20:00:00,1403/05/11,119,SO,3,35,17.0,13.5,8.8,118.0,115.0,2.690474802,21,3,8,2024,113.0,118.0,119.0,113.61181751575468
22,2024-08-01 21:00:00,1403/05/11,121,SO,3,32,18.0,13.5,8.8,118.0,115.9,2.617336795,22,3,8,2024,114.0,115.0,120.0,113.28332852200862
23,2024-08-01 22:00:00,1403/05/11,114,SO,3,30,20.0,13.2,8.6,118.0,116.7,2.261735865,23,3,8,2024,116.0,116.0,114.0,115.02734893782656
24,2024-08-01 23:00:00,1403/05/12,114,SO,3,30,21.0,13.0,8.6,118.0,117.5,1.776132852,24,3,8,2024,116.0,116.0,115.0,114.95284841318752
1,2024-08-02 00:00:00,1403/05/12,115,SO,3,29,19.0,13.2,8.6,118.0,119.2,1.483857744,1,4,8,2024,114.0,118.0,115.0,114.9763152477378
2,2024-08-02 01:00:00,1403/05/12,115,SO,3,29,19.0,13.2,8.6,118.0,119.2,1.264614245,2,4,8,2024,115.0,117.0,115.0,114.98631943611429
3,2024-08-02 02:00:00,1403/05/12,116,SO,3,26,21.0,13.4,8.7,118.0,120.0,1.092393243,3,4,8,2024,116.0,117.0,116.0,115.44877209248402
4,2024-08-02 03:00:00,1403/05/12,116,SO,3,25,32.0,13.4,8.7,118.0,120.0,0.969435282,4,4,8,2024,116.0,116.0,110.0,113.82286390074225
5,2024-08-02 04:00:00,1403/05/12,118,SO,3,26,24.0,13.4,8.7,118.0,120.0,0.914372375,5,4,8,2024,117.0,116.0,112.0,114.93186038186417
6,2024-08-02 05:00:00,1403/05/12,118,SO,3,25,26.0,13.4,8.7,118.0,120.0,0.920759413,6,4,8,2024,117.0,112.0,113.0,113.70947595676202
7,2024-08-02 06:00:00,1403/05/12,118,SO,3,27,28.0,13.1,8.6,118.0,118.3,0.990370827,7,4,8,2024,117.0,112.0,115.0,114.02915105945546
8,2024-08-02 07:00:00,1403/05/12,117,SO,3,31,17.0,13.1,8.6,118.0,115.9,1.146510051,8,4,8,2024,116.0,116.0,115.0,113.86774173765963
9,2024-08-02 08:00:00,1403/05/12,113,SO,3,36,12.0,13.1,8.6,118.0,114.2,1.44424242,9,4,8,2024,114.0,114.0,113.0,112.83187758340841
10,2024-08-02 09:00:00,1403/05/12,111,SO,3,38,8.0,13.1,8.6,118.0,112.6,1.889419165,10,4,8,2024,113.0,117.0,118.0,113.64750241256891
11,2024-08-02 10:00:00,1403/05/12,118,SO,3,41,5.0,13.1,8.6,118.0,111.8,2.423496353,11,4,8,2024,116.0,117.0,117.0,114.53384384635689
12,2024-08-02 11:00:00,1403/05/12,117,SO,3,42,5.0,13.1,8.6,118.0,110.9,2.942009249,12,4,8,2024,116.0,117.0,113.0,114.16024806303237
13,2024-08-02 12:00:00,1403/05/12,117,SO,3,42,5.0,13.1,8.6,118.0,110.1,3.289364098,13,4,8,2024,115.0,116.0,112.0,114.18139030808311
14,2024-08-02 13:00:00,1403/05/12,116,SO,3,43,6.0,13.1,8.6,118.0,110.1,3.464163426,14,4,8,2024,115.0,116.0,111.0,113.05853049285662
15,2024-08-02 14:00:00,1403/05/12,116,SO,3,43,7.0,12.0,8.0,118.0,110.1,3.458469769,15,4,8,2024,111.0,116.0,111.0,112.03897715103078
16,2024-08-02 15:00:00,1403/05/12,105,SO,3,42,9.0,12.0,8.0,118.0,110.1,3.283078714,16,4,8,2024,106.0,116.0,110.0,111.66558492857703
17,2024-08-02 16:00:00,1403/05/12,105,SO,3,41,10.0,12.0,8.0,118.0,110.9,2.9633198,17,4,8,2024,106.0,116.0,111.0,111.38767684423271
18,2024-08-02 17:00:00,1403/05/12,106,SO,3,38,13.0,12.0,8.0,118.0,111.8,2.84526648,18,4,8,2024,105.0,117.0,112.0,112.22072304369455
19,2024-08-02 18:00:00,1403/05/12,111,SO,3,36,15.0,13.4,8.8,118.0,113.4,2.781398794,19,4,8,2024,106.0,117.0,113.0,111.20574343957509
20,2024-08-02 19:00:00,1403/05/12,112,SO,3,34,14.0,13.4,8.8,118.0,114.2,2.684360591,20,4,8,2024,118.0,118.0,117.0,115.37531950031811
21,2024-08-02 20:00:00,1403/05/12,120,SO,3,34,16.0,13.4,8.8,118.0,115.0,2.619299374,21,4,8,2024,119.0,113.0,118.0,114.71343784614069
22,2024-08-02 21:00:00,1403/05/12,120,SO,3,32,19.0,13.4,8.8,118.0,115.9,2.547665867,22,4,8,2024,121.0,114.0,115.0,114.39865200128708
23,2024-08-02 22:00:00,1403/05/12,114,SO,3,31,19.0,13.4,8.6,118.0,116.7,2.199818556,23,4,8,2024,114.0,116.0,116.0,114.61602206104524
24,2024-08-02 23:00:00,1403/05/13,114,SO,3,30,20.0,13.2,8.6,118.0,117.5,1.903342683,24,4,8,2024,114.0,116.0,116.0,114.88495219158257
1,2024-08-03 00:00:00,1403/05/13,116,SO,3,28,22.0,13.4,8.6,118.0,119.2,1.587736971,1,5,8,2024,115.0,114.0,118.0,115.35255616503557
2,2024-08-03 01:00:00,1403/05/13,116,SO,3,26,23.0,13.4,8.6,118.0,119.2,1.351153257,2,5,8,2024,115.0,115.0,117.0,115.33974966578832
3,2024-08-03 02:00:00,1403/05/13,116,SO,3,26,23.0,13.4,8.6,118.0,120.0,1.164388463,3,5,8,2024,116.0,116.0,117.0,115.72045133338467
4,2024-08-03 03:00:00,1403/05/13,117,SO,3,25,22.0,13.4,8.6,118.0,120.0,1.032434173,4,5,8,2024,116.0,116.0,116.0,115.66528283686006
5,2024-08-03 04:00:00,1403/05/13,119,SO,3,24,28.0,13.4,8.6,118.0,120.0,0.972575462,5,5,8,2024,118.0,117.0,116.0,115.6981749537259
6,2024-08-03 05:00:00,1403/05/13,114,SO,3,26,27.0,13.4,8.6,118.0,120.0,0.978292374,6,5,8,2024,118.0,117.0,112.0,114.36077993403507
7,2024-08-03 06:00:00,1403/05/13,120,SO,3,27,26.0,13.4,8.6,118.0,119.2,1.051740489,7,5,8,2024,118.0,117.0,112.0,114.36371494229064
8,2024-08-03 07:00:00,1403/05/13,118,SO,3,31,18.0,13.4,8.6,118.0,116.7,1.216762281,8,5,8,2024,117.0,116.0,116.0,114.65712471630908
9,2024-08-03 08:00:00,1403/05/13,115,SO,3,35,13.0,13.4,8.6,118.0,115.0,1.531182314,9,5,8,2024,113.0,114.0,114.0,113.06877671364265
10,2024-08-03 09:00:00,1403/05/13,113,SO,3,38,10.0,13.4,8.6,118.0,113.4,2.004710087,10,5,8,2024,111.0,113.0,117.0,112.75879667010204
11,2024-08-03 10:00:00,1403/05/13,118,SO,3,40,7.0,13.2,8.7,118.0,112.6,2.587539863,11,5,8,2024,118.0,116.0,117.0,115.0214616061102
12,2024-08-03 11:00:00,1403/05/13,118,SO,3,42,6.0,13.2,8.7,118.0,112.6,3.169842198,12,5,8,2024,117.0,116.0,117.0,115.16344337131468
13,2024-08-03 12:00:00,1403/05/13,117,SO,3,42,6.0,13.2,8.7,118.0,111.8,3.573636658,13,5,8,2024,117.0,115.0,116.0,114.76668999274985
14,2024-08-03 13:00:00,1403/05/13,117,SO,3,42,7.0,13.2,8.7,118.0,111.8,3.769604016,14,5,8,2024,116.0,115.0,116.0,114.26229551376323
15,2024-08-03 14:00:00,1403/05/13,106,SO,3,41,10.0,12.2,8.1,118.0,110.9,3.756441518,15,5,8,2024,116.0,111.0,116.0,113.54452449235603
16,2024-08-03 15:00:00,1403/05/13,106,SO,3,41,8.0,12.2,8.1,118.0,110.9,3.534160283,16,5,8,2024,105.0,106.0,116.0,111.66653778550105
17,2024-08-03 16:00:00,1403/05/13,107,SO,3,40,10.0,12.2,8.1,118.0,111.8,3.17364573,17,5,8,2024,105.0,106.0,116.0,111.51170433130656
18,2024-08-03 17:00:00,1403/05/13,112,SO,3,37,13.0,12.2,8.1,118.0,113.4,3.039152312,18,5,8,2024,106.0,105.0,117.0,111.90191305316989
19,2024-08-03 18:00:00,1403/05/13,119,SO,3,35,16.0,13.8,8.8,118.0,115.0,2.963684815,19,5,8,2024,111.0,106.0,117.0,111.4717789435641
20,2024-08-03 19:00:00,1403/05/13,120,SO,3,33,18.0,13.8,8.8,118.0,115.9,2.851967386,20,5,8,2024,112.0,118.0,118.0,114.16365296322762
21,2024-08-03 20:00:00,1403/05/13,121,SO,3,33,18.0,13.8,8.8,118.0,116.7,2.777437492,21,5,8,2024,120.0,119.0,113.0,115.76328743382385
22,2024-08-03 21:00:00,1403/05/13,120,SO,3,30,20.0,13.8,8.8,118.0,117.5,2.692627199,22,5,8,2024,120.0,121.0,114.0,116.46126079599347
23,2024-08-03 22:00:00,1403/05/13,115,SO,3,33,22.0,13.4,8.7,118.0,118.3,2.322438837,23,5,8,2024,114.0,114.0,116.0,115.44219359207406
24,2024-08-03 23:00:00,1403/05/14,117,SO,3,32,25.0,13.4,8.6,118.0,118.3,1.916862308,24,5,8,2024,114.0,114.0,116.0,115.36284799516648
1,2024-08-04 00:00:00,1403/05/14,117,SO,3,32,20.0,13.4,8.7,118.0,119.2,1.601953174,1,6,8,2024,116.0,115.0,114.0,115.90325679919751
2,2024-08-04 01:00:00,1403/05/14,117,SO,3,32,21.0,13.4,8.7,118.0,119.2,1.365258676,2,6,8,2024,116.0,115.0,115.0,115.82277556578285
3,2024-08-04 02:00:00,1403/05/14,117,SO,3,28,24.0,13.4,8.8,118.0,120.0,1.17684557,3,6,8,2024,116.0,116.0,116.0,116.60648974041936
4,2024-08-04 03:00:00,1403/05/14,119,SO,3,23,24.0,13.4,8.8,118.0,120.0,1.044541482,4,6,8,2024,117.0,116.0,116.0,117.08262858550137
5,2024-08-04 04:00:00,1403/05/14,119,SO,3,22,26.0,13.4,8.8,118.0,120.0,0.984447882,5,6,8,2024,119.0,118.0,117.0,116.79899388535524
6,2024-08-04 05:00:00,1403/05/14,119,SO,3,23,26.0,13.4,8.8,118.0,120.0,0.990866917,6,6,8,2024,114.0,118.0,117.0,115.43779051474381
7,2024-08-04 06:00:00,1403/05/14,119,SO,3,26,23.0,13.3,8.7,118.0,119.2,1.064199464,7,6,8,2024,120.0,118.0,117.0,116.21881282533388
8,2024-08-04 07:00:00,1403/05/14,117,SO,3,31,15.0,13.3,8.7,118.0,116.7,1.228332989,8,6,8,2024,118.0,117.0,116.0,115.76945443608923
9,2024-08-04 08:00:00,1403/05/14,115,SO,3,34,9.0,13.3,8.7,118.0,115.0,1.536135935,9,6,8,2024,115.0,113.0,114.0,114.53204191339765
10,2024-08-04 09:00:00,1403/05/14,120,SO,3,36,8.0,13.3,8.7,118.0,113.4,1.991806063,10,6,8,2024,113.0,111.0,113.0,113.90906131693836
11,2024-08-04 10:00:00,1403/05/14,120,SO,3,39,6.0,13.3,8.7,118.0,112.6,2.525305456,11,6,8,2024,118.0,118.0,116.0,116.24893685359064
12,2024-08-04 11:00:00,1403/05/14,119,SO,3,40,6.0,13.3,8.7,118.0,112.6,3.041626504,12,6,8,2024,118.0,117.0,116.0,116.17271307196526
13,2024-08-04 12:00:00,1403/05/14,118,SO,3,41,6.0,13.3,8.7,118.0,111.8,3.391649461,13,6,8,2024,117.0,117.0,115.0,115.94719268415906
14,2024-08-04 13:00:00,1403/05/14,118,SO,3,40,8.0,13.3,8.7,118.0,111.8,3.573608823,14,6,8,2024,117.0,116.0,115.0,115.92512938277909
15,2024-08-04 14:00:00,1403/05/14,118,SO,3,40,9.0,13.5,8.7,118.0,110.9,3.581245299,15,6,8,2024,106.0,116.0,111.0,114.43420892459889
16,2024-08-04 15:00:00,1403/05/14,117,SO,3,40,9.0,13.5,8.7,118.0,110.9,3.41116271,16,6,8,2024,106.0,105.0,106.0,113.84492100736499
17,2024-08-04 16:00:00,1403/05/14,118,SO,3,39,11.0,13.5,8.7,118.0,111.8,3.09887343,17,6,8,2024,107.0,105.0,106.0,114.58676413100737
18,2024-08-04 17:00:00,1403/05/14,119,SO,3,37,13.0,13.5,8.7,118.0,113.4,2.989830879,18,6,8,2024,112.0,106.0,105.0,114.70580886564741
19,2024-08-04 18:00:00,1403/05/14,119,SO,3,35,16.0,13.8,8.8,118.0,115.0,2.922269973,19,6,8,2024,119.0,111.0,106.0,115.70640015370189
20,2024-08-04 19:00:00,1403/05/14,120,SO,3,34,18.0,13.8,8.8,118.0,115.9,2.800053341,20,6,8,2024,120.0,112.0,118.0,116.52521066861486
21,2024-08-04 20:00:00,1403/05/14,121,SO,3,32,21.0,13.8,8.8,118.0,116.7,2.709804299,21,6,8,2024,121.0,120.0,119.0,117.61583266116587
22,2024-08-04 21:00:00,1403/05/14,119,SO,3,31,20.0,13.8,8.8,118.0,117.5,2.609958883,22,6,8,2024,120.0,120.0,121.0,117.61583266116587
23,2024-08-04 22:00:00,1403/05/14,115,SO,3,29,20.0,13.3,8.7,118.0,118.3,2.258726311,23,6,8,2024,115.0,114.0,114.0,116.72044659402646
24,2024-08-04 23:00:00,1403/05/15,115,SO,3,28,21.0,13.4,8.7,118.0,118.3,1.879024915,24,6,8,2024,117.0,114.0,114.0,117.22169309591126
1,2024-08-05 00:00:00,1403/05/15,117,SO,3,27,22.0,13.3,8.7,118.0,119.2,1.587740247,1,0,8,2024,117.0,116.0,115.0,118.5561733433079
2,2024-08-05 01:00:00,1403/05/15,118,SO,3,27,24.0,13.3,8.7,118.0,119.2,1.362833814,2,0,8,2024,117.0,116.0,115.0,118.36854744979019
3,2024-08-05 02:00:00,1403/05/15,118,SO,3,24,26.0,13.5,8.8,118.0,120.0,1.180370536,3,0,8,2024,117.0,116.0,116.0,118.66572455472354
4,2024-08-05 03:00:00,1403/05/15,118,SO,3,24,26.0,13.5,8.8,118.0,120.0,1.049291448,4,0,8,2024,119.0,117.0,116.0,118.72817776620707
5,2024-08-05 04:00:00,1403/05/15,119,SO,3,23,27.0,13.5,8.8,118.0,120.0,0.987509078,5,0,8,2024,119.0,119.0,118.0,118.45808152800605
6,2024-08-05 05:00:00,1403/05/15,120,SO,3,23,28.0,13.5,8.8,118.0,120.0,0.989043396,6,0,8,2024,119.0,114.0,118.0,117.19125228094796
7,2024-08-05 06:00:00,1403/05/15,119,SO,3,27,23.0,13.4,8.7,118.0,119.2,1.053876152,7,0,8,2024,119.0,120.0,118.0,117.72293964081123
8,2024-08-05 07:00:00,1403/05/15,118,SO,3,31,17.0,13.4,8.7,118.0,116.7,1.200664378,8,0,8,2024,117.0,118.0,117.0,117.24831602687728
9,2024-08-05 08:00:00,1403/05/15,115,SO,3,34,10.0,13.4,8.7,118.0,115.0,1.470419534,9,0,8,2024,115.0,115.0,113.0,115.85189374880304
10,2024-08-05 09:00:00,1403/05/15,113,SO,3,37,9.0,13.4,8.7,118.0,113.4,1.85220206,10,0,8,2024,120.0,113.0,111.0,115.87959411533309
11,2024-08-05 10:00:00,1403/05/15,118,SO,3,39,6.0,13.4,8.7,118.0,112.6,2.269530698,11,0,8,2024,120.0,118.0,118.0,117.12198806741561
12,2024-08-05 11:00:00,1403/05/15,118,SO,3,40,5.0,13.4,8.7,118.0,112.6,2.671280741,12,0,8,2024,119.0,118.0,117.0,117.37850356341424
13,2024-08-05 12:00:00,1403/05/15,117,SO,3,40,5.0,13.4,8.7,118.0,111.8,2.953254906,13,0,8,2024,118.0,117.0,117.0,117.23551435687273
14,2024-08-05 13:00:00,1403/05/15,117,SO,3,41,5.0,13.4,8.7,118.0,111.8,3.129869994,14,0,8,2024,118.0,117.0,116.0,117.16259477240075
15,2024-08-05 14:00:00,1403/05/15,117,SO,3,41,8.0,13.7,8.7,118.0,110.9,3.201988035,15,0,8,2024,118.0,106.0,116.0,116.00560252089751
16,2024-08-05 15:00:00,1403/05/15,116,SO,3,41,9.0,13.7,8.7,118.0,110.9,3.123404165,16,0,8,2024,117.0,106.0,105.0,115.02635279875915
17,2024-08-05 16:00:00,1403/05/15,117,SO,3,39,11.0,13.7,8.7,118.0,111.8,2.878536407,17,0,8,2024,118.0,107.0,105.0,114.8847414313666
18,2024-08-05 17:00:00,1403/05/15,112,SO,3,38,14.0,13.7,8.7,118.0,113.4,2.794876463,18,0,8,2024,119.0,112.0,106.0,115.11889634206875
19,2024-08-05 18:00:00,1403/05/15,112,SO,3,35,16.0,13.3,8.6,118.0,115.0,2.73158896,19,0,8,2024,119.0,119.0,111.0,115.44562560396186
20,2024-08-05 19:00:00,1403/05/15,113,SO,3,35,18.0,13.3,8.6,118.0,115.9,2.61139842,20,0,8,2024,120.0,120.0,112.0,115.97514953394248
21,2024-08-05 20:00:00,1403/05/15,115,SO,3,32,18.0,13.3,8.6,118.0,116.7,2.51535722,21,0,8,2024,121.0,121.0,120.0,116.40644149014516
22,2024-08-05 21:00:00,1403/05/15,115,SO,3,31,19.0,13.3,8.6,118.0,117.5,2.422461339,22,0,8,2024,119.0,120.0,120.0,116.36228952675755
23,2024-08-05 22:00:00,1403/05/15,116,SO,3,31,20.0,13.3,8.7,118.0,118.3,2.112118212,23,0,8,2024,115.0,115.0,114.0,115.75083992817432
24,2024-08-05 23:00:00,1403/05/16,116,SO,3,30,20.0,13.3,8.7,118.0,118.3,1.772592753,24,0,8,2024,115.0,117.0,114.0,116.07758038669877
1,2024-08-06 00:00:00,1403/05/16,117,SO,3,29,23.0,13.3,8.7,118.0,119.2,1.510777562,1,1,8,2024,117.0,117.0,116.0,117.75119004969991
2,2024-08-06 01:00:00,1403/05/16,116,SO,3,29,21.0,13.3,8.7,118.0,119.2,1.308292858,2,1,8,2024,118.0,117.0,116.0,117.51422408166299
3,2024-08-06 02:00:00,1403/05/16,116,SO,3,29,21.0,13.5,8.8,118.0,120.0,1.143827517,3,1,8,2024,118.0,117.0,116.0,117.5165214360597
4,2024-08-06 03:00:00,1403/05/16,117,SO,3,27,23.0,13.5,8.8,118.0,120.0,1.024682106,4,1,8,2024,118.0,119.0,117.0,117.75898823044182
5,2024-08-06 04:00:00,1403/05/16,119,SO,3,25,25.0,13.5,8.8,118.0,120.0,0.970507613,5,1,8,2024,119.0,119.0,119.0,117.49419453836984
6,2024-08-06 05:00:00,1403/05/16,112,SO,3,25,27.0,13.5,8.8,118.0,120.0,0.975868891,6,1,8,2024,120.0,119.0,114.0,116.31200363889673
7,2024-08-06 06:00:00,1403/05/16,112,SO,3,28,23.0,13.6,8.7,118.0,119.2,1.040394643,7,1,8,2024,119.0,119.0,120.0,116.35306557373235
8,2024-08-06 07:00:00,1403/05/16,118,SO,3,30,16.0,13.6,8.7,118.0,116.7,1.181868559,8,1,8,2024,118.0,117.0,118.0,116.03760389762644
9,2024-08-06 08:00:00,1403/05/16,114,SO,3,35,11.0,13.6,8.7,118.0,115.0,1.436799141,9,1,8,2024,115.0,115.0,115.0,114.69778645824053
10,2024-08-06 09:00:00,1403/05/16,113,SO,3,36,10.0,13.6,8.7,118.0,113.4,1.786210349,10,1,8,2024,113.0,120.0,113.0,114.38818939672377
11,2024-08-06 10:00:00,1403/05/16,112,SO,3,38,9.0,13.5,8.8,118.0,112.6,2.155208817,11,1,8,2024,118.0,120.0,118.0,115.55254654680863
12,2024-08-06 11:00:00,1403/05/16,118,SO,3,40,7.0,13.5,8.8,118.0,112.6,2.50237222,12,1,8,2024,118.0,119.0,118.0,115.57370228235364
13,2024-08-06 12:00:00,1403/05/16,118,SO,3,41,7.0,13.5,8.8,118.0,111.8,2.729161584,13,1,8,2024,117.0,118.0,117.0,116.00206202329733
14,2024-08-06 13:00:00,1403/05/16,118,SO,3,41,8.0,13.5,8.8,118.0,111.8,2.86328272,14,1,8,2024,117.0,118.0,117.0,115.97999872191735
15,2024-08-06 14:00:00,1403/05/16,118,SO,3,40,9.0,13.5,8.8,118.0,110.9,2.936983293,15,1,8,2024,117.0,118.0,106.0,114.52240072315115
16,2024-08-06 15:00:00,1403/05/16,118,SO,3,40,10.0,13.5,8.8,118.0,110.9,2.918085027,16,1,8,2024,116.0,117.0,106.0,113.82621650980181
17,2024-08-06 16:00:00,1403/05/16,118,SO,3,38,18.0,13.5,8.8,118.0,111.8,2.755202311,17,1,8,2024,117.0,118.0,107.0,114.38095799792744
18,2024-08-06 17:00:00,1403/05/16,114,SO,3,36,21.0,13.5,8.8,118.0,113.4,2.710968528,18,1,8,2024,112.0,119.0,112.0,114.40941490744622
19,2024-08-06 18:00:00,1403/05/16,112,SO,3,35,27.0,13.1,8.5,118.0,115.0,2.66321778,19,1,8,2024,112.0,119.0,119.0,114.42216272750939
20,2024-08-06 19:00:00,1403/05/16,112,SO,3,34,25.0,13.1,8.5,118.0,115.9,2.551054345,20,1,8,2024,113.0,120.0,120.0,114.59542569512514
21,2024-08-06 20:00:00,1403/05/16,119,SO,3,33,37.0,13.1,8.5,118.0,116.7,2.453358942,21,1,8,2024,115.0,121.0,121.0,116.0195592755585
22,2024-08-06 21:00:00,1403/05/16,114,SO,3,32,40.0,13.1,8.5,118.0,117.5,2.351160207,22,1,8,2024,115.0,119.0,120.0,115.9754073121709
23,2024-08-06 22:00:00,1403/05/16,116,SO,3,31,43.0,13.4,8.6,118.0,118.3,2.049053626,23,1,8,2024,116.0,115.0,115.0,115.96140372807169
24,2024-08-06 23:00:00,1403/05/17,116,SO,3,31,44.0,13.3,8.7,118.0,118.3,1.72611055,24,1,8,2024,116.0,115.0,117.0,116.09966038386526
1,2024-08-07 00:00:00,1403/05/17,115,SO,3,30,42.0,13.4,8.6,118.0,119.2,1.476337375,1,2,8,2024,117.0,117.0,117.0,117.11052367186858
2,2024-08-07 01:00:00,1403/05/17,116,SO,3,28,42.0,13.4,8.6,118.0,119.2,1.281892705,2,2,8,2024,116.0,118.0,117.0,116.55986406616447
3,2024-08-07 02:00:00,1403/05/17,116,SO,3,27,43.0,13.4,8.6,118.0,120.0,1.127042811,3,2,8,2024,116.0,118.0,117.0,116.64013756273926
4,2024-08-07 03:00:00,1403/05/17,117,SO,3,26,43.0,13.4,8.6,118.0,120.0,1.013472135,4,2,8,2024,117.0,118.0,119.0,117.14211863651383
5,2024-08-07 04:00:00,1403/05/17,118,SO,3,26,43.0,13.4,8.6,118.0,120.0,0.962236935,5,2,8,2024,119.0,119.0,119.0,116.8834965230043
6,2024-08-07 05:00:00,1403/05/17,118,SO,3,26,43.0,13.4,8.6,118.0,120.0,0.968619593,6,2,8,2024,112.0,120.0,119.0,115.3340053085081
7,2024-08-07 06:00:00,1403/05/17,118,SO,3,29,39.0,13.2,8.7,118.0,119.2,1.033060913,7,2,8,2024,112.0,119.0,119.0,115.41554065506176
8,2024-08-07 07:00:00,1403/05/17,117,SO,3,32,33.0,13.2,8.7,118.0,116.7,1.170874001,8,2,8,2024,118.0,118.0,117.0,116.28892573921657
9,2024-08-07 08:00:00,1403/05/17,114,SO,3,35,21.0,13.2,8.7,118.0,115.0,1.415352759,9,2,8,2024,114.0,115.0,115.0,114.75025131411896
10,2024-08-07 09:00:00,1403/05/17,119,SO,3,37,15.0,13.2,8.7,118.0,113.4,1.736548596,10,2,8,2024,113.0,113.0,120.0,114.70533632453638
11,2024-08-07 10:00:00,1403/05/17,119,SO,3,39,16.0,13.0,8.7,118.0,112.6,2.066585968,11,2,8,2024,112.0,118.0,120.0,115.66403795302983
12,2024-08-07 11:00:00,1403/05/17,118,SO,3,40,8.0,13.0,8.7,118.0,112.6,2.368188113,12,2,8,2024,118.0,118.0,119.0,116.64322061837066
13,2024-08-07 12:00:00,1403/05/17,117,SO,3,41,9.0,13.0,8.7,118.0,111.8,2.560295836,13,2,8,2024,118.0,117.0,118.0,116.56699683674532
14,2024-08-07 13:00:00,1403/05/17,116,SO,3,41,11.0,13.0,8.7,118.0,111.8,2.691986927,14,2,8,2024,118.0,117.0,118.0,116.52707795483079
15,2024-08-07 14:00:00,1403/05/17,116,SO,3,41,12.0,13.3,8.7,118.0,110.9,2.784759119,15,2,8,2024,118.0,117.0,118.0,116.46248254815053
16,2024-08-07 15:00:00,1403/05/17,117,SO,3,40,15.0,13.3,8.7,118.0,110.9,2.784273862,16,2,8,2024,118.0,116.0,117.0,116.39220767978405
17,2024-08-07 16:00:00,1403/05/17,117,SO,3,39,18.0,13.3,8.7,118.0,111.8,2.63819011,17,2,8,2024,118.0,117.0,118.0,116.27737124691399
18,2024-08-07 17:00:00,1403/05/17,117,SO,3,37,28.0,13.3,8.7,118.0,113.4,2.603213928,18,2,8,2024,114.0,112.0,119.0,115.06592261328123
19,2024-08-07 18:00:00,1403/05/17,117,SO,3,36,32.0,13.2,8.7,118.0,115.0,2.565162109,19,2,8,2024,112.0,112.0,119.0,114.09116573307527
20,2024-08-07 19:00:00,1403/05/17,118,SO,3,34,33.0,13.2,8.7,118.0,115.9,2.465775111,20,2,8,2024,112.0,113.0,120.0,114.22215435378374
21,2024-08-07 20:00:00,1403/05/17,118,SO,3,34,37.0,13.2,8.7,118.0,116.7,2.378934821,21,2,8,2024,119.0,115.0,121.0,116.08056821567607
22,2024-08-07 21:00:00,1403/05/17,114,SO,3,33,38.0,13.2,8.7,118.0,117.5,2.276158816,22,2,8,2024,114.0,115.0,119.0,114.40537524774678
23,2024-08-07 22:00:00,1403/05/17,114,SO,3,32,37.0,13.1,8.6,118.0,118.3,1.981338822,23,2,8,2024,116.0,116.0,115.0,116.11998735697719
24,2024-08-07 23:00:00,1403/05/18,114,SO,3,31,38.0,13.4,8.6,118.0,118.3,1.672427918,24,2,8,2024,116.0,116.0,115.0,116.24706457738694
1,2024-08-08 00:00:00,1403/05/18,114,SO,3,31,38.0,13.1,8.6,118.0,119.2,1.435307459,1,3,8,2024,115.0,117.0,117.0,116.97558549534018
2,2024-08-08 01:00:00,1403/05/18,115,SO,3,30,33.0,13.1,8.6,118.0,119.2,1.249600442,2,3,8,2024,116.0,116.0,118.0,116.95527595209296
3,2024-08-08 02:00:00,1403/05/18,115,SO,3,28,35.0,13.1,8.7,118.0,120.0,1.10252498,3,3,8,2024,116.0,116.0,118.0,116.94560644678984
4,2024-08-08 03:00:00,1403/05/18,116,SO,3,28,40.0,13.1,8.7,118.0,120.0,0.993176059,4,3,8,2024,117.0,117.0,118.0,117.36800310318935
5,2024-08-08 04:00:00,1403/05/18,117,SO,3,28,45.0,13.1,8.7,118.0,120.0,0.941965078,5,3,8,2024,118.0,119.0,119.0,117.08920905820631
6,2024-08-08 05:00:00,1403/05/18,117,SO,3,29,41.0,13.1,8.7,118.0,120.0,0.944729667,6,3,8,2024,118.0,112.0,120.0,115.80848242378542
7,2024-08-08 06:00:00,1403/05/18,117,SO,3,31,38.0,13.1,8.6,118.0,119.2,1.002389528,7,3,8,2024,118.0,112.0,119.0,115.74510057011528
8,2024-08-08 07:00:00,1403/05/18,115,SO,3,34,26.0,13.1,8.6,118.0,116.7,1.127216565,8,3,8,2024,117.0,118.0,118.0,116.43373877826002
9,2024-08-08 08:00:00,1403/05/18,118,SO,3,36,20.0,13.1,8.6,118.0,115.0,1.351969499,9,3,8,2024,114.0,114.0,115.0,114.69973623854649
10,2024-08-08 09:00:00,1403/05/18,118,SO,3,38,19.0,13.1,8.6,118.0,113.4,1.653289137,10,3,8,2024,119.0,113.0,113.0,115.29269306516113
11,2024-08-08 10:00:00,1403/05/18,118,SO,3,39,15.0,13.1,8.6,118.0,112.6,1.980308265,11,3,8,2024,119.0,112.0,118.0,116.01416349205174
12,2024-08-08 11:00:00,1403/05/18,117,SO,3,41,11.0,13.1,8.6,118.0,112.6,2.310045923,12,3,8,2024,118.0,118.0,118.0,116.5881107393597
13,2024-08-08 12:00:00,1403/05/18,116,SO,3,42,10.0,13.1,8.6,118.0,111.8,2.569092094,13,3,8,2024,117.0,118.0,117.0,116.73009250456417
14,2024-08-08 13:00:00,1403/05/18,116,SO,3,42,11.0,13.1,8.6,118.0,111.8,2.743243226,14,3,8,2024,116.0,118.0,117.0,116.19728506305422
15,2024-08-08 14:00:00,1403/05/18,116,SO,3,41,15.0,13.4,8.6,118.0,110.9,2.825742135,15,3,8,2024,116.0,118.0,117.0,116.01782679386662
16,2024-08-08 15:00:00,1403/05/18,116,SO,3,41,17.0,13.4,8.6,118.0,110.9,2.757740177,16,3,8,2024,117.0,118.0,116.0,116.38032087984098
17,2024-08-08 16:00:00,1403/05/18,116,SO,3,40,23.0,13.4,8.6,118.0,111.8,2.567325156,17,3,8,2024,117.0,118.0,117.0,116.64741634610951
18,2024-08-08 17:00:00,1403/05/18,115,SO,3,37,33.0,13.4,8.6,118.0,113.4,2.519613666,18,3,8,2024,117.0,114.0,112.0,115.77161514292703
19,2024-08-08 18:00:00,1403/05/18,116,SO,3,36,46.0,12.9,8.7,118.0,115.0,2.48038699,19,3,8,2024,117.0,112.0,112.0,115.35573062867394
20,2024-08-08 19:00:00,1403/05/18,117,SO,3,33,50.0,12.9,8.7,118.0,115.9,2.394625851,20,3,8,2024,118.0,112.0,113.0,115.73547118007144
21,2024-08-08 20:00:00,1403/05/18,117,SO,3,33,51.0,12.9,8.7,118.0,116.7,2.328786351,21,3,8,2024,118.0,119.0,115.0,116.65664981798344
22,2024-08-08 21:00:00,1403/05/18,118,SO,3,31,55.0,12.9,8.7,118.0,117.5,2.238541412,22,3,8,2024,114.0,114.0,115.0,114.5066309467901
23,2024-08-08 22:00:00,1403/05/18,118,SO,3,31,56.0,12.3,8.6,118.0,118.3,1.947176025,23,3,8,2024,114.0,116.0,116.0,116.3477666413574
24,2024-08-08 23:00:00,1403/05/19,117,SO,3,31,55.0,13.1,8.6,118.0,118.3,1.562320268,24,3,8,2024,114.0,116.0,116.0,116.24203696978819
1,2024-08-09 00:00:00,1403/05/19,115,SO,3,29,54.0,12.3,8.6,118.0,119.2,1.338297458,1,4,8,2024,114.0,115.0,117.0,116.22077905786247
2,2024-08-09 01:00:00,1403/05/19,116,SO,3,29,52.0,12.3,8.6,118.0,119.2,1.16281836,2,4,8,2024,115.0,116.0,116.0,116.72460897155833
3,2024-08-09 02:00:00,1403/05/19,118,SO,3,27,65.0,12.7,8.8,118.0,120.0,1.025991177,3,4,8,2024,115.0,116.0,116.0,116.84087569767627
4,2024-08-09 03:00:00,1403/05/19,118,SO,3,27,68.0,12.7,8.8,118.0,120.0,0.925343594,4,4,8,2024,116.0,117.0,117.0,116.91245289692361
5,2024-08-09 04:00:00,1403/05/19,118,SO,3,27,68.0,12.7,8.8,118.0,120.0,0.877909179,5,4,8,2024,117.0,118.0,119.0,117.1679467013742
6,2024-08-09 05:00:00,1403/05/19,112,SO,3,27,66.0,12.7,8.8,118.0,120.0,0.879556144,6,4,8,2024,117.0,118.0,112.0,115.99381158333412
7,2024-08-09 06:00:00,1403/05/19,112,SO,3,28,61.0,12.4,8.6,118.0,119.2,0.933037347,7,4,8,2024,117.0,118.0,112.0,115.93150523458769
8,2024-08-09 07:00:00,1403/05/19,117,SO,3,30,41.0,12.4,8.6,118.0,116.7,1.049239192,8,4,8,2024,115.0,117.0,118.0,115.87439261557182
9,2024-08-09 08:00:00,1403/05/19,114,SO,3,34,44.0,12.4,8.6,118.0,115.0,1.260633848,9,4,8,2024,118.0,114.0,114.0,115.65863359661209
10,2024-08-09 09:00:00,1403/05/19,113,SO,3,35,42.0,12.4,8.6,118.0,113.4,1.552590789,10,4,8,2024,118.0,119.0,113.0,115.8458315683262
11,2024-08-09 10:00:00,1403/05/19,111,SO,3,37,26.0,12.4,8.6,118.0,112.6,1.883637476,11,4,8,2024,118.0,119.0,112.0,116.03216561689985
12,2024-08-09 11:00:00,1403/05/19,116,SO,3,39,23.0,12.4,8.6,118.0,112.6,2.217559886,12,4,8,2024,117.0,118.0,118.0,116.49099120506472
13,2024-08-09 12:00:00,1403/05/19,117,SO,3,40,22.0,12.4,8.6,118.0,111.8,2.470166254,13,4,8,2024,116.0,117.0,118.0,116.01116794341243
14,2024-08-09 13:00:00,1403/05/19,117,SO,3,41,20.0,12.4,8.6,118.0,111.8,2.624888792,14,4,8,2024,116.0,116.0,118.0,115.91934769525987
15,2024-08-09 14:00:00,1403/05/19,117,SO,3,41,20.0,12.4,8.6,118.0,110.9,2.668917737,15,4,8,2024,116.0,116.0,118.0,115.77588156432734
16,2024-08-09 15:00:00,1403/05/19,118,SO,3,39,23.0,12.4,8.6,118.0,110.9,2.580146863,16,4,8,2024,116.0,117.0,118.0,115.85420321259059
17,2024-08-09 16:00:00,1403/05/19,113,SO,3,37,25.0,12.4,8.6,118.0,111.8,2.406190708,17,4,8,2024,116.0,117.0,118.0,115.79732804377122
18,2024-08-09 17:00:00,1403/05/19,113,SO,3,35,31.0,12.4,8.6,118.0,113.4,2.367710621,18,4,8,2024,115.0,117.0,114.0,115.46360510386808
19,2024-08-09 18:00:00,1403/05/19,113,SO,3,35,32.0,12.5,8.8,118.0,115.0,2.340666296,19,4,8,2024,116.0,117.0,112.0,114.60311611228842
20,2024-08-09 19:00:00,1403/05/19,118,SO,3,33,37.0,12.5,8.8,118.0,115.9,2.280720169,20,4,8,2024,117.0,118.0,112.0,115.60463595985779
21,2024-08-09 20:00:00,1403/05/19,120,SO,3,32,40.0,12.5,8.8,118.0,116.7,2.22985993,21,4,8,2024,117.0,118.0,119.0,116.85994060276
22,2024-08-09 21:00:00,1403/05/19,121,SO,3,31,42.0,12.5,8.8,118.0,117.5,2.131859631,22,4,8,2024,118.0,114.0,114.0,116.29931464762593
23,2024-08-09 22:00:00,1403/05/19,122,SO,3,30,45.0,12.5,8.8,118.0,118.3,1.843652949,23,4,8,2024,118.0,114.0,116.0,116.92655550103535
24,2024-08-09 23:00:00,1403/05/20,119,SO,3,29,47.0,12.3,8.6,118.0,118.3,1.619615528,24,4,8,2024,117.0,114.0,116.0,116.9765855318358
1,2024-08-10 00:00:00,1403/05/20,118,SO,3,29,50.0,12.5,8.8,118.0,119.2,1.376090298,1,5,8,2024,115.0,114.0,115.0,116.24130697893598
2,2024-08-10 01:00:00,1403/05/20,118,SO,3,28,50.0,12.5,8.8,118.0,119.2,1.190234962,2,5,8,2024,116.0,115.0,116.0,116.43672634176798
3,2024-08-10 02:00:00,1403/05/20,110,SO,3,28,49.0,12.2,8.5,118.0,120.0,1.050615363,3,5,8,2024,118.0,115.0,116.0,116.78663708032568
4,2024-08-10 03:00:00,1403/05/20,110,SO,3,28,49.0,12.2,8.5,118.0,120.0,0.950492032,4,5,8,2024,118.0,116.0,117.0,116.92260629285866
5,2024-08-10 04:00:00,1403/05/20,112,SO,3,27,50.0,12.2,8.5,118.0,120.0,0.908132417,5,5,8,2024,118.0,117.0,118.0,116.53903188202825
6,2024-08-10 05:00:00,1403/05/20,112,SO,3,26,51.0,12.2,8.5,118.0,120.0,0.919236722,6,5,8,2024,112.0,117.0,118.0,114.91283348139203
7,2024-08-10 06:00:00,1403/05/20,112,SO,3,29,46.0,12.5,8.7,118.0,119.2,0.986750387,7,5,8,2024,112.0,117.0,118.0,114.86966051920632
8,2024-08-10 07:00:00,1403/05/20,117,SO,3,32,40.0,12.5,8.7,118.0,116.7,1.12630387,8,5,8,2024,117.0,115.0,117.0,115.44298422193468
9,2024-08-10 08:00:00,1403/05/20,114,SO,3,35,28.0,12.5,8.7,118.0,115.0,1.380844082,9,5,8,2024,114.0,118.0,114.0,114.79362799875918
10,2024-08-10 09:00:00,1403/05/20,115,SO,3,37,22.0,12.5,8.7,118.0,113.4,1.738570822,10,5,8,2024,113.0,118.0,119.0,115.01839491335991
11,2024-08-10 10:00:00,1403/05/20,118,SO,3,39,20.0,12.5,8.7,118.0,112.6,2.14222716,11,5,8,2024,111.0,118.0,119.0,115.3526043923144
12,2024-08-10 11:00:00,1403/05/20,118,SO,3,40,17.0,12.5,8.7,118.0,112.6,2.526007955,12,5,8,2024,116.0,117.0,118.0,115.81465107300754
13,2024-08-10 12:00:00,1403/05/20,117,SO,3,40,19.0,12.5,8.7,118.0,111.8,2.7833182,13,5,8,2024,117.0,116.0,117.0,116.29698225061418
14,2024-08-10 13:00:00,1403/05/20,116,SO,3,40,20.0,12.5,8.7,118.0,111.8,2.906801696,14,5,8,2024,117.0,116.0,116.0,116.32146159881124
15,2024-08-10 14:00:00,1403/05/20,116,SO,3,40,21.0,12.5,8.7,118.0,110.9,2.877127051,15,5,8,2024,117.0,116.0,116.0,116.1779954678787
16,2024-08-10 15:00:00,1403/05/20,117,SO,3,38,25.0,12.5,8.7,118.0,110.9,2.720430297,16,5,8,2024,118.0,116.0,117.0,116.30717339923396
17,2024-08-10 16:00:00,1403/05/20,117,SO,3,36,34.0,12.5,8.7,118.0,111.8,2.537230629,17,5,8,2024,113.0,116.0,117.0,115.2775685708437
18,2024-08-10 17:00:00,1403/05/20,118,SO,3,36,37.0,12.5,8.7,118.0,113.4,2.497247666,18,5,8,2024,113.0,115.0,117.0,115.26957848295177
19,2024-08-10 18:00:00,1403/05/20,118,SO,3,34,43.0,12.6,8.7,118.0,115.0,2.474609448,19,5,8,2024,113.0,116.0,117.0,115.08616119872242
20,2024-08-10 19:00:00,1403/05/20,118,SO,3,33,50.0,12.6,8.7,118.0,115.9,2.42646561,20,5,8,2024,118.0,117.0,118.0,117.22575692877457
21,2024-08-10 20:00:00,1403/05/20,118,SO,3,32,51.0,12.6,8.7,118.0,116.7,2.380016313,21,5,8,2024,120.0,117.0,118.0,117.29678933508289
22,2024-08-10 21:00:00,1403/05/20,119,SO,3,32,56.0,12.6,8.7,118.0,117.5,2.254596347,22,5,8,2024,121.0,118.0,114.0,117.10369630180337
23,2024-08-10 22:00:00,1403/05/20,119,SO,3,31,57.0,12.8,8.8,118.0,118.3,1.937110073,23,5,8,2024,122.0,118.0,114.0,117.37602566649493
24,2024-08-10 23:00:00,1403/05/21,120,SO,3,30,57.0,12.5,8.8,118.0,118.3,1.610738411,24,5,8,2024,119.0,117.0,114.0,117.44511715504532
1,2024-08-11 00:00:00,1403/05/21,118,SO,3,30,58.0,12.8,8.8,118.0,119.2,1.361980701,1,6,8,2024,118.0,115.0,114.0,116.9060317738901
2,2024-08-11 01:00:00,1403/05/21,118,SO,3,30,58.0,12.8,8.8,118.0,119.2,1.174926174,2,6,8,2024,118.0,116.0,115.0,117.06430297584521
3,2024-08-11 02:00:00,1403/05/21,117,SO,3,29,59.0,12.8,8.8,118.0,120.0,1.037058752,3,6,8,2024,110.0,118.0,115.0,116.06627905133118
4,2024-08-11 03:00:00,1403/05/21,118,SO,3,28,62.0,12.8,8.8,118.0,120.0,0.938529821,4,6,8,2024,110.0,118.0,116.0,116.3441563786213
5,2024-08-11 04:00:00,1403/05/21,119,SO,3,29,60.0,12.8,8.8,118.0,120.0,0.897737546,5,6,8,2024,112.0,118.0,117.0,116.29186297540801
6,2024-08-11 05:00:00,1403/05/21,119,SO,3,29,57.0,12.8,8.8,118.0,120.0,0.910693314,6,6,8,2024,112.0,112.0,117.0,115.23888135219896
7,2024-08-11 06:00:00,1403/05/21,118,SO,3,30,55.0,12.4,8.7,118.0,119.2,0.980666991,7,6,8,2024,112.0,112.0,117.0,115.38818192458977
8,2024-08-11 07:00:00,1403/05/21,116,SO,3,32,46.0,12.4,8.7,118.0,116.7,1.123919818,8,6,8,2024,117.0,117.0,115.0,116.37360526854165
9,2024-08-11 08:00:00,1403/05/21,117,SO,3,35,30.0,12.4,8.7,118.0,115.0,1.385218498,9,6,8,2024,114.0,114.0,118.0,115.39130619533373
10,2024-08-11 09:00:00,1403/05/21,117,SO,3,37,27.0,12.4,8.7,118.0,113.4,1.751770521,10,6,8,2024,115.0,113.0,118.0,115.77107677252013
11,2024-08-11 10:00:00,1403/05/21,117,SO,3,39,25.0,12.3,8.6,118.0,112.6,2.163905582,11,6,8,2024,118.0,111.0,118.0,116.56379298326131
12,2024-08-11 11:00:00,1403/05/21,116,SO,3,40,24.0,12.3,8.6,118.0,112.6,2.547600256,12,6,8,2024,118.0,116.0,117.0,117.12534358423153
13,2024-08-11 12:00:00,1403/05/21,115,SO,3,40,23.0,12.3,8.6,118.0,111.8,2.798072365,13,6,8,2024,117.0,117.0,116.0,117.02262063295294
14,2024-08-11 13:00:00,1403/05/21,115,SO,3,41,23.0,12.3,8.6,118.0,111.8,2.907473653,14,6,8,2024,116.0,117.0,116.0,116.5259962462795
15,2024-08-11 14:00:00,1403/05/21,115,SO,3,40,24.0,12.3,8.7,118.0,110.9,2.859010532,15,6,8,2024,116.0,117.0,116.0,116.4651651020736
16,2024-08-11 15:00:00,1403/05/21,116,SO,3,40,26.0,12.3,8.7,118.0,110.9,2.683923113,16,6,8,2024,117.0,118.0,116.0,117.0041035759205
17,2024-08-11 16:00:00,1403/05/21,117,SO,3,38,27.0,12.3,8.7,118.0,111.8,2.498146957,17,6,8,2024,117.0,113.0,116.0,116.44443978006387
18,2024-08-11 17:00:00,1403/05/21,117,SO,3,37,34.0,12.3,8.7,118.0,113.4,2.45081822,18,6,8,2024,118.0,113.0,115.0,116.32279956183665
19,2024-08-11 18:00:00,1403/05/21,117,SO,3,36,38.0,12.4,8.7,118.0,115.0,2.418485246,19,6,8,2024,118.0,113.0,116.0,116.04994011667594
20,2024-08-11 19:00:00,1403/05/21,117,SO,3,34,43.0,12.4,8.7,118.0,115.9,2.363763102,20,6,8,2024,118.0,118.0,117.0,117.12037257984124
21,2024-08-11 20:00:00,1403/05/21,117,SO,3,34,45.0,12.4,8.7,118.0,116.7,2.309606545,21,6,8,2024,118.0,120.0,117.0,117.12037257984124
22,2024-08-11 21:00:00,1403/05/21,117,SO,3,33,47.0,12.4,8.7,118.0,117.5,2.177501929,22,6,8,2024,119.0,121.0,118.0,117.15808762622467
23,2024-08-11 22:00:00,1403/05/21,115,SO,3,32,50.0,12.4,8.7,118.0,118.3,1.869087002,23,6,8,2024,119.0,122.0,118.0,117.77419951004835
24,2024-08-11 23:00:00,1403/05/22,116,SO,3,31,54.0,12.8,8.8,118.0,118.3,1.55808064,24,6,8,2024,120.0,119.0,117.0,117.45845186339025
1,2024-08-12 00:00:00,1403/05/22,116,SO,3,30,56.0,12.4,8.7,118.0,119.2,1.321056453,1,0,8,2024,118.0,118.0,115.0,117.4159217972506
2,2024-08-12 01:00:00,1403/05/22,116,SO,3,31,57.0,12.4,8.7,118.0,119.2,1.143219354,2,0,8,2024,118.0,118.0,116.0,117.3693638041819
3,2024-08-12 02:00:00,1403/05/22,116,SO,3,30,58.0,12.4,8.7,118.0,120.0,1.011073178,3,0,8,2024,117.0,110.0,118.0,116.68651908868856
4,2024-08-12 03:00:00,1403/05/22,115,SO,3,29,55.0,12.4,8.7,118.0,120.0,0.916801396,4,0,8,2024,118.0,110.0,118.0,116.75330103357135
5,2024-08-12 04:00:00,1403/05/22,116,SO,3,28,57.0,12.4,8.7,118.0,120.0,0.876492891,5,0,8,2024,119.0,112.0,118.0,116.51531451985407
6,2024-08-12 05:00:00,1403/05/22,110,SO,3,28,58.0,12.4,8.7,118.0,120.0,0.889194813,6,0,8,2024,119.0,112.0,112.0,115.27135084720754
7,2024-08-12 06:00:00,1403/05/22,110,SO,3,29,54.0,12.3,8.6,118.0,119.2,0.956418455,7,0,8,2024,118.0,112.0,112.0,114.8157234036459
8,2024-08-12 07:00:00,1403/05/22,116,SO,3,33,38.0,12.3,8.6,118.0,116.7,1.095058549,8,0,8,2024,116.0,117.0,117.0,115.5408467720469
9,2024-08-12 08:00:00,1403/05/22,113,SO,3,36,29.0,12.3,8.6,118.0,115.0,1.347775876,9,0,8,2024,117.0,114.0,114.0,115.29618288223233
10,2024-08-12 09:00:00,1403/05/22,117,SO,3,39,20.0,12.3,8.6,118.0,113.4,1.709171888,10,0,8,2024,117.0,115.0,113.0,115.11403749408507
11,2024-08-12 10:00:00,1403/05/22,117,SO,3,41,17.0,12.4,8.6,118.0,112.6,2.107746045,11,0,8,2024,117.0,118.0,111.0,114.84016838743736
12,2024-08-12 11:00:00,1403/05/22,116,SO,3,43,16.0,12.4,8.6,118.0,112.6,2.473577704,12,0,8,2024,116.0,118.0,116.0,115.81354046576506
13,2024-08-12 12:00:00,1403/05/22,115,SO,3,43,18.0,12.4,8.6,118.0,111.8,2.701652001,13,0,8,2024,115.0,117.0,117.0,115.7262308137644
14,2024-08-12 13:00:00,1403/05/22,115,SO,3,43,17.0,12.4,8.6,118.0,111.8,2.791881612,14,0,8,2024,115.0,116.0,117.0,115.70416751238442
15,2024-08-12 14:00:00,1403/05/22,116,SO,3,42,18.0,12.0,8.6,118.0,110.9,2.73340195,15,0,8,2024,115.0,116.0,117.0,115.62070138145191
16,2024-08-12 15:00:00,1403/05/22,116,SO,3,42,19.0,12.0,8.6,118.0,110.9,2.572959471,16,0,8,2024,116.0,117.0,118.0,115.58524976385557
17,2024-08-12 16:00:00,1403/05/22,116,SO,3,40,22.0,12.0,8.6,118.0,111.8,2.408888681,17,0,8,2024,117.0,117.0,113.0,115.64224040682541
18,2024-08-12 17:00:00,1403/05/22,117,SO,3,38,25.0,12.0,8.6,118.0,113.4,2.368508655,18,0,8,2024,117.0,118.0,113.0,115.83314637985177
19,2024-08-12 18:00:00,1403/05/22,118,SO,3,36,30.0,12.3,8.7,118.0,115.0,2.332919394,19,0,8,2024,117.0,118.0,113.0,115.68979759038142
20,2024-08-12 19:00:00,1403/05/22,118,SO,3,35,32.0,12.3,8.7,118.0,115.9,2.274837218,20,0,8,2024,117.0,118.0,118.0,116.38066821487344
21,2024-08-12 20:00:00,1403/05/22,119,SO,3,34,35.0,12.3,8.7,118.0,116.7,2.216437307,21,0,8,2024,117.0,118.0,120.0,116.38066821487344
22,2024-08-12 21:00:00,1403/05/22,119,SO,3,33,37.0,12.3,8.7,118.0,117.5,2.083414874,22,0,8,2024,117.0,119.0,121.0,116.38066821487344
23,2024-08-12 22:00:00,1403/05/22,120,SO,3,32,42.0,12.5,8.8,118.0,118.3,1.79382496,23,0,8,2024,115.0,119.0,122.0,116.5433695623223
24,2024-08-12 23:00:00,1403/05/23,120,SO,3,30,45.0,12.4,8.7,118.0,118.3,1.505875237,24,0,8,2024,116.0,120.0,119.0,116.87755250609307
1,2024-08-13 00:00:00,1403/05/23,120,SO,3,30,45.0,12.5,8.8,118.0,119.2,1.282708024,1,1,8,2024,116.0,118.0,118.0,117.07790549560065
2,2024-08-13 01:00:00,1403/05/23,116,SO,3,29,45.0,12.5,8.8,118.0,119.2,1.114490154,2,1,8,2024,116.0,118.0,118.0,116.92047121869305
3,2024-08-13 02:00:00,1403/05/23,116,SO,3,28,45.0,12.5,8.7,118.0,119.2,0.987444484,3,1,8,2024,116.0,117.0,110.0,115.92716000794371
4,2024-08-13 03:00:00,1403/05/23,117,SO,3,27,45.0,12.5,8.7,118.0,120.0,0.89721685,4,1,8,2024,115.0,118.0,110.0,115.99394982930227
5,2024-08-13 04:00:00,1403/05/23,117,SO,3,27,45.0,12.5,8.7,118.0,120.0,0.858190828,5,1,8,2024,116.0,119.0,112.0,116.12725119358818
6,2024-08-13 05:00:00,1403/05/23,118,SO,3,28,46.0,12.5,8.7,118.0,120.0,0.872176885,6,1,8,2024,110.0,119.0,112.0,114.97170911674397
7,2024-08-13 06:00:00,1403/05/23,117,SO,3,30,41.0,12.0,8.6,118.0,117.5,0.938663514,7,1,8,2024,110.0,118.0,112.0,115.03988896586003
8,2024-08-13 07:00:00,1403/05/23,114,SO,3,35,36.0,12.0,8.6,118.0,115.0,1.074509698,8,1,8,2024,116.0,116.0,117.0,115.99147465013357
9,2024-08-13 08:00:00,1403/05/23,113,SO,3,37,28.0,12.0,8.6,118.0,112.6,1.315112506,9,1,8,2024,113.0,117.0,114.0,115.30530077834871
10,2024-08-13 09:00:00,1403/05/23,108,SO,3,40,25.0,12.0,8.6,118.0,111.8,1.650975946,10,1,8,2024,117.0,117.0,115.0,116.11718108365754
11,2024-08-13 10:00:00,1403/05/23,106,SO,3,42,17.0,12.0,8.0,118.0,110.9,2.004313407,11,1,8,2024,117.0,117.0,118.0,116.62303547624444
12,2024-08-13 11:00:00,1403/05/23,106,SO,3,42,16.0,12.0,8.0,118.0,110.1,2.311881888,12,1,8,2024,116.0,116.0,118.0,115.70238314332897
13,2024-08-13 12:00:00,1403/05/23,112,SO,3,43,15.0,12.0,8.0,118.0,110.1,2.491368631,13,1,8,2024,115.0,115.0,117.0,115.29454389438885
14,2024-08-13 13:00:00,1403/05/23,111,SO,3,43,14.0,12.0,8.0,118.0,110.1,2.574702133,14,1,8,2024,115.0,115.0,116.0,114.9620718809494
15,2024-08-13 14:00:00,1403/05/23,112,SO,3,43,12.0,11.5,8.0,118.0,110.1,2.540957093,15,1,8,2024,116.0,115.0,116.0,114.27897273982309
16,2024-08-13 15:00:00,1403/05/23,112,SO,3,42,14.0,11.5,8.0,118.0,110.9,2.42806162,16,1,8,2024,116.0,116.0,117.0,114.42333972053223
17,2024-08-13 16:00:00,1403/05/23,112,SO,3,41,16.0,11.5,8.0,118.0,112.6,2.307854651,17,1,8,2024,116.0,117.0,117.0,114.19848549742338
18,2024-08-13 17:00:00,1403/05/23,112,SO,3,40,20.0,11.5,8.0,118.0,114.2,2.284797546,18,1,8,2024,117.0,117.0,118.0,114.9786936930198
19,2024-08-13 18:00:00,1403/05/23,107,SO,3,37,26.0,12.3,8.7,118.0,115.0,2.247243229,19,1,8,2024,118.0,117.0,118.0,114.98261967419722
20,2024-08-13 19:00:00,1403/05/23,117,SO,3,36,33.0,12.3,8.7,118.0,115.9,2.183619232,20,1,8,2024,118.0,117.0,118.0,115.50663476892589
21,2024-08-13 20:00:00,1403/05/23,119,SO,3,34,36.0,12.3,8.7,118.0,116.7,2.114853362,21,1,8,2024,119.0,117.0,118.0,115.50663476892589
22,2024-08-13 21:00:00,1403/05/23,119,SO,3,33,41.0,12.3,8.7,118.0,117.5,1.975513762,22,1,8,2024,119.0,117.0,119.0,115.57740860531916
23,2024-08-13 22:00:00,1403/05/23,120,SO,3,30,46.0,12.6,8.8,118.0,118.3,1.707681253,23,1,8,2024,120.0,115.0,119.0,115.9791814300279
24,2024-08-13 23:00:00,1403/05/24,120,SO,3,30,45.0,12.5,8.8,118.0,118.3,1.44721206,24,1,8,2024,120.0,116.0,120.0,116.20235562388024
1,2024-08-14 00:00:00,1403/05/24,116,SO,3,30,42.0,12.6,8.8,118.0,119.2,1.242050419,1,2,8,2024,120.0,116.0,118.0,115.83615830804861
2,2024-08-14 01:00:00,1403/05/24,117,SO,3,30,39.0,12.6,8.8,118.0,119.2,1.085791114,2,2,8,2024,116.0,116.0,118.0,115.22865200217731
3,2024-08-14 02:00:00,1403/05/24,116,SO,3,28,36.0,12.3,8.7,118.0,119.2,0.966498206,3,2,8,2024,116.0,116.0,117.0,115.24656606071596
4,2024-08-14 03:00:00,1403/05/24,117,SO,3,28,36.0,12.3,8.7,118.0,120.0,0.879857556,4,2,8,2024,117.0,115.0,118.0,115.31623716416405
5,2024-08-14 04:00:00,1403/05/24,118,SO,3,26,42.0,12.3,8.7,118.0,120.0,0.842203898,5,2,8,2024,117.0,116.0,119.0,115.3727336189587
6,2024-08-14 05:00:00,1403/05/24,118,SO,3,25,42.0,12.3,8.7,118.0,120.0,0.857187261,6,2,8,2024,118.0,110.0,119.0,114.00325140902476
7,2024-08-14 06:00:00,1403/05/24,119,SO,3,28,39.0,12.4,8.6,118.0,117.5,0.922761662,7,2,8,2024,117.0,110.0,118.0,114.13045448552799
8,2024-08-14 07:00:00,1403/05/24,117,SO,3,32,25.0,12.4,8.6,118.0,115.0,1.055295343,8,2,8,2024,114.0,116.0,116.0,114.02816607078003
9,2024-08-14 08:00:00,1403/05/24,114,SO,3,37,17.0,12.4,8.6,118.0,112.6,1.288470671,9,2,8,2024,113.0,113.0,117.0,113.30623200561203
10,2024-08-14 09:00:00,1403/05/24,119,SO,3,39,14.0,12.4,8.6,118.0,111.8,1.606935189,10,2,8,2024,108.0,117.0,117.0,113.22206178865747
11,2024-08-14 10:00:00,1403/05/24,118,SO,3,41,10.0,12.4,8.7,118.0,110.9,1.934331176,11,2,8,2024,106.0,117.0,117.0,114.28040473818714
12,2024-08-14 11:00:00,1403/05/24,117,SO,3,43,6.0,12.4,8.7,118.0,110.1,2.212291647,12,2,8,2024,106.0,116.0,116.0,115.1390053829083
13,2024-08-14 12:00:00,1403/05/24,117,SO,3,44,7.0,12.4,8.7,118.0,110.1,2.378135094,13,2,8,2024,112.0,115.0,115.0,114.82386273342203
14,2024-08-14 13:00:00,1403/05/24,117,SO,3,44,6.0,12.4,8.7,118.0,110.1,2.452388071,14,2,8,2024,111.0,115.0,115.0,114.84669842149027
15,2024-08-14 14:00:00,1403/05/24,116,SO,3,43,10.0,12.4,8.7,118.0,110.1,2.407668769,15,2,8,2024,112.0,116.0,115.0,115.20456841318591
16,2024-08-14 15:00:00,1403/05/24,116,SO,3,42,14.0,12.4,8.7,118.0,110.9,2.282224311,16,2,8,2024,112.0,116.0,116.0,115.37092636706146
17,2024-08-14 16:00:00,1403/05/24,116,SO,3,40,21.0,12.4,8.7,118.0,112.6,2.169650215,17,2,8,2024,112.0,116.0,117.0,115.34744355149579
18,2024-08-14 17:00:00,1403/05/24,116,SO,3,37,28.0,12.4,8.7,118.0,114.2,2.142735899,18,2,8,2024,112.0,117.0,117.0,115.72570295601453
19,2024-08-14 18:00:00,1403/05/24,116,SO,3,37,28.0,12.6,8.7,118.0,115.0,2.09937294,19,2,8,2024,107.0,118.0,117.0,115.01411662882619
20,2024-08-14 19:00:00,1403/05/24,118,SO,3,35,33.0,12.6,8.7,118.0,115.9,2.035226055,20,2,8,2024,117.0,118.0,117.0,116.87253049071852
21,2024-08-14 20:00:00,1403/05/24,120,SO,3,33,34.0,12.6,8.7,118.0,116.7,1.971012139,21,2,8,2024,119.0,119.0,117.0,117.16384239269662
22,2024-08-14 21:00:00,1403/05/24,121,SO,3,31,40.0,12.6,8.7,118.0,117.5,1.851306583,22,2,8,2024,119.0,119.0,117.0,117.08877868411342
23,2024-08-14 22:00:00,1403/05/24,120,SO,3,29,46.0,12.2,8.6,118.0,118.3,1.618917444,23,2,8,2024,120.0,120.0,115.0,117.52625847515486
24,2024-08-14 23:00:00,1403/05/25,116,SO,3,28,41.0,12.6,8.8,118.0,118.3,1.389602807,24,2,8,2024,120.0,120.0,116.0,117.32890458456329
1,2024-08-15 00:00:00,1403/05/25,117,SO,3,28,38.0,12.2,8.6,118.0,119.2,1.205078876,1,3,8,2024,116.0,120.0,116.0,117.34483942238202
2,2024-08-15 01:00:00,1403/05/25,118,SO,3,27,36.0,12.2,8.6,118.0,119.2,1.061314631,2,3,8,2024,117.0,116.0,116.0,117.68423168703448
3,2024-08-15 02:00:00,1403/05/25,118,SO,3,25,36.0,12.2,8.6,118.0,119.2,0.946832771,3,3,8,2024,116.0,116.0,116.0,117.39297687528858
4,2024-08-15 03:00:00,1403/05/25,118,SO,3,25,35.0,12.2,8.6,118.0,120.0,0.861561267,4,3,8,2024,117.0,117.0,115.0,117.59649136095399
5,2024-08-15 04:00:00,1403/05/25,119,SO,3,25,34.0,12.2,8.6,118.0,120.0,0.821367987,5,3,8,2024,118.0,117.0,116.0,117.42334894545452
6,2024-08-15 05:00:00,1403/05/25,119,SO,3,25,32.0,12.2,8.6,118.0,120.0,0.830282968,6,3,8,2024,118.0,118.0,110.0,116.06125327683418
7,2024-08-15 06:00:00,1403/05/25,119,SO,3,25,31.0,12.6,8.8,118.0,117.5,0.886815282,7,3,8,2024,119.0,117.0,110.0,116.21669209945439
8,2024-08-15 07:00:00,1403/05/25,117,SO,3,32,21.0,12.6,8.8,118.0,115.0,1.004899306,8,3,8,2024,117.0,114.0,116.0,116.18525108919935
9,2024-08-15 08:00:00,1403/05/25,115,SO,3,35,13.0,12.6,8.8,118.0,112.6,1.212822565,9,3,8,2024,114.0,113.0,113.0,114.67498218564154
10,2024-08-15 09:00:00,1403/05/25,119,SO,3,38,13.0,12.6,8.8,118.0,111.8,1.49884043,10,3,8,2024,119.0,108.0,117.0,115.95798384074145
11,2024-08-15 10:00:00,1403/05/25,119,SO,3,40,7.0,12.6,8.7,118.0,110.9,1.796335852,11,3,8,2024,118.0,106.0,117.0,116.17803542118448
12,2024-08-15 11:00:00,1403/05/25,117,SO,3,42,5.0,12.6,8.7,118.0,110.1,2.044863481,12,3,8,2024,117.0,106.0,116.0,116.55535346394167
13,2024-08-15 12:00:00,1403/05/25,117,SO,3,43,6.0,12.6,8.7,118.0,110.1,2.199708751,13,3,8,2024,117.0,112.0,115.0,116.20712104183127
14,2024-08-15 13:00:00,1403/05/25,117,SO,3,43,8.0,12.6,8.7,118.0,110.1,2.274513061,14,3,8,2024,117.0,111.0,115.0,116.1850577404513
15,2024-08-15 14:00:00,1403/05/25,112,SO,3,42,11.0,11.6,8.3,118.0,110.1,2.233540125,15,3,8,2024,116.0,112.0,116.0,115.77661157708584
16,2024-08-15 15:00:00,1403/05/25,113,SO,3,42,11.0,11.6,8.3,118.0,110.9,2.107243756,16,3,8,2024,116.0,112.0,116.0,115.64868504788814
17,2024-08-15 16:00:00,1403/05/25,112,SO,3,41,14.0,11.6,8.3,118.0,112.6,2.00389538,17,3,8,2024,116.0,112.0,116.0,115.27996646065466
18,2024-08-15 17:00:00,1403/05/25,117,SO,3,39,16.0,11.6,8.3,118.0,114.2,1.982176813,18,3,8,2024,116.0,112.0,117.0,115.3381989581134
19,2024-08-15 18:00:00,1403/05/25,118,SO,3,37,17.0,12.2,8.8,118.0,115.0,1.94755631,19,3,8,2024,116.0,107.0,118.0,114.75071775934818
20,2024-08-15 19:00:00,1403/05/25,118,SO,3,37,21.0,12.2,8.8,118.0,115.9,1.900306094,20,3,8,2024,118.0,117.0,118.0,116.71075281948207
21,2024-08-15 20:00:00,1403/05/25,119,SO,3,34,25.0,12.2,8.8,118.0,116.7,1.855782882,21,3,8,2024,120.0,119.0,119.0,116.79746678213532
22,2024-08-15 21:00:00,1403/05/25,121,SO,3,31,30.0,12.2,8.8,118.0,117.5,1.76221739,22,3,8,2024,121.0,119.0,119.0,116.79746678213532
23,2024-08-15 22:00:00,1403/05/25,120,SO,3,30,30.0,12.3,8.6,118.0,118.3,1.555567553,23,3,8,2024,120.0,120.0,120.0,117.42588266062731
24,2024-08-15 23:00:00,1403/05/26,115,SO,3,29,24.0,12.2,8.6,118.0,118.3,1.284118249,24,3,8,2024,116.0,120.0,120.0,116.77681437044828
1,2024-08-16 00:00:00,1403/05/26,115,SO,3,30,22.0,12.3,8.6,118.0,119.2,1.122278802,1,4,8,2024,117.0,116.0,120.0,117.84101128772224
2,2024-08-16 01:00:00,1403/05/26,116,SO,3,29,17.0,12.3,8.6,118.0,119.2,0.994252453,2,4,8,2024,118.0,117.0,116.0,117.4859817205344
3,2024-08-16 02:00:00,1403/05/26,116,SO,3,28,16.0,12.3,8.6,118.0,119.2,0.88891136,3,4,8,2024,118.0,116.0,116.0,117.48827907493111
4,2024-08-16 03:00:00,1403/05/26,117,SO,3,24,23.0,12.3,8.6,118.0,120.0,0.809312458,4,4,8,2024,118.0,117.0,117.0,117.8201089401179
5,2024-08-16 04:00:00,1403/05/26,117,SO,3,24,23.0,12.3,8.6,118.0,120.0,0.768670829,5,4,8,2024,119.0,118.0,117.0,117.58173809476031
6,2024-08-16 05:00:00,1403/05/26,118,SO,3,25,22.0,12.3,8.6,118.0,120.0,0.773144623,6,4,8,2024,119.0,118.0,118.0,116.86689286328902
7,2024-08-16 06:00:00,1403/05/26,118,SO,3,26,21.0,12.6,8.7,118.0,117.5,0.820854597,7,4,8,2024,119.0,119.0,117.0,116.74437782106617
8,2024-08-16 07:00:00,1403/05/26,118,SO,3,31,14.0,12.6,8.7,118.0,115.0,0.922065221,8,4,8,2024,117.0,117.0,114.0,116.04727251914393
9,2024-08-16 08:00:00,1403/05/26,115,SO,3,35,9.0,12.6,8.7,118.0,112.6,1.100913263,9,4,8,2024,115.0,114.0,113.0,114.82556349676135
10,2024-08-16 09:00:00,1403/05/26,120,SO,3,39,5.0,12.6,8.7,118.0,111.8,1.353261759,10,4,8,2024,119.0,119.0,108.0,115.70372689402994
11,2024-08-16 10:00:00,1403/05/26,119,SO,3,41,4.0,12.5,8.7,118.0,110.9,1.624040693,11,4,8,2024,119.0,118.0,106.0,116.16237960213743
12,2024-08-16 11:00:00,1403/05/26,117,SO,3,42,3.0,12.5,8.7,118.0,110.1,1.867905144,12,4,8,2024,117.0,117.0,106.0,116.1613721608004
13,2024-08-16 12:00:00,1403/05/26,117,SO,3,43,3.0,12.5,8.7,118.0,110.1,2.033317985,13,4,8,2024,117.0,117.0,112.0,116.52396567273708
14,2024-08-16 13:00:00,1403/05/26,117,SO,3,43,3.0,12.5,8.7,118.0,110.1,2.12544964,14,4,8,2024,117.0,117.0,111.0,116.1393088594204
15,2024-08-16 14:00:00,1403/05/26,117,SO,3,43,4.0,12.4,8.6,118.0,110.1,2.097078542,15,4,8,2024,112.0,116.0,112.0,115.41607885516686
16,2024-08-16 15:00:00,1403/05/26,117,SO,3,43,5.0,12.4,8.6,118.0,110.9,1.982170873,16,4,8,2024,113.0,116.0,112.0,115.42749167824897
17,2024-08-16 16:00:00,1403/05/26,117,SO,3,42,5.0,12.4,8.6,118.0,112.6,1.870328335,17,4,8,2024,112.0,116.0,112.0,115.51467371430766
18,2024-08-16 17:00:00,1403/05/26,118,SO,3,39,8.0,12.4,8.6,118.0,114.2,1.844831962,18,4,8,2024,117.0,116.0,112.0,116.07678359662555
19,2024-08-16 18:00:00,1403/05/26,108,SO,3,37,11.0,12.6,8.8,118.0,115.0,1.809243993,19,4,8,2024,118.0,116.0,107.0,115.15526870545438
20,2024-08-16 19:00:00,1403/05/26,120,SO,3,34,15.0,12.6,8.8,118.0,115.9,1.766636483,20,4,8,2024,118.0,118.0,117.0,116.57370026438643
21,2024-08-16 20:00:00,1403/05/26,121,SO,3,32,15.0,12.6,8.8,118.0,116.7,1.728031819,21,4,8,2024,119.0,120.0,119.0,116.58013718139064
22,2024-08-16 21:00:00,1403/05/26,122,SO,3,31,16.0,12.6,8.8,118.0,117.5,1.646035243,22,4,8,2024,121.0,121.0,119.0,116.62428914477825
23,2024-08-16 22:00:00,1403/05/26,115,SO,3,29,18.0,12.6,8.7,118.0,118.3,1.455854275,23,4,8,2024,120.0,120.0,120.0,117.04065424206458
24,2024-08-16 23:00:00,1403/05/27,116,SO,3,29,19.0,12.3,8.6,118.0,118.3,1.327553578,24,4,8,2024,115.0,116.0,120.0,116.29177469944294
1,2024-08-17 00:00:00,1403/05/27,117,SO,3,26,20.0,12.6,8.7,118.0,119.2,1.161213889,1,5,8,2024,115.0,117.0,116.0,117.47796596583461
2,2024-08-17 01:00:00,1403/05/27,117,SO,3,26,21.0,12.6,8.7,118.0,120.0,1.029953114,2,5,8,2024,116.0,118.0,117.0,117.45820655495655
3,2024-08-17 02:00:00,1403/05/27,118,SO,3,24,23.0,12.5,8.8,118.0,120.0,0.921310815,3,5,8,2024,116.0,118.0,116.0,117.46155843461118
4,2024-08-17 03:00:00,1403/05/27,118,SO,3,23,23.0,12.5,8.8,118.0,120.8,0.838051962,4,5,8,2024,117.0,118.0,117.0,118.03673758510212
5,2024-08-17 04:00:00,1403/05/27,120,SO,3,23,28.0,12.5,8.8,118.0,120.8,0.794572861,5,5,8,2024,117.0,119.0,118.0,117.69124977586289
6,2024-08-17 05:00:00,1403/05/27,119,SO,3,22,25.0,12.5,8.8,118.0,120.8,0.796573174,6,5,8,2024,118.0,119.0,118.0,117.03933917740403
7,2024-08-17 06:00:00,1403/05/27,120,SO,3,26,27.0,12.5,8.7,118.0,118.3,0.841298297,7,5,8,2024,118.0,119.0,119.0,117.045500266705
8,2024-08-17 07:00:00,1403/05/27,118,SO,3,30,16.0,12.5,8.7,118.0,115.9,0.938086139,8,5,8,2024,118.0,117.0,117.0,116.72176288159271
9,2024-08-17 08:00:00,1403/05/27,115,SO,3,36,11.0,12.5,8.7,118.0,114.2,1.109101346,9,5,8,2024,115.0,115.0,114.0,115.40727222004843
10,2024-08-17 09:00:00,1403/05/27,112,SO,3,38,10.0,12.5,8.7,118.0,112.6,1.348156435,10,5,8,2024,120.0,119.0,119.0,116.50541382943874
11,2024-08-17 10:00:00,1403/05/27,109,SO,3,40,6.0,11.7,8.2,118.0,110.9,1.611822549,11,5,8,2024,119.0,119.0,118.0,116.73588351175124
12,2024-08-17 11:00:00,1403/05/27,105,SO,3,41,5.0,11.7,8.2,118.0,110.1,1.861872129,12,5,8,2024,117.0,117.0,117.0,116.50491684343343
13,2024-08-17 12:00:00,1403/05/27,117,SO,3,42,4.0,11.7,8.2,118.0,110.1,2.037511096,13,5,8,2024,117.0,117.0,117.0,116.6468986086379
14,2024-08-17 13:00:00,1403/05/27,117,SO,3,43,4.0,11.7,8.2,118.0,110.1,2.136890751,14,5,8,2024,117.0,117.0,117.0,116.62483530725792
15,2024-08-17 14:00:00,1403/05/27,117,SO,3,44,4.0,12.9,8.6,118.0,110.1,2.111347468,15,5,8,2024,117.0,112.0,116.0,115.86665985964791
16,2024-08-17 15:00:00,1403/05/27,117,SO,3,41,15.0,12.9,8.6,118.0,110.9,1.993630506,16,5,8,2024,117.0,113.0,116.0,115.46041386842509
17,2024-08-17 16:00:00,1403/05/27,117,SO,3,39,21.0,12.9,8.6,118.0,112.6,1.883277444,17,5,8,2024,117.0,112.0,116.0,115.42911018588035
18,2024-08-17 17:00:00,1403/05/27,117,SO,3,37,28.0,12.9,8.6,118.0,113.4,1.864220867,18,5,8,2024,118.0,117.0,116.0,116.46874235447956
19,2024-08-17 18:00:00,1403/05/27,118,SO,3,34,37.0,12.6,8.7,118.0,115.0,1.839762716,19,5,8,2024,108.0,118.0,116.0,114.81579910997256
20,2024-08-17 19:00:00,1403/05/27,118,SO,3,34,41.0,12.6,8.7,118.0,116.7,1.812527232,20,5,8,2024,120.0,118.0,118.0,117.06323369242232
21,2024-08-17 20:00:00,1403/05/27,120,SO,3,32,46.0,12.6,8.7,118.0,117.5,1.786403625,21,5,8,2024,121.0,119.0,120.0,117.34744974034864
22,2024-08-17 21:00:00,1403/05/27,116,SO,3,32,48.0,12.6,8.7,118.0,118.3,1.706818688,22,5,8,2024,122.0,121.0,121.0,117.39160170373624
23,2024-08-17 22:00:00,1403/05/27,116,SO,3,31,48.0,12.7,8.7,118.0,118.3,1.509365684,23,5,8,2024,115.0,120.0,120.0,116.75144040540061
24,2024-08-17 23:00:00,1403/05/28,116,SO,3,30,49.0,12.6,8.7,118.0,118.3,1.309523763,24,5,8,2024,116.0,115.0,116.0,116.47829223787508
1,2024-08-18 00:00:00,1403/05/28,117,SO,3,29,55.0,12.7,8.7,118.0,119.2,1.144667755,1,6,8,2024,117.0,115.0,117.0,117.2254373787612
2,2024-08-18 01:00:00,1403/05/28,117,SO,3,28,56.0,12.7,8.7,118.0,120.0,1.015111935,2,6,8,2024,117.0,116.0,118.0,117.38370858071627
3,2024-08-18 02:00:00,1403/05/28,117,SO,3,27,56.0,12.5,8.8,118.0,120.0,0.910447737,3,6,8,2024,118.0,116.0,118.0,117.46398207729109
4,2024-08-18 03:00:00,1403/05/28,118,SO,3,26,55.0,12.5,8.8,118.0,120.8,0.830773425,4,6,8,2024,118.0,117.0,118.0,117.5176697761888
5,2024-08-18 04:00:00,1403/05/28,118,SO,3,26,55.0,12.5,8.8,118.0,120.8,0.791170615,5,6,8,2024,120.0,117.0,119.0,117.23703464809647
6,2024-08-18 05:00:00,1403/05/28,119,SO,3,26,55.0,12.5,8.8,118.0,120.8,0.796265525,6,6,8,2024,119.0,118.0,119.0,116.6555598076176
7,2024-08-18 06:00:00,1403/05/28,119,SO,3,28,53.0,12.4,8.7,118.0,118.3,0.844561447,7,6,8,2024,120.0,118.0,119.0,116.48203839740192
8,2024-08-18 07:00:00,1403/05/28,118,SO,3,31,37.0,12.4,8.7,118.0,115.9,0.946830654,8,6,8,2024,118.0,118.0,117.0,116.31870651601645
9,2024-08-18 08:00:00,1403/05/28,115,SO,3,35,25.0,12.4,8.7,118.0,114.2,1.127853661,9,6,8,2024,115.0,115.0,115.0,115.2179943283351
10,2024-08-18 09:00:00,1403/05/28,112,SO,3,38,18.0,12.4,8.7,118.0,112.6,1.382307719,10,6,8,2024,112.0,120.0,119.0,115.29323740812478
11,2024-08-18 10:00:00,1403/05/28,117,SO,3,40,17.0,12.5,8.7,118.0,110.9,1.666518587,11,6,8,2024,109.0,119.0,119.0,115.5531353007017
12,2024-08-18 11:00:00,1403/05/28,117,SO,3,41,13.0,12.5,8.7,118.0,110.1,1.946132271,12,6,8,2024,105.0,117.0,117.0,115.45796411451862
13,2024-08-18 12:00:00,1403/05/28,117,SO,3,42,9.0,12.5,8.7,118.0,110.1,2.147519483,13,6,8,2024,117.0,117.0,117.0,116.83609746916142
14,2024-08-18 13:00:00,1403/05/28,116,SO,3,42,16.0,12.5,8.7,118.0,110.1,2.260379825,14,6,8,2024,117.0,117.0,117.0,116.83440992437986
15,2024-08-18 14:00:00,1403/05/28,116,SO,3,41,17.0,12.7,8.7,118.0,110.1,2.235831946,15,6,8,2024,117.0,117.0,112.0,116.15365906602665
16,2024-08-18 15:00:00,1403/05/28,117,SO,3,40,18.0,12.7,8.7,118.0,110.9,2.111168263,16,6,8,2024,117.0,117.0,113.0,116.10744125113143
17,2024-08-18 16:00:00,1403/05/28,115,SO,3,38,28.0,12.7,8.7,118.0,112.6,1.978015184,17,6,8,2024,117.0,117.0,112.0,116.31950046411237
18,2024-08-18 17:00:00,1403/05/28,112,SO,3,36,36.0,12.7,8.7,118.0,113.4,1.95286579,18,6,8,2024,117.0,118.0,117.0,116.8871019977034
19,2024-08-18 18:00:00,1403/05/28,113,SO,3,34,40.0,12.0,8.6,118.0,115.0,1.924753115,19,6,8,2024,118.0,108.0,118.0,115.76606870681555
20,2024-08-18 19:00:00,1403/05/28,114,SO,3,33,51.0,12.0,8.6,118.0,116.7,1.89235679,20,6,8,2024,118.0,120.0,118.0,117.2070714090281
21,2024-08-18 20:00:00,1403/05/28,115,SO,3,33,55.0,12.0,8.6,118.0,117.5,1.861892587,21,6,8,2024,120.0,121.0,119.0,117.25122337241571
22,2024-08-18 21:00:00,1403/05/28,116,SO,3,32,55.0,12.0,8.6,118.0,118.3,1.777742403,22,6,8,2024,116.0,122.0,121.0,116.78940711575247
23,2024-08-18 22:00:00,1403/05/28,117,SO,3,31,60.0,12.8,8.7,118.0,118.3,1.559826386,23,6,8,2024,116.0,115.0,120.0,116.60343009901891
24,2024-08-18 23:00:00,1403/05/29,117,SO,3,30,60.0,12.7,8.7,118.0,118.3,1.342744523,24,6,8,2024,116.0,116.0,115.0,116.68618423018057
1,2024-08-19 00:00:00,1403/05/29,117,SO,3,30,61.0,12.8,8.7,118.0,120.0,1.167007458,1,0,8,2024,117.0,117.0,115.0,117.32005997102848
2,2024-08-19 01:00:00,1403/05/29,117,SO,3,29,62.0,12.8,8.7,118.0,120.0,1.030824382,2,0,8,2024,117.0,117.0,116.0,117.36690931506318
3,2024-08-19 02:00:00,1403/05/29,117,SO,3,28,63.0,12.8,8.7,118.0,120.8,0.92163887,3,0,8,2024,117.0,118.0,116.0,117.42427471554024
4,2024-08-19 03:00:00,1403/05/29,117,SO,3,27,62.0,12.8,8.7,118.0,120.8,0.839963531,4,0,8,2024,118.0,118.0,117.0,117.54879492737771
5,2024-08-19 04:00:00,1403/05/29,117,SO,3,27,62.0,12.8,8.7,118.0,120.8,0.79787686,5,0,8,2024,118.0,120.0,117.0,117.21493283631432
6,2024-08-19 05:00:00,1403/05/29,117,SO,3,28,64.0,12.8,8.7,118.0,120.8,0.801168567,6,0,8,2024,119.0,119.0,118.0,116.5135437184771
7,2024-08-19 06:00:00,1403/05/29,118,SO,3,29,64.0,12.4,8.7,118.0,118.3,0.848496131,7,0,8,2024,119.0,120.0,118.0,116.5135437184771
8,2024-08-19 07:00:00,1403/05/29,116,SO,3,33,43.0,12.4,8.7,118.0,116.7,0.950452476,8,0,8,2024,118.0,118.0,118.0,116.18324502828023
9,2024-08-19 08:00:00,1403/05/29,114,SO,3,35,34.0,12.4,8.7,118.0,114.2,1.131281884,9,0,8,2024,115.0,115.0,115.0,115.02927625140005
10,2024-08-19 09:00:00,1403/05/29,117,SO,3,37,37.0,12.4,8.7,118.0,112.6,1.3897589,10,0,8,2024,112.0,112.0,120.0,114.63272596006948
11,2024-08-19 10:00:00,1403/05/29,117,SO,3,38,33.0,12.4,8.6,118.0,111.8,1.680507407,11,0,8,2024,117.0,109.0,119.0,115.91772863206594
12,2024-08-19 11:00:00,1403/05/29,117,SO,3,39,26.0,12.4,8.6,118.0,110.1,1.96616449,12,0,8,2024,117.0,105.0,117.0,115.90815010823843
13,2024-08-19 12:00:00,1403/05/29,115,SO,3,40,26.0,12.4,8.6,118.0,110.1,2.172365186,13,0,8,2024,117.0,117.0,117.0,116.69770756032844
14,2024-08-19 13:00:00,1403/05/29,116,SO,3,39,25.0,12.4,8.6,118.0,110.1,2.291079592,14,0,8,2024,116.0,117.0,117.0,116.16490011881848
15,2024-08-19 14:00:00,1403/05/29,116,SO,3,39,28.0,12.0,8.6,118.0,110.1,2.284471508,15,0,8,2024,116.0,117.0,117.0,116.13028118197641
16,2024-08-19 15:00:00,1403/05/29,116,SO,3,38,32.0,12.0,8.6,118.0,110.9,2.176505617,16,0,8,2024,117.0,117.0,117.0,116.4790924147257
17,2024-08-19 16:00:00,1403/05/29,116,SO,3,38,40.0,12.0,8.6,118.0,112.6,2.039379444,17,0,8,2024,115.0,117.0,117.0,115.99961746661785
18,2024-08-19 17:00:00,1403/05/29,116,SO,3,36,44.0,12.0,8.6,118.0,113.4,2.010036838,18,0,8,2024,112.0,117.0,118.0,115.77846010668932
19,2024-08-19 18:00:00,1403/05/29,117,SO,3,35,50.0,12.2,8.7,118.0,115.0,1.980715472,19,0,8,2024,113.0,118.0,108.0,114.43671128603174
20,2024-08-19 19:00:00,1403/05/29,117,SO,3,33,51.0,12.2,8.7,118.0,116.7,1.94741537,20,0,8,2024,114.0,118.0,120.0,115.43874269490775
21,2024-08-19 20:00:00,1403/05/29,117,SO,3,33,56.0,12.2,8.7,118.0,117.5,1.912711874,21,0,8,2024,115.0,120.0,121.0,116.49726402250562
22,2024-08-19 21:00:00,1403/05/29,118,SO,3,32,57.0,12.2,8.7,118.0,118.3,1.822865382,22,0,8,2024,116.0,116.0,122.0,116.53042659459976
23,2024-08-19 22:00:00,1403/05/29,118,SO,3,31,57.0,12.4,8.7,118.0,118.3,1.595593143,23,0,8,2024,117.0,116.0,115.0,117.3010505130461
24,2024-08-19 23:00:00,1403/05/30,119,SO,3,31,55.0,12.8,8.7,118.0,118.3,1.37152519,24,0,8,2024,117.0,116.0,116.0,117.35569723779322
1,2024-08-20 00:00:00,1403/05/30,116,SO,3,31,58.0,12.4,8.7,118.0,120.0,1.187332356,1,1,8,2024,117.0,117.0,117.0,117.41087171680942
2,2024-08-20 01:00:00,1403/05/30,116,SO,3,30,59.0,12.4,8.7,118.0,120.0,1.046681951,2,1,8,2024,117.0,117.0,117.0,117.35412630855004
3,2024-08-20 02:00:00,1403/05/30,118,SO,3,29,57.0,12.4,8.7,118.0,120.8,0.935459727,3,1,8,2024,117.0,117.0,118.0,117.44910232630687
4,2024-08-20 03:00:00,1403/05/30,118,SO,3,29,58.0,12.4,8.7,118.0,120.8,0.852967107,4,1,8,2024,117.0,118.0,118.0,117.43737111220462
5,2024-08-20 04:00:00,1403/05/30,118,SO,3,28,62.0,12.4,8.7,118.0,120.8,0.810283773,5,1,8,2024,117.0,118.0,120.0,117.0899705591961
6,2024-08-20 05:00:00,1403/05/30,118,SO,3,29,70.0,12.4,8.7,118.0,120.8,0.815417072,6,1,8,2024,117.0,119.0,119.0,116.61020272332063
7,2024-08-20 06:00:00,1403/05/30,118,SO,3,30,64.0,12.4,8.7,118.0,118.3,0.865363555,7,1,8,2024,118.0,119.0,120.0,116.5800111067105
8,2024-08-20 07:00:00,1403/05/30,117,SO,3,32,49.0,12.4,8.7,118.0,116.7,0.97063307,8,1,8,2024,116.0,118.0,118.0,116.05199425532271
9,2024-08-20 08:00:00,1403/05/30,116,SO,3,34,36.0,12.4,8.7,118.0,114.2,1.152941026,9,1,8,2024,114.0,115.0,115.0,114.94693071771854
10,2024-08-20 09:00:00,1403/05/30,113,SO,3,36,32.0,12.4,8.7,118.0,112.6,1.406789093,10,1,8,2024,117.0,112.0,112.0,115.24797481908075
11,2024-08-20 10:00:00,1403/05/30,117,SO,3,37,28.0,12.3,8.6,118.0,111.8,1.67895335,11,1,8,2024,117.0,117.0,109.0,115.90254488702166
12,2024-08-20 11:00:00,1403/05/30,117,SO,3,39,21.0,12.3,8.6,118.0,110.1,1.930565784,12,1,8,2024,117.0,117.0,105.0,115.76316066293063
13,2024-08-20 12:00:00,1403/05/30,116,SO,3,40,23.0,12.3,8.6,118.0,110.1,2.094354613,13,1,8,2024,115.0,117.0,117.0,116.2584202130576
14,2024-08-20 13:00:00,1403/05/30,116,SO,3,39,27.0,12.3,8.6,118.0,110.1,2.19076317,14,1,8,2024,116.0,116.0,117.0,116.3540837676871
15,2024-08-20 14:00:00,1403/05/30,116,SO,3,39,25.0,12.2,8.6,118.0,110.1,2.193830833,15,1,8,2024,116.0,116.0,117.0,116.23746792093901
16,2024-08-20 15:00:00,1403/05/30,116,SO,3,37,32.0,12.2,8.6,118.0,110.9,2.128583047,16,1,8,2024,116.0,117.0,117.0,116.28140623040927
17,2024-08-20 16:00:00,1403/05/30,117,SO,3,37,35.0,12.2,8.6,118.0,112.6,2.021677677,17,1,8,2024,116.0,115.0,117.0,115.93263932131896
18,2024-08-20 17:00:00,1403/05/30,117,SO,3,36,39.0,12.2,8.6,118.0,113.4,2.001893388,18,1,8,2024,116.0,112.0,117.0,115.67632228920667
19,2024-08-20 18:00:00,1403/05/30,117,SO,3,34,44.0,12.3,8.7,118.0,115.0,1.979264117,19,1,8,2024,117.0,113.0,118.0,116.49660975957306
20,2024-08-20 19:00:00,1403/05/30,117,SO,3,33,49.0,12.3,8.7,118.0,116.7,1.951734663,20,1,8,2024,117.0,114.0,118.0,116.49660975957306
21,2024-08-20 20:00:00,1403/05/30,118,SO,3,32,54.0,12.3,8.7,118.0,117.5,1.913831772,21,1,8,2024,117.0,115.0,120.0,116.49660975957306
22,2024-08-20 21:00:00,1403/05/30,118,SO,3,31,59.0,12.3,8.7,118.0,118.3,1.822067529,22,1,8,2024,118.0,116.0,116.0,116.95517783525864
23,2024-08-20 22:00:00,1403/05/30,117,SO,3,31,58.0,12.3,8.7,118.0,118.3,1.597255901,23,1,8,2024,118.0,117.0,116.0,117.46922529182581
24,2024-08-20 23:00:00,1403/05/31,117,SO,3,30,61.0,12.4,8.7,118.0,118.3,1.374696818,24,1,8,2024,119.0,117.0,116.0,117.49904588762719
1,2024-08-21 00:00:00,1403/05/31,116,SO,3,30,63.0,12.3,8.7,118.0,120.0,1.189533464,1,2,8,2024,116.0,117.0,117.0,117.1483040851029
2,2024-08-21 01:00:00,1403/05/31,116,SO,3,29,66.0,12.3,8.7,118.0,120.0,1.048579382,2,2,8,2024,116.0,117.0,117.0,116.99086980819528
3,2024-08-21 02:00:00,1403/05/31,118,SO,3,29,67.0,12.4,8.8,118.0,120.8,0.937593565,3,2,8,2024,118.0,117.0,117.0,117.47332870920567
4,2024-08-21 03:00:00,1403/05/31,118,SO,3,28,65.0,12.4,8.8,118.0,120.8,0.855418,4,2,8,2024,118.0,117.0,118.0,117.46901649577305
5,2024-08-21 04:00:00,1403/05/31,118,SO,3,28,70.0,12.4,8.8,118.0,120.8,0.813133841,5,2,8,2024,118.0,117.0,118.0,117.12161594276455
6,2024-08-21 05:00:00,1403/05/31,118,SO,3,28,71.0,12.4,8.8,118.0,120.8,0.819381664,6,2,8,2024,118.0,117.0,119.0,116.54159621529517
7,2024-08-21 06:00:00,1403/05/31,118,SO,3,29,67.0,11.7,8.4,118.0,118.3,0.870071134,7,2,8,2024,118.0,118.0,119.0,116.59666426137552
8,2024-08-21 07:00:00,1403/05/31,117,SO,3,31,48.0,11.7,8.4,118.0,116.7,0.976417744,8,2,8,2024,117.0,116.0,118.0,116.4090365292827
9,2024-08-21 08:00:00,1403/05/31,116,SO,3,34,37.0,11.7,8.4,118.0,114.2,1.158722243,9,2,8,2024,116.0,114.0,115.0,115.27308077037537
10,2024-08-21 09:00:00,1403/05/31,113,SO,3,34,41.0,11.7,8.4,118.0,112.6,1.407932346,10,2,8,2024,113.0,117.0,112.0,114.94686673414009
11,2024-08-21 10:00:00,1403/05/31,117,SO,3,36,35.0,11.7,8.4,118.0,111.8,1.664100276,11,2,8,2024,117.0,117.0,117.0,116.82148902230381
12,2024-08-21 11:00:00,1403/05/31,117,SO,3,38,25.0,11.7,8.4,118.0,110.1,1.890096369,12,2,8,2024,117.0,117.0,117.0,116.83110650665486
13,2024-08-21 12:00:00,1403/05/31,116,SO,3,38,26.0,11.7,8.4,118.0,110.1,2.033178078,13,2,8,2024,116.0,115.0,117.0,115.99228757141742
14,2024-08-21 13:00:00,1403/05/31,116,SO,3,39,22.0,11.7,8.4,118.0,110.1,2.124075771,14,2,8,2024,116.0,116.0,116.0,116.24744278205291
15,2024-08-21 14:00:00,1403/05/31,116,SO,3,39,20.0,12.5,8.7,118.0,110.1,2.135578527,15,2,8,2024,116.0,116.0,116.0,116.09644359651185
16,2024-08-21 15:00:00,1403/05/31,116,SO,3,38,31.0,12.5,8.7,118.0,110.9,2.085423045,16,2,8,2024,116.0,116.0,117.0,116.28140623040927
17,2024-08-21 16:00:00,1403/05/31,117,SO,3,36,35.0,12.5,8.7,118.0,112.6,1.995764959,17,2,8,2024,117.0,116.0,115.0,116.48013529768556
18,2024-08-21 17:00:00,1403/05/31,117,SO,3,34,45.0,12.5,8.7,118.0,113.4,1.982627474,18,2,8,2024,117.0,116.0,112.0,116.5380709904088
19,2024-08-21 18:00:00,1403/05/31,117,SO,3,32,54.0,12.4,8.6,118.0,115.0,1.962393762,19,2,8,2024,117.0,117.0,113.0,116.30137222677095
20,2024-08-21 19:00:00,1403/05/31,117,SO,3,31,56.0,12.4,8.6,118.0,116.7,1.936052505,20,2,8,2024,117.0,117.0,114.0,116.67745700640936
21,2024-08-21 20:00:00,1403/05/31,118,SO,3,31,60.0,12.4,8.6,118.0,117.5,1.897268589,21,2,8,2024,118.0,117.0,115.0,116.67745700640936
22,2024-08-21 21:00:00,1403/05/31,118,SO,3,30,62.0,12.4,8.6,118.0,118.3,1.805184524,22,2,8,2024,118.0,118.0,116.0,117.17766758857928
23,2024-08-21 22:00:00,1403/05/31,117,SO,3,30,66.0,12.2,8.8,118.0,118.3,1.582895425,23,2,8,2024,117.0,118.0,117.0,117.71069988836875
24,2024-08-21 23:00:00,1403/06/01,117,SO,3,29,66.0,12.3,8.7,121.0,118.3,1.362837089,24,2,8,2024,117.0,119.0,117.0,117.61857787585437
1,2024-08-22 00:00:00,1403/06/01,118,SO,3,29,66.0,12.2,8.8,121.0,121.6,1.180886924,1,3,8,2024,116.0,116.0,117.0,117.24654692828634
2,2024-08-22 01:00:00,1403/06/01,110,SO,3,29,64.0,12.2,8.8,121.0,122.4,1.041313506,2,3,8,2024,116.0,116.0,117.0,116.94743415019947
3,2024-08-22 02:00:00,1403/06/01,110,SO,3,28,68.0,12.4,8.8,121.0,122.4,0.931706573,3,3,8,2024,118.0,118.0,117.0,117.46337659224545
4,2024-08-22 03:00:00,1403/06/01,110,SO,3,28,70.0,12.4,8.8,121.0,123.3,0.850645979,4,3,8,2024,118.0,118.0,117.0,117.29860776414779
5,2024-08-22 04:00:00,1403/06/01,110,SO,3,28,69.0,12.4,8.8,121.0,123.3,0.809426143,5,3,8,2024,118.0,118.0,117.0,116.69473525854002
6,2024-08-22 05:00:00,1403/06/01,110,SO,3,28,70.0,12.4,8.8,121.0,122.4,0.815966895,6,3,8,2024,118.0,118.0,117.0,115.84972512039408
7,2024-08-22 06:00:00,1403/06/01,110,SO,3,29,63.0,12.5,8.7,121.0,120.8,0.867459895,7,3,8,2024,118.0,118.0,118.0,115.25283429071321
8,2024-08-22 07:00:00,1403/06/01,116,SO,3,32,45.0,12.5,8.7,121.0,119.2,0.975033345,8,3,8,2024,117.0,117.0,116.0,115.01435027552839
9,2024-08-22 08:00:00,1403/06/01,116,SO,3,33,41.0,12.5,8.7,121.0,117.5,1.164222424,9,3,8,2024,116.0,116.0,114.0,114.37012208290525
10,2024-08-22 09:00:00,1403/06/01,118,SO,3,35,31.0,12.5,8.7,121.0,115.9,1.432677866,10,3,8,2024,113.0,113.0,117.0,113.76380469477168
11,2024-08-22 10:00:00,1403/06/01,118,SO,3,37,25.0,12.5,8.7,121.0,115.0,1.715952965,11,3,8,2024,117.0,117.0,117.0,115.63022196211429
12,2024-08-22 11:00:00,1403/06/01,118,SO,3,36,25.0,12.5,8.7,121.0,115.0,1.978112861,12,3,8,2024,117.0,117.0,117.0,115.64226916278464
13,2024-08-22 12:00:00,1403/06/01,118,SO,3,37,26.0,12.5,8.7,121.0,115.0,2.157403172,13,3,8,2024,116.0,116.0,115.0,115.31828332150917
14,2024-08-22 13:00:00,1403/06/01,118,SO,3,36,32.0,12.5,8.7,121.0,118.3,2.262081896,14,3,8,2024,116.0,116.0,116.0,115.66042744199959
15,2024-08-22 14:00:00,1403/06/01,122,SO,3,26,55.0,12.5,8.7,121.0,120.0,2.270445384,15,3,8,2024,116.0,116.0,116.0,116.33114195875675
16,2024-08-22 15:00:00,1403/06/01,116,SO,3,29,52.0,12.5,8.7,121.0,119.2,2.197313326,16,3,8,2024,116.0,116.0,116.0,116.14577415546914
17,2024-08-22 16:00:00,1403/06/01,118,SO,3,28,45.0,12.5,8.7,121.0,119.2,2.075064301,17,3,8,2024,117.0,117.0,116.0,116.3764900921162
18,2024-08-22 17:00:00,1403/06/01,120,SO,3,26,55.0,12.5,8.7,121.0,119.2,2.048988745,18,3,8,2024,117.0,117.0,116.0,117.34914234868506
19,2024-08-22 18:00:00,1403/06/01,120,SO,3,25,60.0,12.6,8.8,121.0,120.0,2.013434813,19,3,8,2024,117.0,117.0,117.0,117.69616941799744
20,2024-08-22 19:00:00,1403/06/01,120,SO,3,27,55.0,12.6,8.8,121.0,120.0,1.964082611,20,3,8,2024,117.0,117.0,117.0,117.51552492706902
21,2024-08-22 20:00:00,1403/06/01,120,SO,3,27,53.0,12.6,8.8,121.0,120.0,1.902244116,21,3,8,2024,118.0,118.0,117.0,117.77971773864313
22,2024-08-22 21:00:00,1403/06/01,121,SO,3,27,63.0,12.6,8.8,121.0,120.8,1.795359973,22,3,8,2024,118.0,118.0,118.0,117.77971773864313
23,2024-08-22 22:00:00,1403/06/01,121,SO,3,25,58.0,12.6,8.9,121.0,120.8,1.567419234,23,3,8,2024,117.0,117.0,118.0,118.01530577521393
24,2024-08-22 23:00:00,1403/06/02,122,SO,3,24,62.0,12.2,8.8,121.0,120.8,1.283349971,24,3,8,2024,117.0,117.0,119.0,117.95241855197085
1,2024-08-23 00:00:00,1403/06/02,122,SO,3,23,68.0,12.6,8.9,121.0,122.4,1.113348734,1,4,8,2024,118.0,116.0,116.0,117.39543966739112
2,2024-08-23 01:00:00,1403/06/02,122,SO,3,23,69.0,12.6,8.9,121.0,122.4,0.983829175,2,4,8,2024,110.0,116.0,116.0,116.32619475644196
3,2024-08-23 02:00:00,1403/06/02,122,SO,3,23,69.0,12.7,8.9,121.0,122.4,0.881643165,3,4,8,2024,110.0,118.0,118.0,116.77495763095686
4,2024-08-23 03:00:00,1403/06/02,121,SO,3,22,72.0,12.7,8.9,121.0,123.3,0.804413569,4,4,8,2024,110.0,118.0,118.0,117.36828347544451
5,2024-08-23 04:00:00,1403/06/02,118,SO,3,22,71.0,12.7,8.9,121.0,123.3,0.764065045,5,4,8,2024,110.0,118.0,118.0,117.5747885733422
6,2024-08-23 05:00:00,1403/06/02,115,SO,3,23,70.0,12.7,8.9,121.0,123.3,0.767712932,6,4,8,2024,110.0,118.0,118.0,116.87400856906055
7,2024-08-23 06:00:00,1403/06/02,116,SO,3,24,67.0,12.4,8.8,121.0,120.8,0.812448512,7,4,8,2024,110.0,118.0,118.0,117.47639689218408
8,2024-08-23 07:00:00,1403/06/02,113,SO,3,27,45.0,12.4,8.8,121.0,118.3,0.907015417,8,4,8,2024,116.0,117.0,117.0,117.79928605286732
9,2024-08-23 08:00:00,1403/06/02,113,SO,3,30,32.0,12.4,8.8,121.0,116.7,1.074563464,9,4,8,2024,116.0,116.0,116.0,117.28162545623995
10,2024-08-23 09:00:00,1403/06/02,121,SO,3,33,21.0,12.4,8.8,121.0,115.9,1.309572305,10,4,8,2024,118.0,113.0,113.0,117.06340487508704
11,2024-08-23 10:00:00,1403/06/02,120,SO,3,36,15.0,12.5,8.8,121.0,115.0,1.554696488,11,4,8,2024,118.0,117.0,117.0,118.42727969056071
12,2024-08-23 11:00:00,1403/06/02,119,SO,3,37,13.0,12.5,8.8,121.0,115.0,1.781579022,12,4,8,2024,118.0,117.0,117.0,118.4001607878636
13,2024-08-23 12:00:00,1403/06/02,119,SO,3,39,15.0,12.5,8.8,121.0,115.0,1.940512255,13,4,8,2024,118.0,116.0,116.0,118.54253192553642
14,2024-08-23 13:00:00,1403/06/02,118,SO,3,40,15.0,12.5,8.8,121.0,118.3,2.034887032,14,4,8,2024,118.0,116.0,116.0,118.52046862415645
15,2024-08-23 14:00:00,1403/06/02,117,SO,3,39,19.0,12.4,8.7,121.0,117.5,2.054028548,15,4,8,2024,122.0,116.0,116.0,118.17359439206228
16,2024-08-23 15:00:00,1403/06/02,118,SO,3,38,22.0,12.4,8.7,121.0,116.7,1.997242502,16,4,8,2024,116.0,116.0,116.0,117.93780686854879
17,2024-08-23 16:00:00,1403/06/02,118,SO,3,37,25.0,12.4,8.7,121.0,116.7,1.892796334,17,4,8,2024,118.0,117.0,117.0,118.38368730201803
18,2024-08-23 17:00:00,1403/06/02,118,SO,3,36,30.0,12.4,8.7,121.0,117.5,1.872522387,18,4,8,2024,120.0,117.0,117.0,118.5122569506586
19,2024-08-23 18:00:00,1403/06/02,119,SO,3,34,37.0,12.4,8.8,121.0,117.5,1.840371565,19,4,8,2024,120.0,117.0,117.0,117.61101329658344
20,2024-08-23 19:00:00,1403/06/02,119,SO,3,32,44.0,12.4,8.8,121.0,117.5,1.790774495,20,4,8,2024,120.0,117.0,117.0,118.3792691149486
21,2024-08-23 20:00:00,1403/06/02,119,SO,3,31,51.0,12.4,8.8,121.0,118.3,1.734121307,21,4,8,2024,120.0,118.0,118.0,118.50096192652266
22,2024-08-23 21:00:00,1403/06/02,119,SO,3,31,55.0,12.4,8.8,121.0,119.2,1.632843202,22,4,8,2024,121.0,118.0,118.0,118.50096192652266
23,2024-08-23 22:00:00,1403/06/02,116,SO,3,29,60.0,12.4,8.8,121.0,119.2,1.426497605,23,4,8,2024,121.0,117.0,117.0,118.56019833093384
24,2024-08-23 23:00:00,1403/06/03,116,SO,3,29,58.0,12.6,8.9,121.0,120.0,1.291254584,24,4,8,2024,122.0,117.0,117.0,118.45446865936461
1,2024-08-24 00:00:00,1403/06/03,116,SO,3,29,58.0,12.4,8.8,121.0,122.4,1.123647403,1,5,8,2024,122.0,118.0,116.0,118.53624849653498
2,2024-08-24 01:00:00,1403/06/03,116,SO,3,28,59.0,12.4,8.8,121.0,122.4,0.994998745,2,5,8,2024,122.0,110.0,116.0,117.09187706408301
3,2024-08-24 02:00:00,1403/06/03,118,SO,3,28,60.0,12.3,8.8,121.0,122.4,0.896127971,3,5,8,2024,122.0,110.0,118.0,117.1450307015717
4,2024-08-24 03:00:00,1403/06/03,118,SO,3,26,62.0,12.3,8.8,121.0,123.3,0.822044426,4,5,8,2024,121.0,110.0,118.0,117.22482787446091
5,2024-08-24 04:00:00,1403/06/03,118,SO,3,26,64.0,12.3,8.8,121.0,123.3,0.785574642,5,5,8,2024,118.0,110.0,118.0,116.81066189653626
6,2024-08-24 05:00:00,1403/06/03,119,SO,3,25,67.0,12.3,8.8,121.0,123.3,0.794886187,6,5,8,2024,115.0,110.0,118.0,115.75193320465601
7,2024-08-24 06:00:00,1403/06/03,119,SO,3,27,63.0,12.2,8.7,121.0,120.8,0.846756,7,5,8,2024,116.0,110.0,118.0,115.81681036637889
8,2024-08-24 07:00:00,1403/06/03,118,SO,3,31,40.0,12.2,8.7,121.0,118.3,0.951159914,8,5,8,2024,113.0,116.0,117.0,116.3398657086338
9,2024-08-24 08:00:00,1403/06/03,116,SO,3,34,35.0,12.2,8.7,121.0,116.7,1.13587443,9,5,8,2024,113.0,116.0,116.0,116.26412692411682
10,2024-08-24 09:00:00,1403/06/03,114,SO,3,35,27.0,12.2,8.7,121.0,115.9,1.395603865,10,5,8,2024,121.0,118.0,113.0,116.43906172886747
11,2024-08-24 10:00:00,1403/06/03,112,SO,3,37,21.0,12.6,8.7,121.0,115.0,1.662353584,11,5,8,2024,120.0,118.0,117.0,117.14014597264847
12,2024-08-24 11:00:00,1403/06/03,120,SO,3,40,16.0,12.6,8.7,121.0,115.0,1.909173067,12,5,8,2024,119.0,118.0,117.0,117.08656454162124
13,2024-08-24 12:00:00,1403/06/03,117,SO,3,40,15.0,12.6,8.7,121.0,115.0,2.08362249,13,5,8,2024,119.0,118.0,116.0,117.03570825852925
14,2024-08-24 13:00:00,1403/06/03,116,SO,3,41,18.0,12.6,8.7,121.0,118.3,2.178366215,14,5,8,2024,118.0,118.0,116.0,116.79982201330776
15,2024-08-24 14:00:00,1403/06/03,118,SO,3,34,43.0,12.3,8.7,121.0,117.5,2.186136996,15,5,8,2024,117.0,122.0,116.0,117.46534036256503
16,2024-08-24 15:00:00,1403/06/03,118,SO,3,38,29.0,12.3,8.7,121.0,116.7,2.113440393,16,5,8,2024,118.0,116.0,116.0,116.99038603717963
17,2024-08-24 16:00:00,1403/06/03,118,SO,3,36,35.0,12.3,8.7,121.0,116.7,2.000799715,17,5,8,2024,118.0,118.0,117.0,117.01677343143578
18,2024-08-24 17:00:00,1403/06/03,118,SO,3,36,39.0,12.3,8.7,121.0,117.5,1.976990057,18,5,8,2024,118.0,120.0,117.0,117.1661498203269
19,2024-08-24 18:00:00,1403/06/03,118,SO,3,34,46.0,12.5,8.7,121.0,117.5,1.937974264,19,5,8,2024,119.0,120.0,117.0,117.21350832603228
20,2024-08-24 19:00:00,1403/06/03,117,SO,3,32,53.0,12.5,8.7,121.0,117.5,1.873818639,20,5,8,2024,119.0,120.0,117.0,117.21350832603228
21,2024-08-24 20:00:00,1403/06/03,117,SO,3,32,55.0,12.5,8.7,121.0,118.3,1.805435892,21,5,8,2024,119.0,120.0,118.0,117.2070714090281
22,2024-08-24 21:00:00,1403/06/03,118,SO,3,31,59.0,12.5,8.7,121.0,119.2,1.681367688,22,5,8,2024,119.0,121.0,118.0,117.25122337241571
23,2024-08-24 22:00:00,1403/06/03,116,SO,3,31,57.0,12.3,8.6,121.0,119.2,1.455753999,23,5,8,2024,116.0,121.0,117.0,117.47603990975571
24,2024-08-24 23:00:00,1403/06/04,116,SO,3,31,56.0,12.4,8.8,121.0,120.0,1.247083609,24,5,8,2024,116.0,122.0,117.0,117.34139862572061
1,2024-08-25 00:00:00,1403/06/04,116,SO,3,29,62.0,12.3,8.6,121.0,120.8,1.084488613,1,6,8,2024,116.0,122.0,118.0,117.62180827449825
2,2024-08-25 01:00:00,1403/06/04,116,SO,3,28,61.0,12.3,8.6,121.0,121.6,0.959656151,2,6,8,2024,116.0,122.0,110.0,116.4993671724315
3,2024-08-25 02:00:00,1403/06/04,117,SO,3,27,63.0,12.5,8.8,121.0,121.6,0.865892952,3,6,8,2024,118.0,122.0,110.0,116.96820893780121
4,2024-08-25 03:00:00,1403/06/04,117,SO,3,27,65.0,12.5,8.8,121.0,122.4,0.796916637,4,6,8,2024,118.0,121.0,110.0,116.9638967243686
5,2024-08-25 04:00:00,1403/06/04,118,SO,3,26,67.0,12.5,8.8,121.0,122.4,0.764708067,5,6,8,2024,118.0,118.0,110.0,116.4210673259142
6,2024-08-25 05:00:00,1403/06/04,119,SO,3,26,70.0,12.5,8.8,121.0,122.4,0.775987877,6,6,8,2024,119.0,115.0,110.0,115.45032472271797
7,2024-08-25 06:00:00,1403/06/04,118,SO,3,32,46.0,12.4,8.7,121.0,120.8,0.828816206,7,6,8,2024,119.0,116.0,110.0,115.67241787553306
8,2024-08-25 07:00:00,1403/06/04,117,SO,3,33,40.0,12.4,8.7,121.0,118.3,0.932208284,8,6,8,2024,118.0,113.0,116.0,115.90564265047723
9,2024-08-25 08:00:00,1403/06/04,116,SO,3,34,37.0,12.4,8.7,121.0,116.7,1.112921367,9,6,8,2024,116.0,113.0,116.0,115.50590412748835
10,2024-08-25 09:00:00,1403/06/04,114,SO,3,36,25.0,12.4,8.7,121.0,115.0,1.364315872,10,6,8,2024,114.0,121.0,118.0,115.90505228474453
11,2024-08-25 10:00:00,1403/06/04,112,SO,3,39,16.0,11.0,8.7,121.0,113.4,1.619248072,11,6,8,2024,112.0,120.0,118.0,115.82183941040384
12,2024-08-25 11:00:00,1403/06/04,108,SO,3,41,11.0,11.0,8.7,121.0,113.4,1.855652486,12,6,8,2024,120.0,119.0,118.0,116.70626222863822
13,2024-08-25 12:00:00,1403/06/04,105,SO,3,40,20.0,11.0,8.7,121.0,112.6,2.026747647,13,6,8,2024,117.0,119.0,118.0,116.48414342685369
14,2024-08-25 13:00:00,1403/06/04,112,SO,3,40,23.0,11.0,8.7,121.0,112.6,2.117596289,14,6,8,2024,116.0,118.0,118.0,116.03596743269452
15,2024-08-25 14:00:00,1403/06/04,112,SO,3,40,21.0,11.8,8.3,121.0,112.6,2.123158841,15,6,8,2024,118.0,117.0,122.0,116.11857924049399
16,2024-08-25 15:00:00,1403/06/04,113,SO,3,38,26.0,11.8,8.3,121.0,112.6,2.049258529,16,6,8,2024,118.0,118.0,116.0,115.91338138944619
17,2024-08-25 16:00:00,1403/06/04,117,SO,3,37,28.0,11.8,8.3,121.0,114.2,1.940860058,17,6,8,2024,118.0,118.0,118.0,115.52124900337219
18,2024-08-25 17:00:00,1403/06/04,116,SO,3,36,33.0,11.8,8.3,121.0,115.9,1.918509449,18,6,8,2024,118.0,118.0,120.0,115.65708693031817
19,2024-08-25 18:00:00,1403/06/04,113,SO,3,35,39.0,12.2,8.7,121.0,116.7,1.877204352,19,6,8,2024,118.0,119.0,120.0,115.34179437470458
20,2024-08-25 19:00:00,1403/06/04,118,SO,3,34,43.0,12.2,8.7,121.0,116.7,1.809624026,20,6,8,2024,117.0,119.0,120.0,116.11005019306971
21,2024-08-25 20:00:00,1403/06/04,119,SO,3,33,47.0,12.2,8.7,121.0,116.7,1.742127917,21,6,8,2024,117.0,119.0,120.0,116.11005019306971
22,2024-08-25 21:00:00,1403/06/04,120,SO,3,31,51.0,12.2,8.7,121.0,117.5,1.623598314,22,6,8,2024,118.0,119.0,121.0,116.28967074634095
23,2024-08-25 22:00:00,1403/06/04,115,SO,3,31,54.0,12.2,8.6,121.0,118.3,1.406630329,23,6,8,2024,116.0,116.0,121.0,115.83547918952495
24,2024-08-25 23:00:00,1403/06/05,115,SO,3,32,50.0,12.3,8.6,121.0,119.2,1.207539754,24,6,8,2024,116.0,116.0,122.0,115.60172220134754
1,2024-08-26 00:00:00,1403/06/05,115,SO,3,30,51.0,12.2,8.6,121.0,120.8,1.0537862,1,0,8,2024,116.0,116.0,122.0,115.8099855503237
2,2024-08-26 01:00:00,1403/06/05,116,SO,3,28,53.0,12.2,8.6,121.0,120.8,0.934138091,2,0,8,2024,116.0,116.0,122.0,115.6525512734161
3,2024-08-26 02:00:00,1403/06/05,118,SO,3,27,57.0,12.5,8.8,121.0,120.8,0.844346677,3,0,8,2024,117.0,118.0,122.0,116.33812167645475
4,2024-08-26 03:00:00,1403/06/05,118,SO,3,26,60.0,12.5,8.8,121.0,121.6,0.778923501,4,0,8,2024,117.0,118.0,121.0,116.41839349232654
5,2024-08-26 04:00:00,1403/06/05,119,SO,3,25,62.0,12.5,8.8,121.0,121.6,0.749195337,5,0,8,2024,118.0,118.0,118.0,116.13621042421488
6,2024-08-26 05:00:00,1403/06/05,119,SO,3,24,66.0,12.5,8.8,121.0,121.6,0.761303671,6,0,8,2024,119.0,119.0,115.0,115.24721536050836
7,2024-08-26 06:00:00,1403/06/05,118,SO,3,28,56.0,12.4,8.7,121.0,120.0,0.814248913,7,0,8,2024,118.0,119.0,116.0,115.41633758697185
8,2024-08-26 07:00:00,1403/06/05,118,SO,3,31,41.0,12.4,8.7,121.0,116.7,0.916424574,8,0,8,2024,117.0,118.0,113.0,114.68386226660974
9,2024-08-26 08:00:00,1403/06/05,112,SO,3,37,18.0,12.4,8.7,121.0,114.2,1.094245176,9,0,8,2024,116.0,116.0,113.0,113.91850388472905
10,2024-08-26 09:00:00,1403/06/05,117,SO,3,38,14.0,12.4,8.7,121.0,112.6,1.340285676,10,0,8,2024,114.0,114.0,121.0,113.82630391404072
11,2024-08-26 10:00:00,1403/06/05,117,SO,3,40,10.0,12.4,8.7,121.0,111.8,1.589910484,11,0,8,2024,112.0,112.0,120.0,114.26420144766018
12,2024-08-26 11:00:00,1403/06/05,117,SO,3,42,7.0,12.4,8.7,121.0,110.9,1.825309634,12,0,8,2024,108.0,120.0,119.0,115.37559203657062
13,2024-08-26 12:00:00,1403/06/05,116,SO,3,43,5.0,12.4,8.7,121.0,110.9,1.996879326,13,0,8,2024,105.0,117.0,119.0,115.64478380096526
14,2024-08-26 13:00:00,1403/06/05,117,SO,3,43,7.0,12.4,8.7,121.0,110.9,2.082122875,14,0,8,2024,112.0,116.0,118.0,115.62653421946489
15,2024-08-26 14:00:00,1403/06/05,117,SO,3,43,7.0,12.4,8.7,121.0,110.9,2.082354279,15,0,8,2024,112.0,118.0,117.0,115.66697392517703
16,2024-08-26 15:00:00,1403/06/05,118,SO,3,42,12.0,12.4,8.7,121.0,110.9,2.005724755,16,0,8,2024,113.0,118.0,118.0,115.71285239519717
17,2024-08-26 16:00:00,1403/06/05,117,SO,3,40,16.0,12.4,8.7,121.0,111.8,1.895691532,17,0,8,2024,117.0,118.0,118.0,116.47364736961966
18,2024-08-26 17:00:00,1403/06/05,108,SO,3,39,20.0,12.4,8.7,121.0,113.4,1.869769409,18,0,8,2024,116.0,118.0,118.0,116.00577027431335
19,2024-08-26 18:00:00,1403/06/05,110,SO,3,36,20.0,12.6,8.7,121.0,115.0,1.828098212,19,0,8,2024,113.0,118.0,119.0,114.79181246639952
20,2024-08-26 19:00:00,1403/06/05,118,SO,3,36,26.0,12.6,8.7,121.0,115.9,1.761160571,20,0,8,2024,118.0,117.0,119.0,116.88074779118593
21,2024-08-26 20:00:00,1403/06/05,118,SO,3,34,33.0,12.6,8.7,121.0,116.7,1.69471352,21,0,8,2024,119.0,117.0,119.0,116.88074779118593
22,2024-08-26 21:00:00,1403/06/05,120,SO,3,32,35.0,12.6,8.7,121.0,117.5,1.575237235,22,0,8,2024,120.0,118.0,119.0,117.00244060276002
23,2024-08-26 22:00:00,1403/06/05,120,SO,3,31,36.0,12.3,8.8,121.0,118.3,1.364861953,23,0,8,2024,115.0,116.0,116.0,116.48781706390434
24,2024-08-26 23:00:00,1403/06/06,120,SO,3,30,37.0,12.2,8.6,121.0,119.2,1.173907094,24,0,8,2024,115.0,116.0,116.0,116.5488668066359
1,2024-08-27 00:00:00,1403/06/06,120,SO,3,28,38.0,12.3,8.8,121.0,119.2,1.02616138,1,1,8,2024,115.0,116.0,116.0,117.08471161910118
2,2024-08-27 01:00:00,1403/06/06,121,SO,3,28,39.0,12.3,8.8,121.0,120.0,0.910646261,2,1,8,2024,116.0,116.0,116.0,117.02129904928908
3,2024-08-27 02:00:00,1403/06/06,121,SO,3,27,43.0,12.3,8.8,121.0,120.0,0.825655151,3,1,8,2024,118.0,117.0,118.0,117.55914899416469
4,2024-08-27 03:00:00,1403/06/06,119,SO,3,26,38.0,12.3,8.8,121.0,120.8,0.763126739,4,1,8,2024,118.0,117.0,118.0,117.72936145385364
5,2024-08-27 04:00:00,1403/06/06,119,SO,3,26,39.0,12.3,8.8,121.0,120.8,0.733518873,5,1,8,2024,119.0,118.0,118.0,117.50379437184165
6,2024-08-27 05:00:00,1403/06/06,119,SO,3,27,40.0,12.3,8.8,121.0,120.0,0.743687638,6,1,8,2024,119.0,119.0,119.0,116.8502669131187
7,2024-08-27 06:00:00,1403/06/06,119,SO,3,27,40.0,12.3,8.7,121.0,118.3,0.79252554,7,1,8,2024,118.0,118.0,119.0,116.80049578439154
8,2024-08-27 07:00:00,1403/06/06,117,SO,3,31,29.0,12.3,8.7,121.0,114.2,0.887285323,8,1,8,2024,118.0,117.0,118.0,116.58103022064377
9,2024-08-27 08:00:00,1403/06/06,119,SO,3,37,13.0,12.3,8.7,121.0,111.8,1.050812801,9,1,8,2024,112.0,116.0,116.0,115.55590101681712
10,2024-08-27 09:00:00,1403/06/06,119,SO,3,41,5.0,12.3,8.7,121.0,110.9,1.275306499,10,1,8,2024,117.0,114.0,114.0,115.95615411738649
11,2024-08-27 10:00:00,1403/06/06,117,SO,3,43,4.0,12.4,8.7,121.0,110.1,1.505448338,11,1,8,2024,117.0,112.0,112.0,116.15179157553055
12,2024-08-27 11:00:00,1403/06/06,116,SO,3,44,2.0,12.4,8.7,121.0,109.3,1.721149237,12,1,8,2024,117.0,108.0,120.0,116.53905885704327
13,2024-08-27 12:00:00,1403/06/06,116,SO,3,44,3.0,12.4,8.7,121.0,109.3,1.873169382,13,1,8,2024,116.0,105.0,117.0,115.98396083042184
14,2024-08-27 13:00:00,1403/06/06,114,SO,3,44,3.0,12.4,8.7,121.0,109.3,1.947877203,14,1,8,2024,117.0,112.0,116.0,116.61042379073325
15,2024-08-27 14:00:00,1403/06/06,114,SO,3,44,3.0,12.6,8.6,121.0,109.3,1.947668376,15,1,8,2024,117.0,112.0,118.0,116.49975820434679
16,2024-08-27 15:00:00,1403/06/06,116,SO,3,43,9.0,12.6,8.6,121.0,110.9,1.875129577,16,1,8,2024,118.0,113.0,118.0,116.15746656089878
17,2024-08-27 16:00:00,1403/06/06,116,SO,3,41,15.0,12.6,8.6,121.0,111.8,1.778624141,17,1,8,2024,117.0,117.0,118.0,116.38586774068364
18,2024-08-27 17:00:00,1403/06/06,117,SO,3,38,16.0,12.6,8.6,121.0,112.6,1.757825003,18,1,8,2024,108.0,116.0,118.0,115.53618137801045
19,2024-08-27 18:00:00,1403/06/06,118,SO,3,37,18.0,12.4,8.8,121.0,113.4,1.720696845,19,1,8,2024,110.0,113.0,118.0,114.59173309813936
20,2024-08-27 19:00:00,1403/06/06,119,SO,3,37,22.0,12.4,8.8,121.0,114.2,1.662014883,20,1,8,2024,118.0,118.0,117.0,117.54076895258267
21,2024-08-27 20:00:00,1403/06/06,120,SO,3,37,27.0,12.4,8.8,121.0,115.9,1.605179528,21,1,8,2024,118.0,119.0,117.0,117.54076895258267
22,2024-08-27 21:00:00,1403/06/06,114,SO,3,31,29.0,12.4,8.8,121.0,116.7,1.496815332,22,1,8,2024,120.0,120.0,118.0,117.08877868411342
23,2024-08-27 22:00:00,1403/06/06,114,SO,3,30,24.0,12.5,8.6,121.0,116.7,1.303296512,23,1,8,2024,120.0,115.0,116.0,117.15333588015261
24,2024-08-27 23:00:00,1403/06/07,114,SO,3,30,25.0,12.3,8.8,121.0,117.5,1.127258641,24,1,8,2024,120.0,115.0,116.0,117.02696868732696
1,2024-08-28 00:00:00,1403/06/07,117,SO,3,27,28.0,12.5,8.6,121.0,119.2,0.989459324,1,2,8,2024,120.0,115.0,116.0,117.72060362625322
2,2024-08-28 01:00:00,1403/06/07,117,SO,3,26,29.0,12.5,8.6,121.0,120.0,0.881468307,2,2,8,2024,121.0,116.0,116.0,117.8746035703003
3,2024-08-28 02:00:00,1403/06/07,118,SO,3,24,32.0,12.5,8.6,121.0,120.0,0.801428701,3,2,8,2024,121.0,118.0,117.0,117.8235996467612
4,2024-08-28 03:00:00,1403/06/07,118,SO,3,24,31.0,12.5,8.6,121.0,120.8,0.742060773,4,2,8,2024,119.0,118.0,117.0,117.98108377426749
5,2024-08-28 04:00:00,1403/06/07,119,SO,3,25,33.0,12.5,8.6,121.0,120.8,0.712532428,5,2,8,2024,119.0,119.0,118.0,117.40024847232442
6,2024-08-28 05:00:00,1403/06/07,119,SO,3,25,32.0,12.5,8.6,121.0,120.0,0.720868597,6,2,8,2024,119.0,119.0,119.0,116.7532703510926
7,2024-08-28 06:00:00,1403/06/07,117,SO,3,28,24.0,12.5,8.6,121.0,118.3,0.76524601,7,2,8,2024,119.0,118.0,118.0,116.80843219900936
8,2024-08-28 07:00:00,1403/06/07,115,SO,3,34,11.0,12.5,8.6,121.0,114.2,0.850812057,8,2,8,2024,117.0,118.0,117.0,116.26481854133118
9,2024-08-28 08:00:00,1403/06/07,118,SO,3,40,5.0,12.5,8.6,121.0,111.8,0.997193644,9,2,8,2024,119.0,112.0,116.0,115.77083044341211
10,2024-08-28 09:00:00,1403/06/07,118,SO,3,42,4.0,12.5,8.6,121.0,110.9,1.195431765,10,2,8,2024,119.0,117.0,114.0,116.3133687465599
11,2024-08-28 10:00:00,1403/06/07,118,SO,3,43,3.0,12.6,8.7,121.0,110.1,1.393501169,11,2,8,2024,117.0,117.0,112.0,116.46361936291984
12,2024-08-28 11:00:00,1403/06/07,118,SO,3,44,2.0,12.6,8.7,121.0,109.3,1.572016901,12,2,8,2024,116.0,117.0,108.0,115.67699514050199
13,2024-08-28 12:00:00,1403/06/07,117,SO,3,44,2.0,12.6,8.7,121.0,109.3,1.697087819,13,2,8,2024,116.0,116.0,105.0,115.6746112727831
14,2024-08-28 13:00:00,1403/06/07,117,SO,3,44,2.0,12.6,8.7,121.0,109.3,1.760068443,14,2,8,2024,114.0,117.0,112.0,115.5683577213888
15,2024-08-28 14:00:00,1403/06/07,117,SO,3,44,2.0,12.0,8.5,121.0,109.3,1.759701231,15,2,8,2024,114.0,117.0,112.0,115.48711548262028
16,2024-08-28 15:00:00,1403/06/07,116,SO,3,43,10.0,12.0,8.5,121.0,110.9,1.706459689,16,2,8,2024,116.0,118.0,113.0,115.72000849772232
17,2024-08-28 16:00:00,1403/06/07,116,SO,3,41,15.0,12.0,8.5,121.0,111.8,1.644470819,17,2,8,2024,116.0,117.0,117.0,115.91110809631408
18,2024-08-28 17:00:00,1403/06/07,118,SO,3,38,18.0,12.0,8.5,121.0,112.6,1.645131008,18,2,8,2024,117.0,108.0,116.0,115.65444808478807
19,2024-08-28 18:00:00,1403/06/07,112,SO,3,36,18.0,11.3,8.2,121.0,113.4,1.629748778,19,2,8,2024,118.0,110.0,113.0,114.64645774394994
20,2024-08-28 19:00:00,1403/06/07,112,SO,3,35,13.0,11.3,8.2,121.0,114.2,1.596539643,20,2,8,2024,119.0,118.0,118.0,116.29449227001473
21,2024-08-28 20:00:00,1403/06/07,114,SO,3,31,21.0,11.3,8.2,121.0,115.9,1.555056749,21,2,8,2024,120.0,118.0,119.0,116.79102986513111
22,2024-08-28 21:00:00,1403/06/07,114,SO,3,31,19.0,11.3,8.2,121.0,116.7,1.456059862,22,2,8,2024,114.0,120.0,120.0,114.68709655882826
23,2024-08-28 22:00:00,1403/06/07,115,SO,3,29,20.0,12.3,8.7,121.0,116.7,1.274727727,23,2,8,2024,114.0,120.0,115.0,115.8267026553615
24,2024-08-28 23:00:00,1403/06/08,116,SO,3,27,21.0,12.5,8.6,121.0,117.5,1.107974172,24,2,8,2024,114.0,120.0,115.0,115.80005585340015
1,2024-08-29 00:00:00,1403/06/08,116,SO,3,26,24.0,12.3,8.7,121.0,119.2,0.976924098,1,3,8,2024,117.0,120.0,115.0,117.75148899129151
2,2024-08-29 01:00:00,1403/06/08,118,SO,3,25,30.0,12.3,8.7,121.0,120.0,0.872464913,2,3,8,2024,117.0,121.0,116.0,118.0080370145472
3,2024-08-29 02:00:00,1403/06/08,118,SO,3,25,33.0,12.6,8.8,121.0,120.0,0.792771192,3,3,8,2024,118.0,121.0,118.0,117.85894665129693
4,2024-08-29 03:00:00,1403/06/08,119,SO,3,24,37.0,12.6,8.8,121.0,120.8,0.73229024,4,3,8,2024,118.0,119.0,118.0,117.59674090459873
5,2024-08-29 04:00:00,1403/06/08,120,SO,3,23,35.0,12.6,8.8,121.0,120.8,0.700395839,5,3,8,2024,119.0,119.0,119.0,117.31610577650638
6,2024-08-29 05:00:00,1403/06/08,121,SO,3,22,38.0,12.6,8.8,121.0,120.0,0.703550557,6,3,8,2024,119.0,119.0,119.0,116.71226250032943
7,2024-08-29 06:00:00,1403/06/08,120,SO,3,26,34.0,12.1,8.7,121.0,118.3,0.741937037,7,3,8,2024,117.0,119.0,118.0,116.59979149652766
8,2024-08-29 07:00:00,1403/06/08,119,SO,3,22,30.0,12.1,8.7,121.0,114.2,0.819943728,8,3,8,2024,115.0,117.0,118.0,116.32034719775876
9,2024-08-29 08:00:00,1403/06/08,114,SO,3,35,20.0,12.1,8.7,121.0,111.8,0.955572248,9,3,8,2024,118.0,119.0,112.0,115.91550804763028
10,2024-08-29 09:00:00,1403/06/08,113,SO,3,35,11.0,12.1,8.7,121.0,110.9,1.140025876,10,3,8,2024,118.0,119.0,117.0,116.26747836140399
11,2024-08-29 10:00:00,1403/06/08,110,SO,3,41,7.0,11.6,8.0,121.0,110.1,1.330028074,11,3,8,2024,118.0,117.0,117.0,116.48909091696487
12,2024-08-29 11:00:00,1403/06/08,105,SO,3,43,4.0,11.6,8.0,121.0,109.3,1.496400299,12,3,8,2024,118.0,116.0,117.0,116.52824512776213
13,2024-08-29 12:00:00,1403/06/08,116,SO,3,44,4.0,11.6,8.0,121.0,109.3,1.601749263,13,3,8,2024,117.0,116.0,116.0,116.47738884467014
14,2024-08-29 13:00:00,1403/06/08,116,SO,3,44,4.0,11.6,8.0,121.0,109.3,1.641662678,14,3,8,2024,117.0,114.0,117.0,116.04346524896917
15,2024-08-29 14:00:00,1403/06/08,116,SO,3,43,7.0,12.6,8.7,121.0,109.3,1.637580436,15,3,8,2024,117.0,114.0,117.0,115.61380655739194
16,2024-08-29 15:00:00,1403/06/08,117,SO,3,41,11.0,12.6,8.7,121.0,110.9,1.597079172,16,3,8,2024,116.0,116.0,118.0,115.35854534544036
17,2024-08-29 16:00:00,1403/06/08,116,SO,3,39,22.0,12.6,8.7,121.0,111.8,1.555241008,17,3,8,2024,116.0,116.0,117.0,115.61855026340226
18,2024-08-29 17:00:00,1403/06/08,112,SO,3,38,14.0,12.6,8.7,121.0,112.6,1.564917231,18,3,8,2024,118.0,117.0,108.0,114.12003212937006
19,2024-08-29 18:00:00,1403/06/08,112,SO,3,37,13.0,12.5,8.5,121.0,113.4,1.560352797,19,3,8,2024,112.0,118.0,110.0,113.74
20,2024-08-29 19:00:00,1403/06/08,112,LF1,3,36,11.0,12.5,8.5,121.0,114.2,1.540796978,20,3,8,2024,112.0,119.0,118.0,113.74
21,2024-08-29 20:00:00,1403/06/08,113,LF1,3,34,19.0,12.5,8.5,121.0,115.9,1.508361927,21,3,8,2024,114.0,120.0,118.0,114.06514875556378
22,2024-08-29 21:00:00,1403/06/08,115,LF1,3,32,25.0,12.5,8.5,121.0,116.7,1.414307361,22,3,8,2024,114.0,114.0,120.0,113.87772042414558
23,2024-08-29 22:00:00,1403/06/08,116,LF1,3,30,26.0,12.4,8.6,121.0,116.7,1.242190069,23,3,8,2024,115.0,114.0,120.0,115.79459822036644
24,2024-08-29 23:00:00,1403/06/09,117,LF1,3,29,26.0,12.3,8.7,121.0,117.5,1.032449856,24,3,8,2024,116.0,114.0,120.0,115.83665212963572
1,2024-08-30 00:00:00,1403/06/09,118,LF1,3,28,24.0,12.4,8.6,121.0,120.0,0.912422601,1,4,8,2024,116.0,117.0,120.0,116.94153437133411
2,2024-08-30 01:00:00,1403/06/09,117,LF1,3,29,22.0,12.4,8.6,121.0,120.0,0.817243603,2,4,8,2024,118.0,117.0,121.0,117.03541713085977
3,2024-08-30 02:00:00,1403/06/09,119,LF1,3,24,28.0,12.5,8.8,121.0,120.8,0.74465095,3,4,8,2024,118.0,118.0,121.0,117.27675440720779
4,2024-08-30 03:00:00,1403/06/09,119,LF1,3,25,28.0,12.5,8.8,121.0,120.8,0.689182864,4,4,8,2024,119.0,118.0,119.0,117.3754797750104
5,2024-08-30 04:00:00,1403/06/09,119,LF1,3,23,27.0,12.5,8.8,121.0,121.6,0.660251182,5,4,8,2024,120.0,119.0,119.0,116.94202994146781
6,2024-08-30 05:00:00,1403/06/09,120,LF1,3,23,25.0,12.5,8.8,121.0,121.6,0.66396889,6,4,8,2024,121.0,119.0,119.0,116.21521259458372
7,2024-08-30 06:00:00,1403/06/09,120,LF1,3,26,29.0,12.6,8.8,121.0,119.2,0.700290254,7,4,8,2024,120.0,117.0,119.0,116.1440353527275
8,2024-08-30 07:00:00,1403/06/09,117,LF1,3,31,16.0,12.6,8.8,121.0,115.0,0.774041993,8,4,8,2024,119.0,115.0,117.0,115.23191111750427
9,2024-08-30 08:00:00,1403/06/09,115,LF1,3,35,12.0,12.6,8.8,121.0,113.4,0.903363202,9,4,8,2024,114.0,118.0,119.0,114.83831468736241
10,2024-08-30 09:00:00,1403/06/09,113,LF1,3,37,8.0,12.6,8.8,121.0,112.6,1.078652345,10,4,8,2024,113.0,118.0,119.0,114.74340015376907
11,2024-08-30 10:00:00,1403/06/09,123,LF1,3,39,20.0,12.6,8.8,121.0,111.8,1.261924992,11,4,8,2024,110.0,118.0,117.0,115.29498168447145
12,2024-08-30 11:00:00,1403/06/09,118,LF1,3,41,4.0,12.6,8.8,121.0,110.9,1.426020081,12,4,8,2024,105.0,118.0,116.0,115.51523376343735
13,2024-08-30 12:00:00,1403/06/09,116,LF1,3,43,5.0,12.6,8.7,121.0,110.9,1.533158878,13,4,8,2024,116.0,117.0,116.0,116.33908434994922
14,2024-08-30 13:00:00,1403/06/09,116,LF1,3,43,6.0,12.6,8.7,121.0,111.8,1.578595311,14,4,8,2024,116.0,117.0,114.0,115.80530810011834
15,2024-08-30 14:00:00,1403/06/09,117,LF1,3,42,7.0,12.6,8.7,121.0,111.8,1.579468705,15,4,8,2024,116.0,117.0,114.0,115.74565036639459
16,2024-08-30 15:00:00,1403/06/09,117,SO,3,41,8.0,12.6,8.7,121.0,112.6,1.540453474,16,4,8,2024,117.0,116.0,116.0,116.24253935806266
17,2024-08-30 16:00:00,1403/06/09,114,SO,3,40,9.0,12.6,8.7,121.0,113.4,1.49811734,17,4,8,2024,116.0,116.0,116.0,115.53010305477122
18,2024-08-30 17:00:00,1403/06/09,111,SO,3,37,11.0,12.6,8.7,121.0,114.2,1.50311718,18,4,8,2024,112.0,118.0,117.0,115.12338990476172
19,2024-08-30 18:00:00,1403/06/09,119,SO,3,34,15.0,12.6,8.9,121.0,115.9,1.495418126,19,4,8,2024,112.0,112.0,118.0,113.74
20,2024-08-30 19:00:00,1403/06/09,120,SO,3,33,17.0,12.6,8.9,121.0,116.7,1.475893178,20,4,8,2024,112.0,112.0,119.0,113.98060077629363
21,2024-08-30 20:00:00,1403/06/09,122,SO,3,29,20.0,12.6,8.9,121.0,116.7,1.443205323,21,4,8,2024,113.0,114.0,120.0,115.06293453290748
22,2024-08-30 21:00:00,1403/06/09,120,SO,3,28,25.0,12.6,8.9,121.0,117.5,1.346852994,22,4,8,2024,115.0,114.0,114.0,115.88312626565171
23,2024-08-30 22:00:00,1403/06/09,117,SO,3,28,25.0,12.5,8.7,121.0,118.3,1.178997119,23,4,8,2024,116.0,115.0,114.0,116.54578006834096
24,2024-08-30 23:00:00,1403/06/10,117,SO,3,29,23.0,12.4,8.6,121.0,119.2,1.077924631,24,4,8,2024,117.0,116.0,114.0,117.28080061598466
1,2024-08-31 00:00:00,1403/06/10,118,SO,3,24,29.0,12.5,8.7,121.0,120.0,0.950135166,1,5,8,2024,118.0,116.0,117.0,118.25370971789613
2,2024-08-31 01:00:00,1403/06/10,119,SO,3,24,29.0,12.5,8.7,121.0,120.0,0.850839023,2,5,8,2024,117.0,118.0,117.0,118.12115187045876
3,2024-08-31 02:00:00,1403/06/10,119,SO,3,23,30.0,12.5,8.7,121.0,120.8,0.776387667,3,5,8,2024,119.0,118.0,118.0,118.1902146497716
4,2024-08-31 03:00:00,1403/06/10,120,SO,3,22,30.0,12.5,8.7,121.0,120.8,0.720446034,4,5,8,2024,119.0,119.0,118.0,118.24257574333899
5,2024-08-31 04:00:00,1403/06/10,121,SO,3,21,30.0,12.5,8.7,121.0,121.6,0.692879277,5,5,8,2024,119.0,120.0,119.0,117.88269377866665
6,2024-08-31 05:00:00,1403/06/10,121,SO,3,23,30.0,12.5,8.7,121.0,121.6,0.701203459,6,5,8,2024,120.0,121.0,119.0,117.66941947981702
7,2024-08-31 06:00:00,1403/06/10,121,SO,3,25,30.0,12.8,8.7,121.0,119.2,0.744095955,7,5,8,2024,120.0,120.0,117.0,117.66230876556273
8,2024-08-31 07:00:00,1403/06/10,117,SO,3,31,15.0,12.8,8.7,121.0,115.0,0.828985161,8,5,8,2024,117.0,119.0,115.0,116.897756467498
9,2024-08-31 08:00:00,1403/06/10,116,SO,3,35,11.0,12.8,8.7,121.0,113.4,0.977336553,9,5,8,2024,115.0,114.0,118.0,116.12772875994295
10,2024-08-31 09:00:00,1403/06/10,112,SO,3,38,12.0,12.8,8.7,121.0,112.6,1.181882541,10,5,8,2024,113.0,113.0,118.0,115.61065714815186
11,2024-08-31 10:00:00,1403/06/10,118,SO,3,39,10.0,12.0,8.1,121.0,111.8,1.395660198,11,5,8,2024,123.0,110.0,118.0,116.26263899765108
12,2024-08-31 11:00:00,1403/06/10,106,SO,3,41,6.0,12.0,8.1,121.0,110.9,1.591836938,12,5,8,2024,118.0,105.0,118.0,115.83309884805082
13,2024-08-31 12:00:00,1403/06/10,106,SO,3,41,6.0,12.0,8.1,121.0,110.9,1.723569506,13,5,8,2024,116.0,116.0,117.0,115.82795160709941
14,2024-08-31 13:00:00,1403/06/10,105,SO,3,42,8.0,12.0,8.1,121.0,111.8,1.781264055,14,5,8,2024,116.0,116.0,117.0,115.78936853014841
15,2024-08-31 14:00:00,1403/06/10,105,SO,3,41,11.0,12.0,8.1,121.0,111.8,1.765577964,15,5,8,2024,117.0,116.0,117.0,115.62157498048268
16,2024-08-31 15:00:00,1403/06/10,105,SO,3,40,11.0,12.0,8.1,121.0,112.6,1.700429366,16,5,8,2024,117.0,117.0,116.0,114.95435977813693
17,2024-08-31 16:00:00,1403/06/10,111,SO,3,38,17.0,12.0,8.1,121.0,113.4,1.641024764,17,5,8,2024,114.0,116.0,116.0,113.74
18,2024-08-31 17:00:00,1403/06/10,112,SO,3,35,20.0,12.0,8.1,121.0,114.2,1.641450476,18,5,8,2024,111.0,112.0,118.0,113.74
19,2024-08-31 18:00:00,1403/06/10,114,SO,3,33,25.0,12.5,8.7,121.0,115.9,1.628810448,19,5,8,2024,119.0,112.0,112.0,113.74
20,2024-08-31 19:00:00,1403/06/10,114,SO,3,32,27.0,12.5,8.7,121.0,116.7,1.601712385,20,5,8,2024,120.0,112.0,112.0,114.02936224244382
21,2024-08-31 20:00:00,1403/06/10,117,SO,3,30,29.0,12.5,8.7,121.0,116.7,1.561395962,21,5,8,2024,122.0,113.0,114.0,114.70515611751276
22,2024-08-31 21:00:00,1403/06/10,117,SO,3,29,33.0,12.5,8.7,121.0,117.5,1.452043114,22,5,8,2024,120.0,115.0,114.0,114.7806351590381
23,2024-08-31 22:00:00,1403/06/10,117,SO,3,29,30.0,12.5,8.7,121.0,118.3,1.262705926,23,5,8,2024,117.0,116.0,115.0,115.87769931645005
24,2024-08-31 23:00:00,1403/06/11,118,SO,3,29,30.0,12.5,8.7,121.0,119.2,1.093075725,24,5,8,2024,117.0,117.0,116.0,116.07771193816689
1,2024-09-01 00:00:00,1403/06/11,116,SO,3,28,59.0,12.6,8.7,121.0,122.4,0.96109341,1,6,9,2024,118.0,118.0,116.0,115.82551427639801
2,2024-09-01 01:00:00,1403/06/11,100,SO,3,27,59.0,12.6,8.7,121.0,123.3,0.859924077,2,6,9,2024,119.0,117.0,118.0,114.86458063702511
3,2024-09-01 02:00:00,1403/06/11,100,SO,3,26,61.0,11.6,8.0,121.0,124.1,0.7835732,3,6,9,2024,119.0,119.0,118.0,113.84775165897362
4,2024-09-01 03:00:00,1403/06/11,100,SO,3,26,62.0,11.6,8.0,121.0,124.1,0.72764821,4,6,9,2024,120.0,119.0,119.0,113.74
5,2024-09-01 04:00:00,1403/06/11,100,SO,3,25,66.0,11.6,8.0,121.0,124.1,0.70338947,5,6,9,2024,121.0,119.0,120.0,113.74
6,2024-09-01 05:00:00,1403/06/11,100,SO,3,25,63.0,11.6,8.0,121.0,124.1,0.716703778,6,6,9,2024,121.0,120.0,121.0,113.74
7,2024-09-01 06:00:00,1403/06/11,100,SO,3,28,56.0,11.9,8.2,121.0,121.6,0.766655556,7,6,9,2024,121.0,120.0,120.0,113.74
8,2024-09-01 07:00:00,1403/06/11,105,SO,3,30,38.0,11.9,8.2,121.0,119.2,0.863246936,8,6,9,2024,117.0,117.0,119.0,113.74
9,2024-09-01 08:00:00,1403/06/11,105,SO,3,33,29.0,11.9,8.2,121.0,117.5,1.032452293,9,6,9,2024,116.0,115.0,114.0,113.74
10,2024-09-01 09:00:00,1403/06/11,105,SO,3,35,24.0,11.9,8.2,121.0,115.9,1.266962704,10,6,9,2024,112.0,113.0,113.0,113.74
11,2024-09-01 10:00:00,1403/06/11,110,SO,3,38,19.0,12.6,8.2,121.0,114.2,1.511893781,11,6,9,2024,118.0,123.0,110.0,113.74
12,2024-09-01 11:00:00,1403/06/11,109,SO,3,39,16.0,12.6,8.2,121.0,114.2,1.737830959,12,6,9,2024,106.0,118.0,105.0,113.74
13,2024-09-01 12:00:00,1403/06/11,115,SO,3,39,18.0,12.6,8.2,121.0,114.2,1.8908857,13,6,9,2024,106.0,116.0,116.0,113.74
14,2024-09-01 13:00:00,1403/06/11,115,SO,3,39,22.0,12.6,8.2,121.0,114.2,1.95064617,14,6,9,2024,105.0,116.0,116.0,113.74
15,2024-09-01 14:00:00,1403/06/11,115,SO,3,37,19.0,12.7,8.7,121.0,114.2,1.918640084,15,6,9,2024,105.0,117.0,116.0,113.74
16,2024-09-01 15:00:00,1403/06/11,116,SO,3,38,9.0,12.7,8.7,121.0,115.9,1.835540177,16,6,9,2024,105.0,117.0,117.0,113.74
17,2024-09-01 16:00:00,1403/06/11,116,SO,3,36,28.0,12.7,8.7,121.0,116.7,1.766221705,17,6,9,2024,111.0,114.0,116.0,113.74
18,2024-09-01 17:00:00,1403/06/11,110,SO,3,34,31.0,12.7,8.7,121.0,118.3,1.76340595,18,6,9,2024,112.0,111.0,112.0,113.74
19,2024-09-01 18:00:00,1403/06/11,110,SO,3,33,32.0,12.4,8.5,121.0,119.2,1.746591069,19,6,9,2024,114.0,119.0,112.0,113.74
20,2024-09-01 19:00:00,1403/06/11,112,SO,3,32,31.0,12.4,8.5,121.0,120.0,1.713635996,20,6,9,2024,114.0,120.0,112.0,113.74
21,2024-09-01 20:00:00,1403/06/11,113,LF1,3,31,37.0,12.4,8.5,121.0,120.8,1.663795884,21,6,9,2024,117.0,122.0,113.0,113.74828786848005
22,2024-09-01 21:00:00,1403/06/11,114,LF1,3,30,42.0,12.4,8.5,121.0,121.6,1.5368733,22,6,9,2024,117.0,120.0,115.0,113.76758559863927
23,2024-09-01 22:00:00,1403/06/11,115,LF1,3,29,41.0,12.4,8.7,121.0,121.6,1.325060321,23,6,9,2024,117.0,117.0,116.0,113.74
24,2024-09-01 23:00:00,1403/06/12,115,LF1,3,28,40.0,12.6,8.7,121.0,122.4,1.137491751,24,6,9,2024,118.0,117.0,117.0,113.74
1,2024-09-02 00:00:00,1403/06/12,118,SO,3,26,34.0,12.5,8.7,121.0,121.6,0.993998077,1,0,9,2024,116.0,118.0,118.0,113.74
2,2024-09-02 01:00:00,1403/06/12,119,SO,3,25,36.0,12.5,8.7,121.0,121.6,0.884994901,2,0,9,2024,100.0,119.0,117.0,113.74
3,2024-09-02 02:00:00,1403/06/12,119,SO,3,24,39.0,11.9,8.4,121.0,122.4,0.803667487,3,0,9,2024,100.0,119.0,119.0,113.74
4,2024-09-02 03:00:00,1403/06/12,121,SO,3,22,46.0,11.9,8.4,121.0,122.4,0.74451495,4,0,9,2024,100.0,120.0,119.0,113.74
5,2024-09-02 04:00:00,1403/06/12,111,SO,3,23,44.0,11.9,8.4,121.0,122.4,0.720310169,5,0,9,2024,100.0,121.0,119.0,113.74
6,2024-09-02 05:00:00,1403/06/12,111,SO,3,24,38.0,11.9,8.4,121.0,122.4,0.736035751,6,0,9,2024,100.0,121.0,120.0,113.74
7,2024-09-02 06:00:00,1403/06/12,111,SO,3,25,37.0,12.9,8.8,121.0,120.8,0.791431504,7,0,9,2024,100.0,121.0,120.0,113.74
8,2024-09-02 07:00:00,1403/06/12,111,SO,3,29,26.0,12.9,8.8,121.0,117.5,0.898440643,8,0,9,2024,105.0,117.0,117.0,113.74
9,2024-09-02 08:00:00,1403/06/12,117,SO,3,34,15.0,12.9,8.8,121.0,115.9,1.087753045,9,0,9,2024,105.0,116.0,115.0,113.74
10,2024-09-02 09:00:00,1403/06/12,115,SO,3,35,14.0,12.9,8.8,121.0,115.0,1.354181633,10,0,9,2024,105.0,112.0,113.0,113.74
11,2024-09-02 10:00:00,1403/06/12,120,SO,3,37,12.0,12.7,8.8,121.0,114.2,1.637100652,11,0,9,2024,110.0,118.0,123.0,113.98307451104327
12,2024-09-02 11:00:00,1403/06/12,119,SO,3,40,10.0,12.7,8.8,121.0,113.4,1.899108784,12,0,9,2024,109.0,106.0,118.0,113.74
13,2024-09-02 12:00:00,1403/06/12,119,SO,3,40,10.0,12.7,8.8,121.0,113.4,2.074081174,13,0,9,2024,115.0,106.0,116.0,113.76283855444626
14,2024-09-02 13:00:00,1403/06/12,119,SO,3,40,14.0,12.7,8.8,121.0,113.4,2.134478305,14,0,9,2024,115.0,105.0,116.0,113.8673067649784
15,2024-09-02 14:00:00,1403/06/12,119,SO,3,39,13.0,12.79,8.8,121.0,114.2,2.088724668,15,0,9,2024,115.0,105.0,117.0,114.70349246425253
16,2024-09-02 15:00:00,1403/06/12,119,SO,3,38,14.0,12.79,8.8,121.0,115.0,1.98317844,16,0,9,2024,116.0,105.0,117.0,114.77642200987673
17,2024-09-02 16:00:00,1403/06/12,119,SO,3,36,22.0,12.79,8.8,121.0,115.9,1.892924175,17,0,9,2024,116.0,111.0,114.0,114.96234274850889
18,2024-09-02 17:00:00,1403/06/12,120,SO,3,35,24.0,12.79,8.8,121.0,117.5,1.875028234,18,0,9,2024,110.0,112.0,111.0,113.97494199071636
19,2024-09-02 18:00:00,1403/06/12,120,SO,3,33,28.0,12.9,8.9,121.0,118.3,1.840190182,19,0,9,2024,110.0,114.0,119.0,114.2366954561851
20,2024-09-02 19:00:00,1403/06/12,121,SO,3,32,30.0,12.9,8.9,121.0,119.2,1.787506024,20,0,9,2024,112.0,114.0,120.0,114.58890973065327
21,2024-09-02 20:00:00,1403/06/12,121,SO,3,31,30.0,12.9,8.9,121.0,120.0,1.724405727,21,0,9,2024,113.0,117.0,122.0,115.13553549026084
22,2024-09-02 21:00:00,1403/06/12,118,SO,3,30,32.0,12.9,8.9,121.0,120.8,1.584989172,22,0,9,2024,114.0,117.0,120.0,115.6041005839855
23,2024-09-02 22:00:00,1403/06/12,116,SO,3,29,34.0,12.5,8.8,121.0,120.8,1.362623511,23,0,9,2024,115.0,117.0,117.0,116.99736590598914
24,2024-09-02 23:00:00,1403/06/13,117,SO,3,28,35.0,12.5,8.7,121.0,120.8,1.166210806,24,0,9,2024,115.0,118.0,117.0,116.97793342743043
1,2024-09-03 00:00:00,1403/06/13,119,SO,3,26,39.0,12.5,8.8,121.0,121.6,1.016010628,1,1,9,2024,118.0,116.0,118.0,117.93599442908953
2,2024-09-03 01:00:00,1403/06/13,119,SO,3,25,40.0,12.5,8.8,121.0,121.6,0.902928703,2,1,9,2024,119.0,100.0,119.0,117.00039916295395
3,2024-09-03 02:00:00,1403/06/13,110,SO,3,25,40.0,13.0,8.8,121.0,122.4,0.818537943,3,1,9,2024,119.0,100.0,119.0,116.71220647956771
4,2024-09-03 03:00:00,1403/06/13,110,SO,3,24,41.0,13.0,8.8,121.0,122.4,0.757347602,4,1,9,2024,121.0,100.0,120.0,116.53884898619518
5,2024-09-03 04:00:00,1403/06/13,110,SO,3,23,42.0,13.0,8.8,121.0,122.4,0.732717175,5,1,9,2024,111.0,100.0,121.0,115.0592705630041
6,2024-09-03 05:00:00,1403/06/13,110,SO,3,21,48.0,13.0,8.8,121.0,122.4,0.749801865,6,1,9,2024,111.0,100.0,121.0,114.38642333747777
7,2024-09-03 06:00:00,1403/06/13,110,SO,3,26,41.0,12.7,8.6,121.0,120.8,0.806805298,7,1,9,2024,111.0,100.0,121.0,114.41572077538383
8,2024-09-03 07:00:00,1403/06/13,114,SO,3,29,28.0,12.7,8.6,121.0,117.5,0.91622138,8,1,9,2024,111.0,105.0,117.0,114.48207110684574
9,2024-09-03 08:00:00,1403/06/13,115,SO,3,33,19.0,12.7,8.6,121.0,115.9,1.108245444,9,1,9,2024,117.0,105.0,116.0,115.39533303241011
10,2024-09-03 09:00:00,1403/06/13,114,SO,3,37,17.0,12.7,8.6,121.0,115.0,1.378820175,10,1,9,2024,115.0,105.0,112.0,114.28192114109017
11,2024-09-03 10:00:00,1403/06/13,112,SO,3,39,6.0,12.7,8.6,121.0,114.2,1.662940282,11,1,9,2024,120.0,110.0,118.0,115.91550395986889
12,2024-09-03 11:00:00,1403/06/13,119,SO,3,41,3.0,12.7,8.6,121.0,113.4,1.924715796,12,1,9,2024,119.0,109.0,106.0,115.07979551360393
13,2024-09-03 12:00:00,1403/06/13,118,SO,3,42,3.0,12.7,8.6,121.0,113.4,2.10110946,13,1,9,2024,119.0,115.0,106.0,115.64624162724701
14,2024-09-03 13:00:00,1403/06/13,118,SO,3,42,3.0,12.7,8.6,121.0,113.4,2.167060199,14,1,9,2024,119.0,115.0,105.0,115.58561140331162
15,2024-09-03 14:00:00,1403/06/13,118,SO,3,41,7.0,12.7,8.7,121.0,114.2,2.117113408,15,1,9,2024,119.0,115.0,105.0,115.25178660520058
16,2024-09-03 15:00:00,1403/06/13,118,SO,3,41,11.0,12.7,8.7,121.0,115.0,2.011252411,16,1,9,2024,119.0,116.0,105.0,115.33948267169711
17,2024-09-03 16:00:00,1403/06/13,118,SO,3,39,16.0,12.7,8.7,121.0,115.9,1.922648946,17,1,9,2024,119.0,116.0,111.0,115.2663932796338
18,2024-09-03 17:00:00,1403/06/13,119,SO,3,37,22.0,12.7,8.7,121.0,117.5,1.907197953,18,1,9,2024,120.0,110.0,112.0,115.52054712679129
19,2024-09-03 18:00:00,1403/06/13,113,SO,3,35,19.0,12.8,8.9,121.0,118.3,1.868216196,19,1,9,2024,120.0,110.0,114.0,114.35543978075619
20,2024-09-03 19:00:00,1403/06/13,120,SO,3,33,21.0,12.8,8.9,121.0,119.2,1.809953388,20,1,9,2024,121.0,112.0,114.0,115.42586209075422
21,2024-09-03 20:00:00,1403/06/13,122,SO,3,31,26.0,12.8,8.9,121.0,120.0,1.744949075,21,1,9,2024,121.0,113.0,117.0,115.92021655159395
22,2024-09-03 21:00:00,1403/06/13,123,SO,3,30,29.0,12.8,8.9,121.0,120.8,1.607621837,22,1,9,2024,118.0,114.0,117.0,116.28887514359816
23,2024-09-03 22:00:00,1403/06/13,116,SO,3,29,30.0,12.8,8.7,121.0,120.8,1.384287117,23,1,9,2024,116.0,115.0,117.0,116.31569354570604
24,2024-09-03 23:00:00,1403/06/14,116,SO,3,28,29.0,12.5,8.8,121.0,120.8,1.188021124,24,1,9,2024,117.0,115.0,118.0,116.79279346987005
1,2024-09-04 00:00:00,1403/06/14,117,SO,3,27,30.0,12.8,8.7,121.0,121.6,1.036399367,1,2,9,2024,119.0,118.0,116.0,117.52427272537473
2,2024-09-04 01:00:00,1403/06/14,119,SO,3,25,29.0,12.8,8.7,121.0,121.6,0.921004667,2,2,9,2024,119.0,119.0,100.0,115.82556754566994
3,2024-09-04 02:00:00,1403/06/14,120,SO,3,23,34.0,12.8,8.9,121.0,122.4,0.832904436,3,2,9,2024,110.0,119.0,100.0,114.94502437365969
4,2024-09-04 03:00:00,1403/06/14,112,SO,3,22,31.0,12.8,8.9,121.0,122.4,0.768400644,4,2,9,2024,110.0,121.0,100.0,115.46447389116724
5,2024-09-04 04:00:00,1403/06/14,112,SO,3,22,31.0,12.8,8.9,121.0,122.4,0.74059619,5,2,9,2024,110.0,111.0,100.0,114.14470233108317
6,2024-09-04 05:00:00,1403/06/14,112,SO,3,21,31.0,12.8,8.9,121.0,122.4,0.756258886,6,2,9,2024,110.0,111.0,100.0,113.74
7,2024-09-04 06:00:00,1403/06/14,114,SO,3,25,32.0,12.9,8.8,121.0,120.8,0.812209755,7,2,9,2024,110.0,111.0,100.0,113.74
8,2024-09-04 07:00:00,1403/06/14,114,SO,3,29,23.0,12.9,8.8,121.0,117.5,0.920951927,8,2,9,2024,114.0,111.0,105.0,114.02938419207078
9,2024-09-04 08:00:00,1403/06/14,116,SO,3,34,12.0,12.9,8.8,121.0,115.9,1.11214872,9,2,9,2024,115.0,117.0,105.0,114.81904448201587
10,2024-09-04 09:00:00,1403/06/14,113,SO,3,37,7.0,12.9,8.8,121.0,115.0,1.383721196,10,2,9,2024,114.0,115.0,105.0,114.09073367157586
11,2024-09-04 10:00:00,1403/06/14,111,SO,3,40,2.0,11.7,8.2,121.0,114.2,1.663387157,11,2,9,2024,112.0,120.0,110.0,115.05193990361178
12,2024-09-04 11:00:00,1403/06/14,107,SO,3,40,1.0,11.7,8.2,121.0,113.4,1.914300646,12,2,9,2024,119.0,119.0,109.0,115.76026979153893
13,2024-09-04 12:00:00,1403/06/14,117,SO,3,41,1.0,11.7,8.2,121.0,113.4,2.070678971,13,2,9,2024,118.0,119.0,115.0,116.50327132394469
14,2024-09-04 13:00:00,1403/06/14,118,SO,3,41,2.0,11.7,8.2,121.0,113.4,2.121331967,14,2,9,2024,118.0,119.0,115.0,116.54394757811153
15,2024-09-04 14:00:00,1403/06/14,119,SO,3,41,4.0,12.8,8.2,121.0,114.2,2.064689367,15,2,9,2024,118.0,119.0,115.0,116.47465478928869
16,2024-09-04 15:00:00,1403/06/14,118,SO,3,40,6.0,12.8,8.2,121.0,115.0,1.972839254,16,2,9,2024,118.0,119.0,116.0,116.40583240346555
17,2024-09-04 16:00:00,1403/06/14,119,SO,3,39,14.0,12.8,8.2,121.0,115.9,1.900526001,17,2,9,2024,118.0,119.0,116.0,116.39997147533342
18,2024-09-04 17:00:00,1403/06/14,120,SO,3,36,16.0,12.8,8.2,121.0,117.5,1.895013697,18,2,9,2024,119.0,120.0,110.0,115.55789136713486
19,2024-09-04 18:00:00,1403/06/14,120,SO,3,33,23.0,13.0,8.9,121.0,118.3,1.869512185,19,2,9,2024,113.0,120.0,110.0,114.06171517219865
20,2024-09-04 19:00:00,1403/06/14,121,SO,3,32,26.0,13.0,8.9,121.0,119.2,1.821264563,20,2,9,2024,120.0,121.0,112.0,116.46960196548018
21,2024-09-04 20:00:00,1403/06/14,121,SO,3,30,28.0,13.0,8.9,121.0,120.0,1.759717633,21,2,9,2024,122.0,121.0,113.0,116.69833879764771
22,2024-09-04 21:00:00,1403/06/14,118,SO,3,28,31.0,13.0,8.9,121.0,120.8,1.624672911,22,2,9,2024,123.0,118.0,114.0,116.85394999444729
23,2024-09-04 22:00:00,1403/06/14,118,SO,3,28,33.0,12.7,8.8,121.0,120.8,1.403737069,23,2,9,2024,116.0,116.0,115.0,116.56909364596066
24,2024-09-04 23:00:00,1403/06/15,119,SO,3,28,36.0,12.8,8.7,121.0,120.8,1.207382536,24,2,9,2024,116.0,117.0,115.0,116.49459312132161
1,2024-09-05 00:00:00,1403/06/15,119,SO,3,25,40.0,12.7,8.8,121.0,122.4,1.054591951,1,3,9,2024,117.0,119.0,118.0,117.68150125131177
2,2024-09-05 01:00:00,1403/06/15,119,SO,3,24,41.0,12.7,8.8,121.0,123.3,0.937187442,2,3,9,2024,119.0,119.0,119.0,117.52368264738061
3,2024-09-05 02:00:00,1403/06/15,120,SO,3,23,43.0,12.7,8.8,121.0,123.3,0.846049373,3,3,9,2024,120.0,110.0,119.0,116.74331730027333
4,2024-09-05 03:00:00,1403/06/15,121,SO,3,22,41.0,12.7,8.8,121.0,124.1,0.778192024,4,3,9,2024,112.0,110.0,121.0,115.87568173907081
5,2024-09-05 04:00:00,1403/06/15,122,SO,3,21,42.0,12.7,8.8,121.0,124.1,0.746975153,5,3,9,2024,112.0,110.0,111.0,114.76574895776278
6,2024-09-05 05:00:00,1403/06/15,100,SO,3,21,43.0,12.7,8.8,121.0,124.1,0.758828661,6,3,9,2024,112.0,110.0,111.0,113.74
7,2024-09-05 06:00:00,1403/06/15,105,SO,3,25,35.0,11.0,7.9,121.0,121.6,0.810664774,7,3,9,2024,114.0,110.0,111.0,113.74
8,2024-09-05 07:00:00,1403/06/15,100,SO,3,29,23.0,11.0,7.9,121.0,117.5,0.913587308,8,3,9,2024,114.0,114.0,111.0,113.74
9,2024-09-05 08:00:00,1403/06/15,100,SO,3,33,16.0,11.0,7.9,121.0,115.0,1.09788382,9,3,9,2024,116.0,115.0,117.0,113.74
10,2024-09-05 09:00:00,1403/06/15,116,SO,3,36,12.0,11.0,7.9,121.0,113.4,1.364276828,10,3,9,2024,113.0,114.0,115.0,113.74
11,2024-09-05 10:00:00,1403/06/15,113,SO,3,39,7.0,12.7,8.7,121.0,112.6,1.650733569,11,3,9,2024,111.0,112.0,120.0,113.77169895130439
12,2024-09-05 11:00:00,1403/06/15,109,SO,3,40,6.0,12.7,8.7,121.0,112.6,1.915586802,12,3,9,2024,107.0,119.0,119.0,114.60648244362594
13,2024-09-05 12:00:00,1403/06/15,118,SO,3,41,8.0,12.7,8.7,121.0,112.6,2.092191257,13,3,9,2024,117.0,118.0,119.0,115.74694239430859
14,2024-09-05 13:00:00,1403/06/15,118,SO,3,42,10.0,12.7,8.7,121.0,113.4,2.150159571,14,3,9,2024,118.0,118.0,119.0,115.87058978264325
15,2024-09-05 14:00:00,1403/06/15,118,SO,3,39,19.0,12.8,8.7,121.0,115.0,2.093438241,15,3,9,2024,119.0,118.0,119.0,115.62302898005396
16,2024-09-05 15:00:00,1403/06/15,119,SO,3,38,26.0,12.8,8.7,121.0,115.9,1.981543098,16,3,9,2024,118.0,118.0,119.0,115.71955345777617
17,2024-09-05 16:00:00,1403/06/15,119,SO,3,36,30.0,12.8,8.7,121.0,116.7,1.89910971,17,3,9,2024,119.0,118.0,119.0,115.67719552473616
18,2024-09-05 17:00:00,1403/06/15,120,SO,3,34,30.0,12.8,8.7,121.0,117.5,1.882805914,18,3,9,2024,120.0,119.0,120.0,116.00046505955852
19,2024-09-05 18:00:00,1403/06/15,121,SO,3,32,34.0,13.1,8.9,121.0,118.3,1.849247301,19,3,9,2024,120.0,113.0,120.0,115.06177950060956
20,2024-09-05 19:00:00,1403/06/15,122,SO,3,30,35.0,13.1,8.9,121.0,119.2,1.795538562,20,3,9,2024,121.0,120.0,121.0,116.45788652045815
21,2024-09-05 20:00:00,1403/06/15,122,SO,3,29,40.0,13.1,8.9,121.0,120.0,1.731820612,21,3,9,2024,121.0,122.0,121.0,116.57751752537109
22,2024-09-05 21:00:00,1403/06/15,119,SO,3,28,42.0,13.1,8.9,121.0,120.8,1.59495263,22,3,9,2024,118.0,123.0,118.0,117.12776784111557
23,2024-09-05 22:00:00,1403/06/15,119,SO,3,28,43.0,10.4,7.5,121.0,120.8,1.383031077,23,3,9,2024,118.0,116.0,116.0,117.0240795048403
24,2024-09-05 23:00:00,1403/06/16,119,SO,3,28,44.0,12.7,8.8,121.0,120.8,1.138147871,24,3,9,2024,119.0,116.0,117.0,117.06631866086792
1,2024-09-06 00:00:00,1403/06/16,90,SO,3,25,47.0,10.4,7.5,121.0,122.4,0.996701861,1,4,9,2024,119.0,117.0,119.0,114.62848575902262
2,2024-09-06 01:00:00,1403/06/16,116,SO,3,25,50.0,10.4,7.5,121.0,123.3,0.887429298,2,4,9,2024,119.0,119.0,119.0,114.46542492990912
3,2024-09-06 02:00:00,1403/06/16,116,SO,3,24,54.0,12.8,8.8,121.0,124.1,0.801465929,3,4,9,2024,120.0,120.0,110.0,113.74
4,2024-09-06 03:00:00,1403/06/16,116,SO,3,24,52.0,12.8,8.8,121.0,124.1,0.736417036,4,4,9,2024,121.0,112.0,110.0,113.74
5,2024-09-06 04:00:00,1403/06/16,117,SO,3,23,52.0,12.8,8.8,121.0,124.1,0.70358274,5,4,9,2024,122.0,112.0,110.0,113.74
6,2024-09-06 05:00:00,1403/06/16,118,SO,3,22,53.0,12.8,8.8,121.0,124.1,0.710093871,6,4,9,2024,100.0,112.0,110.0,113.74
7,2024-09-06 06:00:00,1403/06/16,117,SO,3,26,48.0,13.1,8.7,121.0,121.6,0.752179365,7,4,9,2024,105.0,114.0,110.0,113.74
8,2024-09-06 07:00:00,1403/06/16,116,SO,3,29,32.0,13.1,8.7,121.0,119.2,0.836916641,8,4,9,2024,100.0,114.0,114.0,113.74
9,2024-09-06 08:00:00,1403/06/16,114,SO,3,32,26.0,13.1,8.7,121.0,117.5,0.988292306,9,4,9,2024,100.0,116.0,115.0,114.05078154554454
10,2024-09-06 09:00:00,1403/06/16,112,SO,3,35,21.0,13.1,8.7,121.0,115.9,1.20667421,10,4,9,2024,116.0,113.0,114.0,114.10040957201393
11,2024-09-06 10:00:00,1403/06/16,111,SO,3,37,15.0,12.1,8.4,121.0,114.2,1.442082038,11,4,9,2024,113.0,111.0,112.0,113.74
12,2024-09-06 11:00:00,1403/06/16,110,SO,3,38,18.0,12.1,8.4,121.0,114.2,1.665834171,12,4,9,2024,109.0,107.0,119.0,113.8731967485302
13,2024-09-06 12:00:00,1403/06/16,115,SO,3,39,17.0,12.1,8.4,121.0,114.2,1.827021408,13,4,9,2024,118.0,117.0,118.0,115.85246071617058
14,2024-09-06 13:00:00,1403/06/16,115,SO,3,39,17.0,12.1,8.4,121.0,114.2,1.892818384,14,4,9,2024,118.0,118.0,118.0,115.78918607909284
15,2024-09-06 14:00:00,1403/06/16,115,SO,3,38,20.0,13.2,8.7,121.0,114.2,1.854074125,15,4,9,2024,118.0,119.0,118.0,115.71493953503774
16,2024-09-06 15:00:00,1403/06/16,115,SO,3,37,24.0,13.2,8.7,121.0,115.9,1.75638156,16,4,9,2024,119.0,118.0,118.0,115.70297298813331
17,2024-09-06 16:00:00,1403/06/16,115,SO,3,36,33.0,13.2,8.7,121.0,116.7,1.68432061,17,4,9,2024,119.0,119.0,118.0,115.6000035170384
18,2024-09-06 17:00:00,1403/06/16,115,SO,3,33,39.0,13.2,8.7,121.0,118.3,1.671119952,18,4,9,2024,120.0,120.0,119.0,115.337631381754
19,2024-09-06 18:00:00,1403/06/16,116,SO,3,32,42.0,12.5,8.7,121.0,119.2,1.640670124,19,4,9,2024,121.0,120.0,113.0,115.0931897121626
20,2024-09-06 19:00:00,1403/06/16,116,SO,3,31,49.0,12.5,8.7,121.0,120.0,1.594898294,20,4,9,2024,122.0,121.0,120.0,116.35222739477089
21,2024-09-06 20:00:00,1403/06/16,117,SO,3,30,55.0,12.5,8.7,121.0,120.8,1.543924643,21,4,9,2024,122.0,121.0,122.0,116.35222739477089
22,2024-09-06 21:00:00,1403/06/16,117,SO,3,29,56.0,12.5,8.7,121.0,121.6,1.429424633,22,4,9,2024,119.0,118.0,123.0,116.3835544729086
23,2024-09-06 22:00:00,1403/06/16,114,SO,3,29,55.0,12.6,8.7,121.0,121.6,1.250237906,23,4,9,2024,119.0,118.0,116.0,116.49577024891097
24,2024-09-06 23:00:00,1403/06/17,115,SO,3,28,60.0,10.4,7.5,121.0,122.4,1.143105977,24,4,9,2024,119.0,119.0,116.0,116.36165408839693
1,2024-09-07 00:00:00,1403/06/17,115,LF1,3,26,42.0,12.4,8.7,121.0,122.4,1.007286534,1,5,9,2024,90.0,119.0,117.0,114.78870524358823
2,2024-09-07 01:00:00,1403/06/17,116,LF1,3,26,43.0,12.4,8.7,121.0,123.3,0.900772592,2,5,9,2024,116.0,119.0,119.0,115.90723297099191
3,2024-09-07 02:00:00,1403/06/17,116,LF1,3,24,39.0,12.9,8.8,121.0,124.1,0.815770788,3,5,9,2024,116.0,120.0,120.0,115.91210105921934
4,2024-09-07 03:00:00,1403/06/17,118,LF1,3,24,55.0,12.9,8.8,121.0,124.1,0.751397504,4,5,9,2024,116.0,121.0,112.0,115.67252849400899
5,2024-09-07 04:00:00,1403/06/17,119,LF1,3,24,52.0,12.9,8.8,121.0,124.1,0.717896722,5,5,9,2024,117.0,122.0,112.0,115.72705180143714
6,2024-09-07 05:00:00,1403/06/17,118,LF1,3,25,47.0,12.9,8.8,121.0,124.1,0.722525841,6,5,9,2024,118.0,100.0,112.0,113.74
7,2024-09-07 06:00:00,1403/06/17,118,LF1,3,26,48.0,12.5,8.7,121.0,121.6,0.761306515,7,5,9,2024,117.0,105.0,114.0,114.84216845598223
8,2024-09-07 07:00:00,1403/06/17,116,LF1,3,30,30.0,12.5,8.7,121.0,119.2,0.838451512,8,5,9,2024,116.0,100.0,114.0,114.348064025225
9,2024-09-07 08:00:00,1403/06/17,114,LF1,3,34,27.0,12.5,8.7,121.0,117.5,0.971038223,9,5,9,2024,114.0,100.0,116.0,114.1343121325113
10,2024-09-07 09:00:00,1403/06/17,112,LF1,3,36,20.0,12.5,8.7,121.0,115.9,1.155553986,10,5,9,2024,112.0,116.0,113.0,114.02387146323565
11,2024-09-07 10:00:00,1403/06/17,117,LF1,3,38,9.0,12.8,8.7,121.0,114.2,1.347909171,11,5,9,2024,111.0,113.0,111.0,113.74
12,2024-09-07 11:00:00,1403/06/17,116,LF1,3,38,10.0,12.8,8.7,121.0,114.2,1.522134633,12,5,9,2024,110.0,109.0,107.0,113.74
13,2024-09-07 12:00:00,1403/06/17,115,LF1,3,39,10.0,12.8,8.7,121.0,114.2,1.647672654,13,5,9,2024,115.0,118.0,117.0,116.10353515376713
14,2024-09-07 13:00:00,1403/06/17,116,LF1,3,40,9.0,12.8,8.7,121.0,114.2,1.70718966,14,5,9,2024,115.0,118.0,118.0,116.07774292787697
15,2024-09-07 14:00:00,1403/06/17,115,SO,3,40,12.0,12.7,8.7,121.0,114.2,1.686412417,15,5,9,2024,115.0,118.0,119.0,115.9687739123052
16,2024-09-07 15:00:00,1403/06/17,116,SO,3,39,13.0,12.7,8.7,121.0,115.9,1.619689574,16,5,9,2024,115.0,119.0,118.0,115.89590516000072
17,2024-09-07 16:00:00,1403/06/17,110,SO,3,38,15.0,12.7,8.7,121.0,116.7,1.576702069,17,5,9,2024,115.0,119.0,119.0,115.6179695755734
18,2024-09-07 17:00:00,1403/06/17,111,SO,3,35,20.0,12.7,8.7,121.0,118.3,1.579417434,18,5,9,2024,115.0,120.0,120.0,115.8147277417765
19,2024-09-07 18:00:00,1403/06/17,118,SO,3,32,25.0,12.9,8.8,121.0,119.2,1.568083822,19,5,9,2024,116.0,121.0,120.0,115.96300392159783
20,2024-09-07 19:00:00,1403/06/17,117,SO,3,33,30.0,12.9,8.8,121.0,120.0,1.541671398,20,5,9,2024,116.0,122.0,121.0,115.96300392159783
21,2024-09-07 20:00:00,1403/06/17,117,SO,3,31,38.0,12.9,8.8,121.0,120.8,1.505189003,21,5,9,2024,117.0,122.0,121.0,116.42482017826104
22,2024-09-07 21:00:00,1403/06/17,115,SO,3,28,42.0,12.9,8.8,121.0,121.6,1.402120292,22,5,9,2024,117.0,119.0,118.0,116.9729857420423
23,2024-09-07 22:00:00,1403/06/17,115,SO,3,27,44.0,12.9,8.8,121.0,121.6,1.236533209,23,5,9,2024,114.0,119.0,118.0,116.26345487437177
24,2024-09-07 23:00:00,1403/06/18,115,SO,3,26,47.0,12.4,8.7,121.0,122.4,1.084699786,24,5,9,2024,115.0,119.0,119.0,116.79134417171767
1,2024-09-08 00:00:00,1403/06/18,116,SO,3,25,47.0,12.9,8.8,121.0,120.8,0.960949662,1,6,9,2024,115.0,90.0,119.0,114.69015504167496
2,2024-09-08 01:00:00,1403/06/18,117,SO,3,24,49.0,12.9,8.8,121.0,120.8,0.863068734,2,6,9,2024,116.0,116.0,119.0,116.65420023542724
3,2024-09-08 02:00:00,1403/06/18,117,SO,3,23,39.0,12.9,8.8,121.0,120.8,0.785018464,3,6,9,2024,116.0,116.0,120.0,116.72025793673379
4,2024-09-08 03:00:00,1403/06/18,117,SO,3,24,39.0,12.9,8.8,121.0,120.8,0.726539531,4,6,9,2024,118.0,116.0,121.0,117.132346923005
5,2024-09-08 04:00:00,1403/06/18,118,SO,3,25,39.0,12.8,8.8,121.0,121.6,0.697378486,5,6,9,2024,119.0,117.0,122.0,116.8779053858813
6,2024-09-08 05:00:00,1403/06/18,119,SO,3,26,38.0,12.8,8.8,121.0,121.6,0.705766237,6,6,9,2024,118.0,118.0,100.0,114.22292366327082
7,2024-09-08 06:00:00,1403/06/18,119,SO,3,25,38.0,12.8,8.8,121.0,120.0,0.748322584,7,6,9,2024,118.0,117.0,105.0,114.75901622415554
8,2024-09-08 07:00:00,1403/06/18,117,SO,3,29,23.0,12.8,8.8,121.0,117.5,0.828691925,8,6,9,2024,116.0,116.0,100.0,114.28907942415537
9,2024-09-08 08:00:00,1403/06/18,114,SO,3,33,18.0,12.8,8.8,121.0,115.9,0.964486448,9,6,9,2024,114.0,114.0,100.0,113.74
10,2024-09-08 09:00:00,1403/06/18,112,SO,3,35,16.0,12.8,8.8,121.0,115.0,1.149381383,10,6,9,2024,112.0,112.0,116.0,114.50309313192355
11,2024-09-08 10:00:00,1403/06/18,116,SO,3,37,15.0,12.9,8.8,121.0,113.4,1.332570066,11,6,9,2024,117.0,111.0,113.0,115.39290657051298
12,2024-09-08 11:00:00,1403/06/18,116,SO,3,38,10.0,12.9,8.8,121.0,113.4,1.491404815,12,6,9,2024,116.0,110.0,109.0,113.90530118716549
13,2024-09-08 12:00:00,1403/06/18,116,SO,3,39,6.0,12.9,8.8,121.0,112.6,1.601818069,13,6,9,2024,115.0,115.0,118.0,115.64765986872548
14,2024-09-08 13:00:00,1403/06/18,116,SO,3,40,4.0,12.9,8.8,121.0,112.6,1.65037085,14,6,9,2024,116.0,115.0,118.0,115.88448772337851
15,2024-09-08 14:00:00,1403/06/18,116,SO,3,40,6.0,12.6,8.8,121.0,113.4,1.633472054,15,6,9,2024,115.0,115.0,118.0,115.56847864484064
16,2024-09-08 15:00:00,1403/06/18,116,SO,3,39,7.0,12.6,8.8,121.0,114.2,1.577700231,16,6,9,2024,116.0,115.0,119.0,115.53302702724432
17,2024-09-08 16:00:00,1403/06/18,117,SO,3,38,8.0,12.6,8.8,121.0,115.0,1.541017613,17,6,9,2024,110.0,115.0,119.0,115.00742052574601
18,2024-09-08 17:00:00,1403/06/18,117,SO,3,37,10.0,12.6,8.8,121.0,116.7,1.542570504,18,6,9,2024,111.0,115.0,120.0,115.04074171450387
19,2024-09-08 18:00:00,1403/06/18,119,SO,3,30,23.0,12.6,8.7,121.0,118.3,1.529677785,19,6,9,2024,118.0,116.0,121.0,116.84519770388677
20,2024-09-08 19:00:00,1403/06/18,113,SO,3,28,23.0,12.6,8.7,121.0,119.2,1.498981439,20,6,9,2024,117.0,116.0,122.0,116.84561303682888
21,2024-09-08 20:00:00,1403/06/18,114,SO,3,29,24.0,12.6,8.7,121.0,120.0,1.45577868,21,6,9,2024,117.0,117.0,122.0,116.84561303682888
22,2024-09-08 21:00:00,1403/06/18,116,SO,3,27,27.0,12.6,8.7,121.0,120.0,1.349079259,22,6,9,2024,115.0,117.0,119.0,116.42388175194274
23,2024-09-08 22:00:00,1403/06/18,116,SO,3,26,25.0,12.6,8.8,121.0,120.8,1.18990264,23,6,9,2024,115.0,114.0,119.0,116.60022425902173
24,2024-09-08 23:00:00,1403/06/19,117,SO,3,24,25.0,12.9,8.8,121.0,120.8,1.043726606,24,6,9,2024,115.0,115.0,119.0,116.6805405923804
1,2024-09-09 00:00:00,1403/06/19,117,SO,3,23,29.0,12.6,8.8,121.0,118.3,0.925314651,1,0,9,2024,116.0,115.0,90.0,115.6185516611381
2,2024-09-09 01:00:00,1403/06/19,117,SO,3,21,30.0,12.6,8.8,121.0,119.2,0.833132762,2,0,9,2024,117.0,116.0,116.0,117.78583430237248
3,2024-09-09 02:00:00,1403/06/19,118,SO,3,22,31.0,12.8,8.9,121.0,120.0,0.760495355,3,0,9,2024,117.0,116.0,116.0,117.74575701490787
4,2024-09-09 03:00:00,1403/06/19,119,SO,3,20,31.0,12.8,8.9,121.0,120.0,0.705886946,4,0,9,2024,117.0,118.0,116.0,117.94933131364098
5,2024-09-09 04:00:00,1403/06/19,120,SO,3,20,33.0,12.8,8.9,121.0,120.0,0.678587448,5,0,9,2024,118.0,119.0,117.0,117.44350753366541
6,2024-09-09 05:00:00,1403/06/19,120,SO,3,20,33.0,12.8,8.9,121.0,120.0,0.68603452,6,0,9,2024,119.0,118.0,118.0,116.84975637540461
7,2024-09-09 06:00:00,1403/06/19,120,SO,3,21,30.0,12.9,8.9,121.0,120.0,0.724935749,7,0,9,2024,119.0,118.0,117.0,116.88305399496497
8,2024-09-09 07:00:00,1403/06/19,120,SO,3,26,23.0,12.9,8.9,121.0,116.7,0.798321279,8,0,9,2024,117.0,116.0,116.0,116.62448254959075
9,2024-09-09 08:00:00,1403/06/19,119,SO,3,32,10.0,12.9,8.9,121.0,115.0,0.918931759,9,0,9,2024,114.0,114.0,114.0,114.9101543507337
10,2024-09-09 09:00:00,1403/06/19,119,SO,3,35,8.0,12.9,8.9,121.0,114.2,1.07697439,10,0,9,2024,112.0,112.0,112.0,114.5018082283338
11,2024-09-09 10:00:00,1403/06/19,118,SO,3,38,7.0,12.9,8.8,121.0,112.6,1.226920863,11,0,9,2024,116.0,117.0,111.0,115.61371250142916
12,2024-09-09 11:00:00,1403/06/19,118,SO,3,39,4.0,12.9,8.8,121.0,112.6,1.352591479,12,0,9,2024,116.0,116.0,110.0,115.95771902292024
13,2024-09-09 12:00:00,1403/06/19,117,SO,3,41,3.0,12.9,8.8,121.0,111.8,1.437420332,13,0,9,2024,116.0,115.0,115.0,116.22959056816059
14,2024-09-09 13:00:00,1403/06/19,116,SO,3,40,5.0,12.9,8.8,121.0,111.8,1.476162312,14,0,9,2024,116.0,116.0,115.0,116.55342436225342
15,2024-09-09 14:00:00,1403/06/19,117,SO,3,40,5.0,12.5,8.7,121.0,111.8,1.471512953,15,0,9,2024,116.0,115.0,115.0,116.21263323643977
16,2024-09-09 15:00:00,1403/06/19,117,SO,3,39,7.0,12.5,8.7,121.0,113.4,1.438911466,16,0,9,2024,116.0,116.0,115.0,116.26418755828325
17,2024-09-09 16:00:00,1403/06/19,117,SO,3,37,9.0,12.5,8.7,121.0,114.2,1.420413791,17,0,9,2024,117.0,110.0,115.0,115.83649793835284
18,2024-09-09 17:00:00,1403/06/19,118,SO,3,35,13.0,12.5,8.7,121.0,115.9,1.429515506,18,0,9,2024,117.0,111.0,115.0,116.07604200115895
19,2024-09-09 18:00:00,1403/06/19,118,SO,3,32,15.0,13.0,8.8,121.0,115.9,1.422287802,19,0,9,2024,119.0,118.0,116.0,116.6229733297355
20,2024-09-09 19:00:00,1403/06/19,118,SO,3,30,18.0,13.0,8.8,121.0,116.7,1.397831608,20,0,9,2024,113.0,117.0,116.0,114.92549195056186
21,2024-09-09 20:00:00,1403/06/19,119,SO,3,30,30.0,13.0,8.8,121.0,116.7,1.3600538,21,0,9,2024,114.0,117.0,117.0,115.7515443686348
22,2024-09-09 21:00:00,1403/06/19,115,SO,3,29,33.0,13.0,8.8,121.0,116.7,1.262324565,22,0,9,2024,116.0,115.0,117.0,116.09277676126703
23,2024-09-09 22:00:00,1403/06/19,114,SO,3,27,34.0,13.0,8.7,121.0,117.5,1.117710805,23,0,9,2024,116.0,115.0,114.0,116.65616416197734
24,2024-09-09 23:00:00,1403/06/20,115,SO,3,27,36.0,12.6,8.8,121.0,117.5,0.985854641,24,0,9,2024,117.0,115.0,115.0,117.09546851039488
1,2024-09-10 00:00:00,1403/06/20,115,SO,3,25,38.0,13.0,8.7,121.0,118.3,0.876994617,1,1,9,2024,117.0,116.0,115.0,117.7944327628091
2,2024-09-10 01:00:00,1403/06/20,117,SO,3,24,39.0,13.0,8.7,121.0,119.2,0.79239929,2,1,9,2024,117.0,117.0,116.0,117.81366122406442
3,2024-09-10 02:00:00,1403/06/20,117,SO,3,22,43.0,13.0,8.7,121.0,120.0,0.726151692,3,1,9,2024,118.0,117.0,116.0,117.85909342351601
4,2024-09-10 03:00:00,1403/06/20,117,SO,3,21,45.0,13.0,8.7,121.0,120.0,0.676688476,4,1,9,2024,119.0,117.0,118.0,117.96291089176623
5,2024-09-10 04:00:00,1403/06/20,118,SO,3,20,47.0,13.0,8.7,121.0,120.0,0.651982509,5,1,9,2024,120.0,118.0,119.0,117.78102220906217
6,2024-09-10 05:00:00,1403/06/20,119,SO,3,21,42.0,13.0,8.7,121.0,120.0,0.660152149,6,1,9,2024,120.0,119.0,118.0,117.06716420898462
7,2024-09-10 06:00:00,1403/06/20,118,SO,3,25,39.0,12.8,8.8,121.0,120.0,0.697347495,7,1,9,2024,120.0,119.0,118.0,116.83202646931235
8,2024-09-10 07:00:00,1403/06/20,116,SO,3,31,23.0,12.8,8.8,121.0,115.9,0.766297911,8,1,9,2024,120.0,117.0,116.0,116.57314041188131
9,2024-09-10 08:00:00,1403/06/20,113,SO,3,35,9.0,12.8,8.8,121.0,113.4,0.876385149,9,1,9,2024,119.0,114.0,114.0,115.88892293273297
10,2024-09-10 09:00:00,1403/06/20,117,SO,3,39,5.0,12.8,8.8,121.0,112.6,1.016018887,10,1,9,2024,119.0,112.0,112.0,115.51067778127435
11,2024-09-10 10:00:00,1403/06/20,115,SO,3,41,3.0,12.6,8.7,121.0,110.9,1.143586529,11,1,9,2024,118.0,116.0,117.0,117.02599261196224
12,2024-09-10 11:00:00,1403/06/20,115,SO,3,42,3.0,12.6,8.7,121.0,110.1,1.248192247,12,1,9,2024,118.0,116.0,116.0,117.1171180940747
13,2024-09-10 12:00:00,1403/06/20,114,SO,3,42,3.0,12.6,8.7,121.0,110.1,1.319531207,13,1,9,2024,117.0,116.0,115.0,116.8399877177905
14,2024-09-10 13:00:00,1403/06/20,114,SO,3,42,3.0,12.6,8.7,121.0,110.1,1.357204114,14,1,9,2024,116.0,116.0,116.0,116.53270066408673
15,2024-09-10 14:00:00,1403/06/20,115,SO,3,42,2.0,12.6,8.7,121.0,111.8,1.365514739,15,1,9,2024,117.0,116.0,115.0,116.82303038606969
16,2024-09-10 15:00:00,1403/06/20,115,SO,3,39,3.0,12.6,8.7,121.0,113.4,1.350821759,16,1,9,2024,117.0,116.0,116.0,116.8091752376078
17,2024-09-10 16:00:00,1403/06/20,115,SO,3,36,15.0,12.6,8.7,121.0,114.2,1.346881021,17,1,9,2024,117.0,117.0,110.0,115.59337784209598
18,2024-09-10 17:00:00,1403/06/20,110,SO,3,36,20.0,12.6,8.7,121.0,115.9,1.365602435,18,1,9,2024,118.0,117.0,111.0,115.5045468312891
19,2024-09-10 18:00:00,1403/06/20,110,SO,3,36,17.0,12.9,8.7,121.0,115.9,1.370189323,19,1,9,2024,118.0,119.0,118.0,115.64208625102812
20,2024-09-10 19:00:00,1403/06/20,116,SO,3,34,16.0,12.9,8.7,121.0,116.7,1.357414502,20,1,9,2024,118.0,113.0,117.0,114.64262887857244
21,2024-09-10 20:00:00,1403/06/20,118,SO,3,31,19.0,12.9,8.7,121.0,116.7,1.326833281,21,1,9,2024,119.0,114.0,117.0,114.64262887857244
22,2024-09-10 21:00:00,1403/06/20,119,SO,3,29,22.0,12.9,8.7,121.0,116.7,1.234084825,22,1,9,2024,115.0,116.0,115.0,115.38877275030701
23,2024-09-10 22:00:00,1403/06/20,119,SO,3,30,21.0,13.0,8.9,121.0,117.5,1.09270622,23,1,9,2024,114.0,116.0,115.0,115.57453448228952
24,2024-09-10 23:00:00,1403/06/21,119,SO,3,28,22.0,13.0,8.7,121.0,117.5,0.963607087,24,1,9,2024,115.0,117.0,115.0,116.19324650334968
1,2024-09-11 00:00:00,1403/06/21,118,SO,3,28,23.0,13.0,8.9,121.0,120.8,0.856982323,1,2,9,2024,115.0,117.0,116.0,117.06695737123883
2,2024-09-11 01:00:00,1403/06/21,116,SO,3,25,28.0,13.0,8.9,121.0,121.6,0.775050448,2,2,9,2024,117.0,117.0,117.0,117.45896422634257
3,2024-09-11 02:00:00,1403/06/21,115,SO,3,24,28.0,12.8,8.8,121.0,122.4,0.711322239,3,2,9,2024,117.0,118.0,117.0,117.51890036065035
4,2024-09-11 03:00:00,1403/06/21,116,SO,3,23,27.0,12.8,8.8,121.0,122.4,0.664534952,4,2,9,2024,117.0,119.0,117.0,117.52812660916285
5,2024-09-11 04:00:00,1403/06/21,118,SO,3,23,30.0,12.8,8.8,121.0,122.4,0.642305273,5,2,9,2024,118.0,120.0,118.0,117.13856757984439
6,2024-09-11 05:00:00,1403/06/21,110,SO,3,23,29.0,12.8,8.8,121.0,122.4,0.653136158,6,2,9,2024,119.0,120.0,119.0,116.24666549129805
7,2024-09-11 06:00:00,1403/06/21,110,SO,3,25,27.0,12.5,8.5,121.0,120.0,0.694446975,7,2,9,2024,118.0,120.0,119.0,115.43562156537027
8,2024-09-11 07:00:00,1403/06/21,112,SO,3,33,8.0,12.5,8.5,121.0,116.7,0.771383081,8,2,9,2024,116.0,120.0,117.0,114.72269417253901
9,2024-09-11 08:00:00,1403/06/21,110,SO,3,36,11.0,12.5,8.5,121.0,114.2,0.898198594,9,2,9,2024,113.0,119.0,114.0,113.96752215160343
10,2024-09-11 09:00:00,1403/06/21,103,SO,3,39,4.0,12.5,8.5,121.0,112.6,1.066755126,10,2,9,2024,117.0,119.0,112.0,114.24519388376089
11,2024-09-11 10:00:00,1403/06/21,116,SO,3,41,3.0,12.8,8.7,121.0,111.8,1.227486652,11,2,9,2024,115.0,118.0,116.0,115.07656349119489
12,2024-09-11 11:00:00,1403/06/21,115,SO,3,41,2.0,12.8,8.7,121.0,110.1,1.356972198,12,2,9,2024,115.0,118.0,116.0,115.07656349119489
13,2024-09-11 12:00:00,1403/06/21,115,SO,3,41,2.0,12.8,8.7,121.0,110.1,1.435803938,13,2,9,2024,114.0,117.0,116.0,114.6849845535304
14,2024-09-11 13:00:00,1403/06/21,115,SO,3,42,2.0,12.8,8.7,121.0,110.1,1.464457721,14,2,9,2024,114.0,116.0,116.0,114.80490301735489
15,2024-09-11 14:00:00,1403/06/21,115,SO,3,42,3.0,12.5,8.7,121.0,110.1,1.452477674,15,2,9,2024,115.0,117.0,116.0,115.06314025088915
16,2024-09-11 15:00:00,1403/06/21,115,SO,3,41,4.0,12.5,8.7,121.0,112.6,1.424184271,16,2,9,2024,115.0,117.0,116.0,114.82376471462106
17,2024-09-11 16:00:00,1403/06/21,115,SO,3,38,11.0,12.5,8.7,121.0,114.2,1.413798978,17,2,9,2024,115.0,117.0,117.0,114.52283854095285
18,2024-09-11 17:00:00,1403/06/21,90,SO,3,36,15.0,12.5,8.7,121.0,115.9,1.426790001,18,2,9,2024,110.0,118.0,117.0,113.74
19,2024-09-11 18:00:00,1403/06/21,117,SO,3,34,22.0,12.6,8.9,121.0,116.7,1.426256096,19,2,9,2024,110.0,118.0,119.0,113.74
20,2024-09-11 19:00:00,1403/06/21,122,SO,3,32,18.0,12.6,8.9,121.0,117.5,1.409653131,20,2,9,2024,116.0,118.0,113.0,114.53850499052714
21,2024-09-11 20:00:00,1403/06/21,122,SO,3,31,22.0,12.6,8.9,121.0,117.5,1.369458222,21,2,9,2024,118.0,119.0,114.0,115.40151578444099
22,2024-09-11 21:00:00,1403/06/21,123,SO,3,29,22.0,12.6,8.9,121.0,118.3,1.263133975,22,2,9,2024,119.0,115.0,116.0,115.05835598788738
23,2024-09-11 22:00:00,1403/06/21,118,SO,3,27,26.0,12.9,8.8,121.0,118.3,1.10974185,23,2,9,2024,119.0,114.0,116.0,115.6927484550188
24,2024-09-11 23:00:00,1403/06/22,118,SO,3,26,25.0,13.0,8.9,121.0,119.2,0.973975699,24,2,9,2024,119.0,115.0,117.0,116.14977897516957
1,2024-09-12 00:00:00,1403/06/22,118,SO,3,25,26.0,12.9,8.8,121.0,120.8,0.862576864,1,3,9,2024,118.0,115.0,117.0,115.35399632146499
2,2024-09-12 01:00:00,1403/06/22,120,SO,3,23,29.0,12.9,8.8,121.0,121.6,0.778251763,2,3,9,2024,116.0,117.0,117.0,114.98783720185219
3,2024-09-12 02:00:00,1403/06/22,120,SO,3,22,32.0,12.9,8.8,121.0,122.4,0.713210271,3,3,9,2024,115.0,117.0,118.0,114.61637594949553
4,2024-09-12 03:00:00,1403/06/22,121,SO,3,21,30.0,12.9,8.8,121.0,122.4,0.665390848,4,3,9,2024,116.0,117.0,119.0,114.80029264539618
5,2024-09-12 04:00:00,1403/06/22,121,SO,3,22,28.0,12.9,8.8,121.0,122.4,0.642631324,5,3,9,2024,118.0,118.0,120.0,114.8856820745116
6,2024-09-12 05:00:00,1403/06/22,121,SO,3,22,29.0,12.9,8.8,121.0,122.4,0.654239043,6,3,9,2024,110.0,119.0,120.0,113.76909934295864
7,2024-09-12 06:00:00,1403/06/22,122,SO,3,24,29.0,12.9,8.8,121.0,120.0,0.697567617,7,3,9,2024,110.0,118.0,120.0,114.06762908769949
8,2024-09-12 07:00:00,1403/06/22,120,SO,3,29,19.0,12.9,8.8,121.0,116.7,0.779919334,8,3,9,2024,112.0,116.0,120.0,114.31791018694942
9,2024-09-12 08:00:00,1403/06/22,117,SO,3,31,11.0,12.9,8.8,121.0,114.2,0.91988692,9,3,9,2024,110.0,113.0,119.0,113.80280334545702
10,2024-09-12 09:00:00,1403/06/22,120,SO,3,36,8.0,12.9,8.8,121.0,112.6,1.113785624,10,3,9,2024,103.0,117.0,119.0,114.45358052025034
11,2024-09-12 10:00:00,1403/06/22,120,SO,3,39,6.0,12.7,8.7,121.0,111.8,1.30616859,11,3,9,2024,116.0,115.0,118.0,115.30371978556889
12,2024-09-12 11:00:00,1403/06/22,119,SO,3,40,6.0,12.7,8.7,121.0,110.1,1.46777612,12,3,9,2024,115.0,115.0,118.0,115.30850432356046
13,2024-09-12 12:00:00,1403/06/22,119,SO,3,41,6.0,12.7,8.7,121.0,110.1,1.560893911,13,3,9,2024,115.0,114.0,117.0,115.19168484162029
14,2024-09-12 13:00:00,1403/06/22,119,SO,3,41,5.0,12.7,8.7,121.0,110.1,1.580866761,14,3,9,2024,115.0,114.0,116.0,115.75889942238702
15,2024-09-12 14:00:00,1403/06/22,119,SO,3,41,5.0,12.7,8.7,121.0,110.1,1.542920708,15,3,9,2024,115.0,115.0,117.0,115.93168115707834
16,2024-09-12 15:00:00,1403/06/22,118,SO,3,41,10.0,12.7,8.7,121.0,112.6,1.491880808,16,3,9,2024,115.0,115.0,117.0,115.64106730795919
17,2024-09-12 16:00:00,1403/06/22,118,SO,3,38,14.0,12.7,8.7,121.0,114.2,1.466228891,17,3,9,2024,115.0,115.0,117.0,115.4977697602092
18,2024-09-12 17:00:00,1403/06/22,118,SO,3,35,31.0,12.7,8.7,121.0,115.9,1.468150592,18,3,9,2024,90.0,110.0,118.0,117.8073955987522
19,2024-09-12 18:00:00,1403/06/22,118,SO,3,33,38.0,12.5,8.7,121.0,116.7,1.456337529,19,3,9,2024,117.0,110.0,118.0,118.13088610689088
20,2024-09-12 19:00:00,1403/06/22,119,SO,3,33,39.0,12.5,8.7,121.0,117.5,1.430610961,20,3,9,2024,122.0,116.0,118.0,118.80606845467447
21,2024-09-12 20:00:00,1403/06/22,116,SO,3,32,46.0,12.5,8.7,121.0,117.5,1.37933952,21,3,9,2024,122.0,118.0,119.0,119.10018010654868
22,2024-09-12 21:00:00,1403/06/22,120,SO,3,31,48.0,12.5,8.7,121.0,118.3,1.262172699,22,3,9,2024,123.0,119.0,115.0,118.74135975646897
23,2024-09-12 22:00:00,1403/06/22,118,SO,3,28,53.0,12.5,8.8,121.0,118.3,1.10308354,23,3,9,2024,118.0,119.0,114.0,119.45248241054536
24,2024-09-12 23:00:00,1403/06/23,119,SO,3,27,57.0,12.9,8.8,121.0,119.2,0.918102602,24,3,9,2024,118.0,119.0,115.0,119.49308673794698
1,2024-09-13 00:00:00,1403/06/23,119,SO,3,26,58.0,12.5,8.8,121.0,120.8,0.812105934,1,4,9,2024,118.0,118.0,115.0,119.83439872990682
2,2024-09-13 01:00:00,1403/06/23,119,SO,3,25,58.0,12.5,8.8,121.0,121.6,0.732466117,2,4,9,2024,120.0,116.0,117.0,119.60265570000217
3,2024-09-13 02:00:00,1403/06/23,120,SO,3,24,60.0,12.7,8.9,121.0,122.4,0.670903773,3,4,9,2024,120.0,115.0,117.0,119.27944899312217
4,2024-09-13 03:00:00,1403/06/23,122,SO,3,25,67.0,12.7,8.9,121.0,122.4,0.625210735,4,4,9,2024,121.0,116.0,117.0,119.91159526022328
5,2024-09-13 04:00:00,1403/06/23,122,SO,3,24,66.0,12.7,8.9,121.0,122.4,0.602871485,5,4,9,2024,121.0,118.0,118.0,119.69513674221213
6,2024-09-13 05:00:00,1403/06/23,122,SO,3,24,63.0,12.7,8.9,121.0,122.4,0.611463163,6,4,9,2024,121.0,110.0,119.0,118.34885627064118
7,2024-09-13 06:00:00,1403/06/23,122,SO,3,25,55.0,13.0,8.8,121.0,120.0,0.648417147,7,4,9,2024,122.0,110.0,118.0,118.40877258356045
8,2024-09-13 07:00:00,1403/06/23,120,SO,3,29,40.0,13.0,8.8,121.0,116.7,0.720314323,8,4,9,2024,120.0,112.0,116.0,118.25999777497486
9,2024-09-13 08:00:00,1403/06/23,118,SO,3,33,31.0,13.0,8.8,121.0,114.2,0.843323559,9,4,9,2024,117.0,110.0,113.0,117.82706268185746
10,2024-09-13 09:00:00,1403/06/23,115,SO,3,36,18.0,13.0,8.8,121.0,112.6,1.014329423,10,4,9,2024,120.0,103.0,117.0,117.77051515612824
11,2024-09-13 10:00:00,1403/06/23,118,SO,3,37,9.0,13.0,8.8,121.0,111.8,1.186219181,11,4,9,2024,120.0,116.0,115.0,118.45851648923676
12,2024-09-13 11:00:00,1403/06/23,120,SO,3,39,10.0,13.0,8.8,121.0,110.1,1.338635366,12,4,9,2024,119.0,115.0,115.0,118.13901008437092
13,2024-09-13 12:00:00,1403/06/23,119,SO,3,40,10.0,13.0,8.8,121.0,110.1,1.435406157,13,4,9,2024,119.0,115.0,114.0,118.13901008437092
14,2024-09-13 13:00:00,1403/06/23,118,SO,3,40,10.0,13.0,8.8,121.0,110.1,1.462665279,14,4,9,2024,119.0,115.0,114.0,118.11694678299095
15,2024-09-13 14:00:00,1403/06/23,119,SO,3,40,10.0,13.0,8.8,121.0,110.1,1.430460692,15,4,9,2024,119.0,115.0,115.0,118.12205275265012
16,2024-09-13 15:00:00,1403/06/23,119,SO,3,38,10.0,13.0,8.8,121.0,112.6,1.381971482,16,4,9,2024,118.0,115.0,115.0,117.95789355667034
17,2024-09-13 16:00:00,1403/06/23,120,SO,3,36,20.0,13.0,8.8,121.0,114.2,1.359647136,17,4,9,2024,118.0,115.0,115.0,118.11197795837802
18,2024-09-13 17:00:00,1403/06/23,120,SO,3,34,30.0,13.0,8.8,121.0,115.9,1.36121702,18,4,9,2024,118.0,90.0,110.0,116.59798010632105
19,2024-09-13 18:00:00,1403/06/23,120,SO,3,32,33.0,12.9,8.9,121.0,116.7,1.350993714,19,4,9,2024,118.0,117.0,110.0,117.74363523616462
20,2024-09-13 19:00:00,1403/06/23,121,SO,3,30,36.0,12.9,8.9,121.0,117.5,1.329064797,20,4,9,2024,119.0,122.0,116.0,118.7920224517815
21,2024-09-13 20:00:00,1403/06/23,122,SO,3,30,36.0,12.9,8.9,121.0,117.5,1.285476537,21,4,9,2024,116.0,122.0,118.0,118.77265473927547
22,2024-09-13 21:00:00,1403/06/23,119,SO,3,27,35.0,12.9,8.9,121.0,118.3,1.176071712,22,4,9,2024,120.0,123.0,119.0,119.5258557231726
23,2024-09-13 22:00:00,1403/06/23,117,SO,3,26,38.0,12.9,8.9,121.0,118.3,1.028491617,23,4,9,2024,118.0,118.0,119.0,120.12581443226136
24,2024-09-13 23:00:00,1403/06/24,119,SO,3,25,40.0,12.5,8.8,121.0,119.2,0.945274274,24,4,9,2024,119.0,118.0,119.0,120.05131390762232
1,2024-09-14 00:00:00,1403/06/24,119,SO,3,23,43.0,12.9,8.9,121.0,121.6,0.837339369,1,5,9,2024,119.0,118.0,118.0,120.2346257144053
2,2024-09-14 01:00:00,1403/06/24,120,SO,3,22,47.0,12.9,8.9,121.0,121.6,0.755494777,2,5,9,2024,119.0,120.0,116.0,120.05281684479556
3,2024-09-14 02:00:00,1403/06/24,121,SO,3,22,49.0,13.1,9.0,121.0,122.4,0.692765149,3,5,9,2024,120.0,120.0,115.0,119.85083057825
4,2024-09-14 03:00:00,1403/06/24,122,SO,3,21,55.0,13.1,9.0,121.0,122.4,0.646063932,4,5,9,2024,122.0,121.0,116.0,120.43154719974521
5,2024-09-14 04:00:00,1403/06/24,122,SO,3,21,52.0,13.1,9.0,121.0,122.4,0.623443545,5,5,9,2024,122.0,121.0,118.0,120.03652265353557
6,2024-09-14 05:00:00,1403/06/24,110,SO,3,20,53.0,13.1,9.0,121.0,121.6,0.632508462,6,5,9,2024,122.0,121.0,110.0,118.12816700053983
7,2024-09-14 06:00:00,1403/06/24,110,SO,3,22,51.0,12.9,8.7,121.0,120.0,0.670695549,7,5,9,2024,122.0,122.0,110.0,117.43865334018113
8,2024-09-14 07:00:00,1403/06/24,110,SO,3,26,40.0,12.9,8.7,121.0,118.3,0.74400634,8,5,9,2024,120.0,120.0,112.0,116.91209406429144
9,2024-09-14 08:00:00,1403/06/24,117,SO,3,31,21.0,12.9,8.7,121.0,116.7,0.86987111,9,5,9,2024,118.0,117.0,110.0,116.4907321365622
10,2024-09-14 09:00:00,1403/06/24,117,SO,3,35,15.0,12.9,8.7,121.0,115.0,1.046303528,10,5,9,2024,115.0,120.0,103.0,115.73539518815856
11,2024-09-14 10:00:00,1403/06/24,118,SO,3,36,10.0,12.9,8.7,121.0,114.2,1.230054976,11,5,9,2024,118.0,120.0,116.0,117.61515847387835
12,2024-09-14 11:00:00,1403/06/24,119,SO,3,37,9.0,12.9,8.7,121.0,114.2,1.400932275,12,5,9,2024,120.0,119.0,115.0,117.45267458647814
13,2024-09-14 12:00:00,1403/06/24,120,SO,3,37,10.0,12.9,8.7,121.0,114.2,1.518807464,13,5,9,2024,119.0,119.0,115.0,117.45640351098832
14,2024-09-14 13:00:00,1403/06/24,120,SO,3,37,12.0,12.9,8.7,121.0,114.2,1.56407069,14,5,9,2024,118.0,119.0,115.0,117.31199476711512
15,2024-09-14 14:00:00,1403/06/24,120,SO,3,36,10.0,13.0,8.9,121.0,114.2,1.535676644,15,5,9,2024,119.0,119.0,115.0,117.4394461792675
16,2024-09-14 15:00:00,1403/06/24,121,SO,3,36,8.0,13.0,8.9,121.0,115.0,1.476312085,16,5,9,2024,119.0,118.0,115.0,117.29731800492615
17,2024-09-14 16:00:00,1403/06/24,122,SO,3,34,11.0,13.0,8.9,121.0,116.7,1.448475255,17,5,9,2024,120.0,118.0,115.0,117.51385078867722
18,2024-09-14 17:00:00,1403/06/24,116,SO,3,32,21.0,13.0,8.9,121.0,117.5,1.448027006,18,5,9,2024,120.0,118.0,90.0,116.20369465452163
19,2024-09-14 18:00:00,1403/06/24,122,SO,3,30,21.0,13.1,9.0,121.0,118.3,1.433488247,19,5,9,2024,120.0,118.0,117.0,117.34977347035355
20,2024-09-14 19:00:00,1403/06/24,124,SO,3,28,25.0,13.1,9.0,121.0,119.2,1.408576093,20,5,9,2024,121.0,119.0,122.0,118.11020747876113
21,2024-09-14 20:00:00,1403/06/24,124,SO,3,28,25.0,13.1,9.0,121.0,119.2,1.362234383,21,5,9,2024,122.0,116.0,122.0,117.98851466718706
22,2024-09-14 21:00:00,1403/06/24,123,SO,3,25,26.0,13.1,9.0,121.0,119.2,1.244260935,22,5,9,2024,119.0,120.0,123.0,119.05007753966386
23,2024-09-14 22:00:00,1403/06/24,120,SO,3,25,25.0,12.8,8.9,121.0,120.0,1.085896459,23,5,9,2024,117.0,118.0,118.0,119.37212037962897
24,2024-09-14 23:00:00,1403/06/25,120,SO,3,24,31.0,12.9,8.9,121.0,120.8,0.947653994,24,5,9,2024,119.0,119.0,118.0,119.39268276977865
1,2024-09-15 00:00:00,1403/06/25,120,SO,3,22,29.0,12.8,8.9,121.0,123.3,0.837628905,1,6,9,2024,119.0,119.0,118.0,119.51442239310552
2,2024-09-15 01:00:00,1403/06/25,122,SO,3,21,31.0,12.8,8.9,121.0,124.1,0.754428934,2,6,9,2024,120.0,119.0,120.0,119.41962564178645
3,2024-09-15 02:00:00,1403/06/25,122,SO,3,20,32.0,13.3,9.0,121.0,124.1,0.691070852,3,6,9,2024,121.0,120.0,120.0,119.38814185830029
4,2024-09-15 03:00:00,1403/06/25,123,SO,3,19,38.0,13.3,9.0,121.0,124.1,0.6443493,4,6,9,2024,122.0,122.0,121.0,119.29347678401035
5,2024-09-15 04:00:00,1403/06/25,124,SO,3,18,36.0,13.3,9.0,121.0,124.1,0.623211756,5,6,9,2024,122.0,122.0,121.0,118.94607623100184
6,2024-09-15 05:00:00,1403/06/25,100,SO,3,18,40.0,13.3,9.0,121.0,124.1,0.634509262,6,6,9,2024,110.0,122.0,121.0,115.68577507280628
7,2024-09-15 06:00:00,1403/06/25,100,SO,3,21,37.0,11.7,8.3,121.0,121.6,0.676593674,7,6,9,2024,110.0,122.0,122.0,115.10170275853704
8,2024-09-15 07:00:00,1403/06/25,100,SO,3,25,24.0,11.7,8.3,121.0,119.2,0.755730148,8,6,9,2024,110.0,120.0,120.0,115.1129051109535
9,2024-09-15 08:00:00,1403/06/25,100,SO,3,27,16.0,11.7,8.3,121.0,117.5,0.893399709,9,6,9,2024,117.0,118.0,117.0,115.7476752894593
10,2024-09-15 09:00:00,1403/06/25,117,SO,3,30,10.0,11.7,8.3,121.0,115.9,1.089669574,10,6,9,2024,117.0,115.0,120.0,115.29275959470259
11,2024-09-15 10:00:00,1403/06/25,116,SO,3,34,7.0,12.7,8.9,121.0,115.0,1.297376399,11,6,9,2024,118.0,118.0,120.0,116.30827219721249
12,2024-09-15 11:00:00,1403/06/25,115,SO,3,35,7.0,12.7,8.9,121.0,114.2,1.493804255,12,6,9,2024,119.0,120.0,119.0,116.25056488979162
13,2024-09-15 12:00:00,1403/06/25,122,SO,3,35,8.0,12.7,8.9,121.0,114.2,1.634183109,13,6,9,2024,120.0,119.0,119.0,116.31955424883341
14,2024-09-15 13:00:00,1403/06/25,122,SO,3,36,9.0,12.7,8.9,121.0,114.2,1.684441161,14,6,9,2024,120.0,118.0,119.0,116.27480795023622
15,2024-09-15 14:00:00,1403/06/25,122,SO,3,36,10.0,13.0,8.9,121.0,114.2,1.641137538,15,6,9,2024,120.0,119.0,119.0,115.86040186975654
16,2024-09-15 15:00:00,1403/06/25,122,SO,3,35,10.0,13.0,8.9,121.0,115.0,1.563045548,16,6,9,2024,121.0,119.0,118.0,115.75590897852334
17,2024-09-15 16:00:00,1403/06/25,115,SO,3,34,13.0,13.0,8.9,121.0,116.7,1.522874471,17,6,9,2024,122.0,120.0,118.0,115.51404794877324
18,2024-09-15 17:00:00,1403/06/25,117,SO,3,31,31.0,13.0,8.9,121.0,118.3,1.509811378,18,6,9,2024,116.0,120.0,118.0,115.798995200381
19,2024-09-15 18:00:00,1403/06/25,117,SO,3,30,31.0,12.8,8.8,121.0,119.2,1.477576629,19,6,9,2024,122.0,120.0,118.0,116.260690103239
20,2024-09-15 19:00:00,1403/06/25,118,SO,3,29,35.0,12.8,8.8,121.0,120.0,1.435454296,20,6,9,2024,124.0,121.0,119.0,116.90433620288064
21,2024-09-15 20:00:00,1403/06/25,119,SO,3,28,36.0,12.8,8.8,121.0,120.8,1.373739133,21,6,9,2024,124.0,122.0,116.0,116.86727118687631
22,2024-09-15 21:00:00,1403/06/25,120,SO,3,27,37.0,12.8,8.8,121.0,121.6,1.243329303,22,6,9,2024,123.0,119.0,120.0,116.86018423949304
23,2024-09-15 22:00:00,1403/06/25,105,SO,3,26,36.0,12.8,8.8,121.0,121.6,1.078990235,23,6,9,2024,120.0,117.0,118.0,117.20814721483914
24,2024-09-15 23:00:00,1403/06/26,105,SO,3,24,38.0,12.8,8.9,121.0,122.4,0.938126243,24,6,9,2024,120.0,119.0,119.0,116.16717245283033
1,2024-09-16 00:00:00,1403/06/26,105,SO,3,23,45.0,12.8,8.8,121.0,123.3,0.828575146,1,0,9,2024,120.0,119.0,119.0,114.69666562584146
2,2024-09-16 01:00:00,1403/06/26,105,SO,3,22,47.0,12.8,8.8,121.0,124.1,0.745663814,2,0,9,2024,122.0,120.0,119.0,114.1490916404423
3,2024-09-16 02:00:00,1403/06/26,105,SO,3,22,50.0,12.8,8.8,121.0,124.1,0.682940219,3,0,9,2024,122.0,121.0,120.0,113.89124167744498
4,2024-09-16 03:00:00,1403/06/26,113,SO,3,21,44.0,12.8,8.8,121.0,124.1,0.636926097,4,0,9,2024,123.0,122.0,122.0,113.74
5,2024-09-16 04:00:00,1403/06/26,113,SO,3,21,44.0,12.8,8.8,121.0,124.1,0.617051348,5,0,9,2024,124.0,122.0,122.0,113.74
6,2024-09-16 05:00:00,1403/06/26,113,SO,3,21,45.0,12.8,8.8,121.0,124.1,0.629287034,6,0,9,2024,100.0,110.0,122.0,113.74
7,2024-09-16 06:00:00,1403/06/26,111,SO,3,22,44.0,12.3,8.6,121.0,121.6,0.672949658,7,0,9,2024,100.0,110.0,122.0,113.74
8,2024-09-16 07:00:00,1403/06/26,105,SO,3,27,32.0,12.3,8.6,121.0,119.2,0.753089501,8,0,9,2024,100.0,110.0,120.0,113.74
9,2024-09-16 08:00:00,1403/06/26,115,SO,3,30,24.0,12.3,8.6,121.0,117.5,0.891476846,9,0,9,2024,100.0,117.0,118.0,113.74
10,2024-09-16 09:00:00,1403/06/26,114,SO,3,32,17.0,12.3,8.6,121.0,115.9,1.087185262,10,0,9,2024,117.0,117.0,115.0,113.74
11,2024-09-16 10:00:00,1403/06/26,124,SO,3,34,11.0,13.1,8.9,121.0,115.0,1.293020378,11,0,9,2024,116.0,118.0,118.0,114.448118524211
12,2024-09-16 11:00:00,1403/06/26,122,SO,3,35,11.0,13.1,8.9,121.0,114.2,1.485631079,12,0,9,2024,115.0,119.0,120.0,114.49585431605178
13,2024-09-16 12:00:00,1403/06/26,121,SO,3,35,12.0,13.1,8.9,121.0,114.2,1.622461477,13,0,9,2024,122.0,120.0,119.0,114.95870104946235
14,2024-09-16 13:00:00,1403/06/26,122,SO,3,36,12.0,13.1,8.9,121.0,114.2,1.671445151,14,0,9,2024,122.0,120.0,118.0,114.92578147108746
15,2024-09-16 14:00:00,1403/06/26,122,SO,3,36,12.0,13.2,8.9,121.0,114.2,1.630229596,15,0,9,2024,122.0,120.0,119.0,114.86866354858259
16,2024-09-16 15:00:00,1403/06/26,121,SO,3,35,16.0,13.2,8.9,121.0,115.0,1.552592889,16,0,9,2024,122.0,121.0,119.0,115.19116590281389
17,2024-09-16 16:00:00,1403/06/26,122,SO,3,33,27.0,13.2,8.9,121.0,116.7,1.513803712,17,0,9,2024,115.0,122.0,120.0,114.91689960997017
18,2024-09-16 17:00:00,1403/06/26,122,SO,3,31,27.0,13.2,8.9,121.0,118.3,1.497620377,18,0,9,2024,117.0,116.0,120.0,115.17254122858586
19,2024-09-16 18:00:00,1403/06/26,122,SO,3,29,31.0,13.1,9.0,121.0,119.2,1.461329135,19,0,9,2024,117.0,122.0,120.0,115.59183508689239
20,2024-09-16 19:00:00,1403/06/26,124,SO,3,28,32.0,13.1,9.0,121.0,120.0,1.412995387,20,0,9,2024,118.0,124.0,121.0,116.52635129721861
21,2024-09-16 20:00:00,1403/06/26,124,SO,3,27,34.0,13.1,9.0,121.0,120.8,1.346706587,21,0,9,2024,119.0,124.0,122.0,116.7117262972186
22,2024-09-16 21:00:00,1403/06/26,121,SO,3,26,36.0,13.1,9.0,121.0,121.6,1.213944263,22,0,9,2024,120.0,123.0,119.0,117.45665600267608
23,2024-09-16 22:00:00,1403/06/26,120,SO,3,24,39.0,13.4,9.0,121.0,121.6,1.053667719,23,0,9,2024,105.0,120.0,117.0,116.33899531639261
24,2024-09-16 23:00:00,1403/06/27,121,SO,3,24,41.0,12.8,8.8,121.0,122.4,0.917159992,24,0,9,2024,105.0,120.0,119.0,116.43177372109757
1,2024-09-17 00:00:00,1403/06/27,122,SO,3,23,42.0,13.4,9.0,121.0,123.3,0.811706823,1,1,9,2024,105.0,120.0,119.0,115.82156774473492
2,2024-09-17 01:00:00,1403/06/27,122,SO,3,22,44.0,13.4,9.0,121.0,124.1,0.731631737,2,1,9,2024,105.0,122.0,120.0,116.79889135127158
3,2024-09-17 02:00:00,1403/06/27,123,SO,3,20,47.0,13.4,9.0,121.0,124.1,0.671352824,3,1,9,2024,105.0,122.0,121.0,117.99932742558448
4,2024-09-17 03:00:00,1403/06/27,122,SO,3,19,49.0,13.4,9.0,121.0,124.1,0.627116795,4,1,9,2024,113.0,123.0,122.0,118.29586294252644
5,2024-09-17 04:00:00,1403/06/27,109,SO,3,18,54.0,13.4,9.0,121.0,124.1,0.607909839,5,1,9,2024,113.0,124.0,122.0,117.95538095505574
6,2024-09-17 05:00:00,1403/06/27,109,SO,3,19,52.0,13.4,9.0,121.0,124.1,0.619572709,6,1,9,2024,113.0,100.0,110.0,114.08457483623775
7,2024-09-17 06:00:00,1403/06/27,100,SO,3,21,46.0,11.3,8.0,121.0,121.6,0.66165065,7,1,9,2024,111.0,100.0,110.0,113.74
8,2024-09-17 07:00:00,1403/06/27,100,SO,3,26,30.0,11.3,8.0,121.0,119.2,0.737356645,8,1,9,2024,105.0,100.0,110.0,113.74
9,2024-09-17 08:00:00,1403/06/27,120,SO,3,30,20.0,11.3,8.0,121.0,117.5,0.86599302,9,1,9,2024,115.0,100.0,117.0,115.14726986535544
10,2024-09-17 09:00:00,1403/06/27,122,SO,3,33,16.0,11.3,8.0,121.0,115.9,1.043185682,10,1,9,2024,114.0,117.0,117.0,116.06381048448728
11,2024-09-17 10:00:00,1403/06/27,123,SO,3,34,13.0,13.3,9.0,121.0,115.0,1.227163968,11,1,9,2024,124.0,116.0,118.0,117.2945008764693
12,2024-09-17 11:00:00,1403/06/27,122,SO,3,35,12.0,13.3,9.0,121.0,114.2,1.398806939,12,1,9,2024,122.0,115.0,119.0,116.92445236797113
13,2024-09-17 12:00:00,1403/06/27,122,SO,3,36,11.0,13.3,9.0,121.0,114.2,1.525017037,13,1,9,2024,121.0,122.0,120.0,117.7667863767668
14,2024-09-17 13:00:00,1403/06/27,122,SO,3,36,10.0,13.3,9.0,121.0,114.2,1.58143523,14,1,9,2024,122.0,122.0,120.0,117.74472307538683
15,2024-09-17 14:00:00,1403/06/27,121,SO,3,36,10.0,13.0,9.0,121.0,114.2,1.557573848,15,1,9,2024,122.0,122.0,120.0,117.69069678453889
16,2024-09-17 15:00:00,1403/06/27,122,SO,3,36,11.0,13.0,9.0,121.0,115.0,1.499980949,16,1,9,2024,121.0,122.0,121.0,117.6030853898063
17,2024-09-17 16:00:00,1403/06/27,122,SO,3,34,17.0,13.0,9.0,121.0,116.7,1.4750789,17,1,9,2024,122.0,115.0,122.0,116.7321661113448
18,2024-09-17 17:00:00,1403/06/27,117,SO,3,32,21.0,13.0,9.0,121.0,118.3,1.466339869,18,1,9,2024,122.0,117.0,116.0,117.09402202282554
19,2024-09-17 18:00:00,1403/06/27,118,SO,3,29,25.0,13.0,9.0,121.0,119.2,1.433029384,19,1,9,2024,122.0,117.0,122.0,116.65616463990509
20,2024-09-17 19:00:00,1403/06/27,119,SO,3,27,26.0,13.0,9.0,121.0,120.0,1.388076211,20,1,9,2024,124.0,118.0,124.0,117.14201731145079
21,2024-09-17 20:00:00,1403/06/27,119,SO,3,26,28.0,13.0,9.0,121.0,120.8,1.3226053,21,1,9,2024,124.0,119.0,124.0,117.88694701690827
22,2024-09-17 21:00:00,1403/06/27,119,SO,3,26,28.0,13.0,9.0,121.0,121.6,1.19346821,22,1,9,2024,121.0,120.0,123.0,117.88694701690827
23,2024-09-17 22:00:00,1403/06/27,120,SO,3,25,30.0,13.2,9.0,121.0,121.6,1.039700517,23,1,9,2024,120.0,105.0,120.0,117.51648367796577
24,2024-09-17 23:00:00,1403/06/28,120,SO,3,22,33.0,13.4,9.0,121.0,122.4,0.9089325,24,1,9,2024,121.0,105.0,120.0,118.05413799452762
1,2024-09-18 00:00:00,1403/06/28,90,SO,3,22,35.0,13.2,9.0,121.0,123.3,0.807161668,1,2,9,2024,122.0,105.0,120.0,114.85874030738627
2,2024-09-18 01:00:00,1403/06/28,90,SO,3,20,36.0,13.2,9.0,121.0,124.1,0.729098086,2,2,9,2024,122.0,105.0,122.0,114.26837523885641
3,2024-09-18 02:00:00,1403/06/28,90,SO,3,19,37.0,10.6,7.6,121.0,124.9,0.670081393,3,2,9,2024,123.0,105.0,122.0,113.74
4,2024-09-18 03:00:00,1403/06/28,90,SO,3,19,41.0,10.6,7.6,121.0,124.9,0.626952757,4,2,9,2024,122.0,113.0,123.0,113.74
5,2024-09-18 04:00:00,1403/06/28,90,SO,3,18,36.0,10.6,7.6,121.0,124.9,0.608022023,5,2,9,2024,109.0,113.0,124.0,113.74
6,2024-09-18 05:00:00,1403/06/28,90,SO,3,18,36.0,10.6,7.6,121.0,124.9,0.61952748,6,2,9,2024,109.0,113.0,100.0,113.74
7,2024-09-18 06:00:00,1403/06/28,90,SO,3,18,37.0,12.8,9.0,121.0,122.4,0.662067644,7,2,9,2024,100.0,111.0,100.0,113.74
8,2024-09-18 07:00:00,1403/06/28,110,SO,3,25,24.0,12.8,9.0,121.0,120.0,0.738382449,8,2,9,2024,100.0,105.0,100.0,113.74
9,2024-09-18 08:00:00,1403/06/28,121,SO,3,30,14.0,12.8,9.0,121.0,118.3,0.867183589,9,2,9,2024,120.0,115.0,100.0,113.74
10,2024-09-18 09:00:00,1403/06/28,120,SO,3,32,11.0,12.8,9.0,121.0,116.7,1.044845025,10,2,9,2024,122.0,114.0,117.0,113.74
11,2024-09-18 10:00:00,1403/06/28,117,SO,3,34,10.0,12.8,8.7,121.0,115.9,1.230477147,11,2,9,2024,123.0,124.0,116.0,113.74
12,2024-09-18 11:00:00,1403/06/28,117,SO,3,35,7.0,12.8,8.7,121.0,115.0,1.398354254,12,2,9,2024,122.0,122.0,115.0,113.74
13,2024-09-18 12:00:00,1403/06/28,117,SO,3,35,8.0,12.8,8.7,121.0,115.0,1.510493879,13,2,9,2024,122.0,121.0,122.0,113.74
14,2024-09-18 13:00:00,1403/06/28,117,SO,3,35,8.0,12.8,8.7,121.0,115.0,1.549285085,14,2,9,2024,122.0,122.0,122.0,113.74
15,2024-09-18 14:00:00,1403/06/28,116,SO,3,35,9.0,12.7,8.7,121.0,115.0,1.516271083,15,2,9,2024,121.0,122.0,122.0,113.74
16,2024-09-18 15:00:00,1403/06/28,116,SO,3,35,10.0,12.7,8.7,121.0,115.9,1.46473896,16,2,9,2024,122.0,121.0,122.0,113.74
17,2024-09-18 16:00:00,1403/06/28,116,SO,3,34,14.0,12.7,8.7,121.0,116.7,1.447596646,17,2,9,2024,122.0,122.0,115.0,113.74
18,2024-09-18 17:00:00,1403/06/28,117,SO,3,32,24.0,12.7,8.7,121.0,118.3,1.445980882,18,2,9,2024,117.0,122.0,117.0,113.74
19,2024-09-18 18:00:00,1403/06/28,117,SO,3,30,30.0,13.1,8.8,121.0,119.2,1.420592815,19,2,9,2024,118.0,122.0,117.0,113.74
20,2024-09-18 19:00:00,1403/06/28,119,SO,3,30,32.0,13.1,8.8,121.0,120.0,1.382193397,20,2,9,2024,119.0,124.0,118.0,114.38326650256926
21,2024-09-18 20:00:00,1403/06/28,119,SO,3,29,33.0,13.1,8.8,121.0,120.8,1.31475888,21,2,9,2024,119.0,124.0,119.0,114.38326650256926
22,2024-09-18 21:00:00,1403/06/28,110,SO,3,27,32.0,13.1,8.8,121.0,120.8,1.17996503,22,2,9,2024,119.0,121.0,120.0,113.74
23,2024-09-18 22:00:00,1403/06/28,112,SO,3,26,35.0,12.2,8.4,121.0,121.6,1.024544661,23,2,9,2024,120.0,120.0,105.0,113.74
24,2024-09-18 23:00:00,1403/06/29,112,SO,3,24,35.0,13.2,9.0,121.0,122.4,0.894397399,24,2,9,2024,120.0,121.0,105.0,114.36105198161951
1,2024-09-19 00:00:00,1403/06/29,112,SO,3,22,39.0,12.2,8.4,121.0,123.3,0.793851151,1,3,9,2024,90.0,122.0,105.0,113.74
2,2024-09-19 01:00:00,1403/06/29,112,SO,3,22,40.0,12.2,8.4,121.0,124.1,0.717691751,2,3,9,2024,90.0,122.0,105.0,113.74
3,2024-09-19 02:00:00,1403/06/29,112,SO,3,21,41.0,12.2,8.4,121.0,124.9,0.66082159,3,3,9,2024,90.0,123.0,105.0,113.74
4,2024-09-19 03:00:00,1403/06/29,114,SO,3,20,39.0,12.2,8.4,121.0,124.9,0.619033369,4,3,9,2024,90.0,122.0,113.0,113.74
5,2024-09-19 04:00:00,1403/06/29,114,SO,3,19,43.0,12.2,8.4,121.0,124.9,0.602104064,5,3,9,2024,90.0,109.0,113.0,113.74
6,2024-09-19 05:00:00,1403/06/29,90,SO,3,18,42.0,12.2,8.4,121.0,124.9,0.615090914,6,3,9,2024,90.0,109.0,113.0,113.74
7,2024-09-19 06:00:00,1403/06/29,90,SO,3,22,39.0,10.8,7.7,121.0,122.4,0.658910819,7,3,9,2024,90.0,100.0,111.0,113.74
8,2024-09-19 07:00:00,1403/06/29,90,SO,3,27,26.0,10.8,7.7,121.0,120.0,0.738214737,8,3,9,2024,110.0,100.0,105.0,113.74
9,2024-09-19 08:00:00,1403/06/29,121,SO,3,30,18.0,10.8,7.7,121.0,118.3,0.872708127,9,3,9,2024,121.0,120.0,115.0,113.74
10,2024-09-19 09:00:00,1403/06/29,120,SO,3,32,15.0,10.8,7.7,121.0,116.7,1.051487275,10,3,9,2024,120.0,122.0,114.0,113.74
11,2024-09-19 10:00:00,1403/06/29,122,SO,3,34,10.0,13.2,9.0,121.0,115.9,1.229922794,11,3,9,2024,117.0,123.0,124.0,113.74
12,2024-09-19 11:00:00,1403/06/29,123,SO,3,36,8.0,13.2,9.0,121.0,115.0,1.372269557,12,3,9,2024,117.0,122.0,122.0,113.93687708108041
13,2024-09-19 12:00:00,1403/06/29,123,SO,3,36,8.0,13.2,9.0,121.0,115.0,1.446596234,13,3,9,2024,117.0,122.0,121.0,114.14655717759297
14,2024-09-19 13:00:00,1403/06/29,123,SO,3,36,8.0,13.2,9.0,121.0,115.0,1.450050465,14,3,9,2024,117.0,122.0,122.0,114.87627658995683
15,2024-09-19 14:00:00,1403/06/29,123,SO,3,36,12.0,13.2,9.0,121.0,115.0,1.416207446,15,3,9,2024,116.0,121.0,122.0,114.16648889932162
16,2024-09-19 15:00:00,1403/06/29,116,SO,3,35,13.0,13.2,9.0,121.0,115.9,1.387139811,16,3,9,2024,116.0,122.0,121.0,114.10261146581168
17,2024-09-19 16:00:00,1403/06/29,116,SO,3,33,17.0,13.2,9.0,121.0,116.7,1.389255225,17,3,9,2024,116.0,122.0,122.0,114.06510173865523
18,2024-09-19 17:00:00,1403/06/29,117,SO,3,30,21.0,13.2,9.0,121.0,118.3,1.39290023,18,3,9,2024,117.0,117.0,122.0,114.78061260771645
19,2024-09-19 18:00:00,1403/06/29,118,SO,3,28,25.0,12.9,8.9,121.0,119.2,1.380359939,19,3,9,2024,117.0,118.0,122.0,114.39748386405952
20,2024-09-19 19:00:00,1403/06/29,120,SO,3,28,27.0,12.9,8.9,121.0,120.0,1.352364719,20,3,9,2024,119.0,119.0,124.0,115.50148336304903
21,2024-09-19 20:00:00,1403/06/29,120,SO,3,28,29.0,12.9,8.9,121.0,120.8,1.277612686,21,3,9,2024,119.0,119.0,124.0,115.50148336304903
22,2024-09-19 21:00:00,1403/06/29,120,SO,3,26,31.0,12.9,8.9,121.0,120.8,1.143211128,22,3,9,2024,110.0,119.0,121.0,113.81056468700856
23,2024-09-19 22:00:00,1403/06/29,121,SO,3,24,32.0,13.1,9.0,121.0,121.6,0.995868846,23,3,9,2024,112.0,120.0,120.0,116.21290529139509
24,2024-09-19 23:00:00,1403/06/30,122,SO,3,24,33.0,12.2,8.4,121.0,122.4,0.831516213,24,3,9,2024,112.0,120.0,121.0,116.08780169589502
1,2024-09-20 00:00:00,1403/06/30,123,SO,3,21,40.0,13.1,9.0,121.0,125.7,0.741044751,1,4,9,2024,112.0,90.0,122.0,113.74
2,2024-09-20 01:00:00,1403/06/30,124,SO,3,20,39.0,13.1,9.0,121.0,125.7,0.67326899,2,4,9,2024,112.0,90.0,122.0,113.74
3,2024-09-20 02:00:00,1403/06/30,125,SO,3,19,39.0,13.1,9.0,121.0,125.7,0.621668021,3,4,9,2024,112.0,90.0,123.0,113.74
4,2024-09-20 03:00:00,1403/06/30,125,SO,3,18,40.0,13.1,9.0,121.0,125.7,0.583592339,4,4,9,2024,114.0,90.0,122.0,113.74
5,2024-09-20 04:00:00,1403/06/30,126,SO,3,17,45.0,13.1,9.0,121.0,125.7,0.569399026,5,4,9,2024,114.0,90.0,109.0,113.74
6,2024-09-20 05:00:00,1403/06/30,127,SO,3,17,44.0,13.1,9.0,121.0,125.7,0.584015066,6,4,9,2024,90.0,90.0,109.0,113.74
7,2024-09-20 06:00:00,1403/06/30,125,SO,3,19,42.0,13.4,9.0,121.0,124.9,0.627709579,7,4,9,2024,90.0,90.0,100.0,113.74
8,2024-09-20 07:00:00,1403/06/30,125,SO,3,24,27.0,13.4,9.0,121.0,121.6,0.706641983,8,4,9,2024,90.0,110.0,100.0,117.68918058672301
9,2024-09-20 08:00:00,1403/06/30,124,SO,3,30,16.0,13.4,9.0,121.0,120.0,0.840879508,9,4,9,2024,121.0,121.0,120.0,120.13806645280334
10,2024-09-20 09:00:00,1403/06/30,119,SO,3,32,11.0,13.4,9.0,121.0,118.3,1.01779268,10,4,9,2024,120.0,120.0,122.0,119.80397210640751
11,2024-09-20 10:00:00,1403/06/30,118,SO,3,34,9.0,13.0,8.7,121.0,117.5,1.195783452,11,4,9,2024,122.0,117.0,123.0,120.06448422756543
12,2024-09-20 11:00:00,1403/06/30,116,SO,3,36,8.0,13.0,8.7,121.0,116.7,1.342503027,12,4,9,2024,123.0,117.0,122.0,119.73148448532224
13,2024-09-20 12:00:00,1403/06/30,115,SO,3,36,9.0,13.0,8.7,121.0,116.7,1.425630965,13,4,9,2024,123.0,117.0,122.0,119.19731114487574
14,2024-09-20 13:00:00,1403/06/30,115,SO,3,37,8.0,13.0,8.7,121.0,116.7,1.432912555,14,4,9,2024,123.0,117.0,122.0,118.75633457011477
15,2024-09-20 14:00:00,1403/06/30,116,SO,3,36,10.0,12.6,8.7,121.0,116.7,1.398313502,15,4,9,2024,123.0,116.0,121.0,118.76516946428413
16,2024-09-20 15:00:00,1403/06/30,116,SO,3,36,8.0,12.6,8.7,121.0,116.7,1.36814996,16,4,9,2024,116.0,116.0,122.0,118.36194598744052
17,2024-09-20 16:00:00,1403/06/30,116,SO,3,34,9.0,12.6,8.7,121.0,117.5,1.364037041,17,4,9,2024,116.0,116.0,122.0,118.19269460631871
18,2024-09-20 17:00:00,1403/06/30,117,SO,3,30,17.0,12.6,8.7,121.0,119.2,1.361859382,18,4,9,2024,117.0,117.0,117.0,118.85334750116775
19,2024-09-20 18:00:00,1403/06/30,118,SO,3,29,19.0,13.0,8.8,121.0,120.0,1.348316232,19,4,9,2024,118.0,117.0,118.0,117.88606822961826
20,2024-09-20 19:00:00,1403/06/30,120,SO,3,28,23.0,13.0,8.8,121.0,121.6,1.319296074,20,4,9,2024,120.0,119.0,119.0,118.78871565403408
21,2024-09-20 20:00:00,1403/06/30,120,SO,3,26,25.0,13.0,8.8,121.0,121.6,1.233095769,21,4,9,2024,120.0,119.0,119.0,119.72858571493681
22,2024-09-20 21:00:00,1403/06/30,121,SO,3,25,28.0,13.0,8.8,121.0,122.4,1.095560174,22,4,9,2024,120.0,110.0,119.0,118.98301888381475
23,2024-09-20 22:00:00,1403/06/30,122,SO,3,23,28.0,13.2,9.0,121.0,123.3,0.952014299,23,4,9,2024,121.0,112.0,120.0,120.05500479266335
24,2024-09-20 23:00:00,1403/06/31,121,SO,3,22,31.0,13.1,9.0,121.0,124.1,0.874996961,24,4,9,2024,122.0,112.0,120.0,120.0961078254834
1,2024-09-21 00:00:00,1403/06/31,122,SO,3,20,32.0,13.2,9.0,121.0,125.7,0.778898455,1,5,9,2024,123.0,112.0,90.0,118.06643392179896
2,2024-09-21 01:00:00,1403/06/31,123,SO,3,19,33.0,13.2,9.0,121.0,125.7,0.708129866,2,5,9,2024,124.0,112.0,90.0,117.69669300260085
3,2024-09-21 02:00:00,1403/06/31,123,SO,3,18,32.0,9.8,7.2,121.0,125.7,0.653515069,3,5,9,2024,125.0,112.0,90.0,117.82133461345886
4,2024-09-21 03:00:00,1403/06/31,90,SO,3,17,37.0,9.8,7.2,121.0,125.7,0.613319192,4,5,9,2024,125.0,114.0,90.0,114.5052685259791
5,2024-09-21 04:00:00,1403/06/31,90,SO,3,17,33.0,9.8,7.2,121.0,125.7,0.600201343,5,5,9,2024,126.0,114.0,90.0,113.74
6,2024-09-21 05:00:00,1403/06/31,90,SO,3,16,40.0,9.8,7.2,121.0,125.7,0.618638185,6,5,9,2024,127.0,90.0,90.0,113.74
7,2024-09-21 06:00:00,1403/06/31,90,SO,3,19,35.0,13.3,9.0,121.0,124.9,0.667676083,7,5,9,2024,125.0,90.0,90.0,113.74
8,2024-09-21 07:00:00,1403/06/31,125,SO,3,25,23.0,13.3,9.0,121.0,121.6,0.757211647,8,5,9,2024,125.0,90.0,110.0,113.74
9,2024-09-21 08:00:00,1403/06/31,122,SO,3,29,11.0,13.3,9.0,121.0,120.0,0.910920177,9,5,9,2024,124.0,121.0,121.0,114.48275393204506
10,2024-09-21 09:00:00,1403/06/31,120,SO,3,32,9.0,13.3,9.0,121.0,118.3,1.111375935,10,5,9,2024,119.0,120.0,120.0,114.02507247092612
11,2024-09-21 10:00:00,1403/06/31,117,SO,3,35,7.0,13.0,8.7,121.0,117.5,1.310283341,11,5,9,2024,118.0,122.0,117.0,115.13727503806619
12,2024-09-21 11:00:00,1403/06/31,116,SO,3,36,5.0,13.0,8.7,121.0,116.7,1.471414283,12,5,9,2024,116.0,123.0,117.0,115.41368189554416
13,2024-09-21 12:00:00,1403/06/31,123,SO,3,37,5.0,13.0,8.7,121.0,116.7,1.557692983,13,5,9,2024,115.0,123.0,117.0,114.8145986826923
14,2024-09-21 13:00:00,1403/06/31,122,SO,3,37,5.0,13.0,8.7,121.0,116.7,1.558150663,14,5,9,2024,115.0,123.0,117.0,114.79621259820898
15,2024-09-21 14:00:00,1403/06/31,123,SO,3,37,7.0,13.1,8.9,121.0,116.7,1.518659053,15,5,9,2024,116.0,123.0,116.0,114.15194533579836
16,2024-09-21 15:00:00,1403/06/31,122,SO,3,37,8.0,13.1,8.9,121.0,116.7,1.497563374,16,5,9,2024,116.0,116.0,116.0,113.78132204160843
17,2024-09-21 16:00:00,1403/06/31,123,SO,3,36,10.0,13.1,8.9,121.0,117.5,1.499616703,17,5,9,2024,116.0,116.0,116.0,114.30015863928304
18,2024-09-21 17:00:00,1403/06/31,123,SO,3,33,11.0,13.1,8.9,121.0,119.2,1.498983635,18,5,9,2024,117.0,117.0,117.0,115.38179064524584
19,2024-09-21 18:00:00,1403/06/31,124,SO,3,31,13.0,13.2,9.0,121.0,120.0,1.489489874,19,5,9,2024,118.0,118.0,117.0,115.38891666550016
20,2024-09-21 19:00:00,1403/06/31,124,SO,3,29,16.0,13.2,9.0,121.0,121.6,1.458202334,20,5,9,2024,120.0,120.0,119.0,115.98072901697165
21,2024-09-21 20:00:00,1403/06/31,124,SO,3,26,17.0,13.2,9.0,121.0,121.6,1.34001955,21,5,9,2024,120.0,120.0,119.0,116.72565872242907
22,2024-09-21 21:00:00,1403/06/31,119,SO,3,25,20.0,13.2,9.0,121.0,122.4,1.175003704,22,5,9,2024,121.0,120.0,110.0,116.50828612403797
23,2024-09-21 22:00:00,1403/06/31,120,SO,3,24,18.0,13.0,9.0,121.0,123.3,1.013911481,23,5,9,2024,122.0,121.0,112.0,117.73450754778419
24,2024-09-21 23:00:00,1403/07/01,119,SO,3,23,21.0,13.2,9.0,126.0,124.1,0.883118451,24,5,9,2024,121.0,122.0,112.0,118.44
1,2024-09-22 00:00:00,1403/07/01,122,SO,3,21,21.0,13.0,9.0,126.0,125.7,0.784149544,1,6,9,2024,122.0,123.0,112.0,118.44
2,2024-09-22 01:00:00,1403/07/01,122,SO,3,20,24.0,13.0,9.0,126.0,125.7,0.713214372,2,6,9,2024,123.0,124.0,112.0,118.44
3,2024-09-22 02:00:00,1403/07/01,123,SO,3,19,25.0,13.0,9.0,126.0,125.7,0.658492993,3,6,9,2024,123.0,125.0,112.0,118.44
4,2024-09-22 03:00:00,1403/07/01,123,SO,3,18,28.0,13.0,9.0,126.0,125.7,0.618680833,4,6,9,2024,90.0,125.0,114.0,118.44
5,2024-09-22 04:00:00,1403/07/01,124,SO,3,18,28.0,13.0,9.0,126.0,125.7,0.609605443,5,6,9,2024,90.0,126.0,114.0,118.44
6,2024-09-22 05:00:00,1403/07/01,100,SO,3,17,29.0,13.0,9.0,126.0,125.7,0.634295994,6,6,9,2024,90.0,127.0,90.0,118.44
7,2024-09-22 06:00:00,1403/07/01,100,SO,3,20,26.0,13.4,9.0,126.0,124.9,0.692045199,7,6,9,2024,90.0,125.0,90.0,118.44
8,2024-09-22 07:00:00,1403/07/01,125,SO,3,25,20.0,13.4,9.0,126.0,121.6,0.798079608,8,6,9,2024,125.0,125.0,90.0,118.44
9,2024-09-22 08:00:00,1403/07/01,123,SO,3,30,10.0,13.4,9.0,126.0,120.0,0.984979779,9,6,9,2024,122.0,124.0,121.0,118.44
10,2024-09-22 09:00:00,1403/07/01,118,SO,3,33,9.0,13.4,9.0,126.0,118.3,1.233757251,10,6,9,2024,120.0,119.0,120.0,118.44
11,2024-09-22 10:00:00,1403/07/01,123,SO,3,35,6.0,13.0,8.9,126.0,117.5,1.494753663,11,6,9,2024,117.0,118.0,122.0,118.44
12,2024-09-22 11:00:00,1403/07/01,122,SO,3,37,6.0,13.0,8.9,126.0,116.7,1.726467233,12,6,9,2024,116.0,116.0,123.0,118.44
13,2024-09-22 12:00:00,1403/07/01,122,SO,3,39,4.0,13.0,8.9,126.0,116.7,1.861370539,13,6,9,2024,123.0,115.0,123.0,118.44
14,2024-09-22 13:00:00,1403/07/01,121,SO,3,39,6.0,13.0,8.9,126.0,116.7,1.850305658,14,6,9,2024,122.0,115.0,123.0,118.44
15,2024-09-22 14:00:00,1403/07/01,121,SO,3,38,7.0,13.0,8.9,126.0,116.7,1.75347526,15,6,9,2024,123.0,116.0,123.0,118.44
16,2024-09-22 15:00:00,1403/07/01,121,SO,3,38,7.0,13.0,8.9,126.0,116.7,1.701863421,16,6,9,2024,122.0,116.0,116.0,118.44
17,2024-09-22 16:00:00,1403/07/01,122,SO,3,36,8.0,13.0,8.9,126.0,117.5,1.678206343,17,6,9,2024,123.0,116.0,116.0,118.44
18,2024-09-22 17:00:00,1403/07/01,115,SO,3,35,10.0,13.0,8.9,126.0,119.2,1.649882512,18,6,9,2024,123.0,117.0,117.0,118.44
19,2024-09-22 18:00:00,1403/07/01,117,SO,3,33,15.0,12.5,8.7,126.0,120.0,1.617790234,19,6,9,2024,124.0,118.0,118.0,118.44
20,2024-09-22 19:00:00,1403/07/01,117,SO,3,29,19.0,12.5,8.7,126.0,121.6,1.564097974,20,6,9,2024,124.0,120.0,120.0,118.44
21,2024-09-22 20:00:00,1403/07/01,117,SO,3,27,19.0,12.5,8.7,126.0,121.6,1.402879585,21,6,9,2024,124.0,120.0,120.0,118.44
22,2024-09-22 21:00:00,1403/07/01,118,SO,3,25,21.0,12.5,8.7,126.0,122.4,1.204429208,22,6,9,2024,119.0,121.0,120.0,118.44
23,2024-09-22 22:00:00,1403/07/01,120,SO,3,24,24.0,13.2,9.0,126.0,123.3,1.02850054,23,6,9,2024,120.0,122.0,121.0,119.23839256776388
24,2024-09-22 23:00:00,1403/07/02,120,SO,3,24,26.0,13.0,9.0,126.0,124.1,0.890089546,24,6,9,2024,119.0,121.0,122.0,119.2610825402623
1,2024-09-23 00:00:00,1403/07/02,122,SO,3,21,29.0,13.2,9.0,126.0,123.3,0.786580735,1,0,9,2024,122.0,122.0,123.0,118.50340533878924
2,2024-09-23 01:00:00,1403/07/02,123,SO,3,21,34.0,13.2,9.0,126.0,123.3,0.713815862,2,0,9,2024,122.0,123.0,124.0,118.44
3,2024-09-23 02:00:00,1403/07/02,124,SO,3,20,32.0,12.4,8.6,126.0,124.1,0.65889259,3,0,9,2024,123.0,123.0,125.0,118.55490954162974
4,2024-09-23 03:00:00,1403/07/02,114,SO,3,19,34.0,12.4,8.6,126.0,124.1,0.618187819,4,0,9,2024,123.0,90.0,125.0,118.44
5,2024-09-23 04:00:00,1403/07/02,114,SO,3,19,34.0,12.4,8.6,126.0,124.1,0.6108021,5,0,9,2024,124.0,90.0,126.0,118.44
6,2024-09-23 05:00:00,1403/07/02,114,SO,3,18,36.0,12.4,8.6,126.0,124.1,0.638713153,6,0,9,2024,100.0,90.0,127.0,118.44
7,2024-09-23 06:00:00,1403/07/02,114,SO,3,21,33.0,13.3,8.9,126.0,123.3,0.700677998,7,0,9,2024,100.0,90.0,125.0,118.44
8,2024-09-23 07:00:00,1403/07/02,114,SO,3,25,23.0,13.3,8.9,126.0,119.2,0.813033108,8,0,9,2024,125.0,125.0,125.0,119.02464045804075
9,2024-09-23 08:00:00,1403/07/02,118,SO,3,31,13.0,13.3,8.9,126.0,116.7,1.013810042,9,0,9,2024,123.0,122.0,124.0,118.44
10,2024-09-23 09:00:00,1403/07/02,117,SO,3,34,10.0,13.3,8.9,126.0,115.0,1.27426434,10,0,9,2024,118.0,120.0,119.0,118.44
11,2024-09-23 10:00:00,1403/07/02,115,SO,3,37,6.0,13.3,8.9,126.0,114.2,1.54193379,11,0,9,2024,123.0,117.0,118.0,118.44
12,2024-09-23 11:00:00,1403/07/02,120,SO,3,40,5.0,13.3,8.9,126.0,113.4,1.774053446,12,0,9,2024,122.0,116.0,116.0,118.44
13,2024-09-23 12:00:00,1403/07/02,120,SO,3,40,4.0,13.3,8.9,126.0,112.6,1.908268176,13,0,9,2024,122.0,123.0,115.0,118.44
14,2024-09-23 13:00:00,1403/07/02,120,SO,3,40,4.0,13.3,8.9,126.0,112.6,1.879452103,14,0,9,2024,121.0,122.0,115.0,118.44
15,2024-09-23 14:00:00,1403/07/02,120,SO,3,41,5.0,13.3,8.9,126.0,113.4,1.763472812,15,0,9,2024,121.0,123.0,116.0,118.44
16,2024-09-23 15:00:00,1403/07/02,120,SO,3,39,8.0,13.3,8.9,126.0,114.2,1.719567422,16,0,9,2024,121.0,122.0,116.0,118.44
17,2024-09-23 16:00:00,1403/07/02,120,SO,3,37,13.0,13.3,8.9,126.0,115.9,1.693300988,17,0,9,2024,122.0,123.0,116.0,118.44
18,2024-09-23 17:00:00,1403/07/02,122,SO,3,33,17.0,13.3,8.9,126.0,118.3,1.655442865,18,0,9,2024,115.0,123.0,117.0,118.44
19,2024-09-23 18:00:00,1403/07/02,123,SO,3,31,20.0,13.0,8.9,126.0,119.2,1.617416607,19,0,9,2024,117.0,124.0,118.0,118.44
20,2024-09-23 19:00:00,1403/07/02,124,SO,3,30,21.0,13.0,8.9,126.0,120.0,1.557049869,20,0,9,2024,117.0,124.0,120.0,118.44
21,2024-09-23 20:00:00,1403/07/02,125,SO,3,28,23.0,13.0,8.9,126.0,120.0,1.379257573,21,0,9,2024,117.0,124.0,120.0,118.89772501859527
22,2024-09-23 21:00:00,1403/07/02,120,SO,3,27,24.0,13.0,8.9,126.0,120.8,1.183648346,22,0,9,2024,118.0,119.0,121.0,118.9143046388054
23,2024-09-23 22:00:00,1403/07/02,120,SO,3,25,27.0,13.1,8.9,126.0,120.8,1.014557795,23,0,9,2024,120.0,120.0,122.0,119.94506174640719
24,2024-09-23 23:00:00,1403/07/03,120,SO,3,24,26.0,13.2,9.0,126.0,121.6,0.882396397,24,0,9,2024,120.0,119.0,121.0,119.86391894254591
1,2024-09-24 00:00:00,1403/07/03,123,SO,3,22,31.0,13.1,8.9,126.0,123.3,0.782995406,1,1,9,2024,122.0,122.0,122.0,120.42700363142441
2,2024-09-24 01:00:00,1403/07/03,124,SO,3,21,32.0,13.1,8.9,126.0,123.3,0.712926013,2,1,9,2024,123.0,122.0,123.0,120.07758139696777
3,2024-09-24 02:00:00,1403/07/03,124,SO,3,21,29.0,13.1,8.9,126.0,124.1,0.65803625,3,1,9,2024,124.0,123.0,123.0,120.2998954311266
4,2024-09-24 03:00:00,1403/07/03,124,SO,3,19,30.0,13.1,8.9,126.0,124.1,0.617251641,4,1,9,2024,114.0,123.0,90.0,118.44
5,2024-09-24 04:00:00,1403/07/03,124,SO,3,19,30.0,13.1,8.9,126.0,124.1,0.609718773,5,1,9,2024,114.0,124.0,90.0,118.50213507875965
6,2024-09-24 05:00:00,1403/07/03,125,SO,3,19,32.0,13.1,8.9,126.0,124.1,0.637453001,6,1,9,2024,114.0,100.0,90.0,118.44
7,2024-09-24 06:00:00,1403/07/03,125,SO,3,21,30.0,13.0,9.0,126.0,123.3,0.698483364,7,1,9,2024,114.0,100.0,90.0,118.44
8,2024-09-24 07:00:00,1403/07/03,124,SO,3,27,20.0,13.0,9.0,126.0,119.2,0.809232533,8,1,9,2024,114.0,125.0,125.0,120.40632753233317
9,2024-09-24 08:00:00,1403/07/03,122,SO,3,31,13.0,13.0,9.0,126.0,116.7,1.007059228,9,1,9,2024,118.0,123.0,122.0,120.1914861101647
10,2024-09-24 09:00:00,1403/07/03,125,SO,3,35,9.0,13.0,9.0,126.0,115.0,1.262608852,10,1,9,2024,117.0,118.0,120.0,120.00572945802173
11,2024-09-24 10:00:00,1403/07/03,125,SO,3,37,7.0,13.0,8.8,126.0,114.2,1.527767147,11,1,9,2024,115.0,123.0,117.0,120.77715469241951
12,2024-09-24 11:00:00,1403/07/03,123,SO,3,39,5.0,13.0,8.8,126.0,113.4,1.763040217,12,1,9,2024,120.0,122.0,116.0,121.2224936606982
13,2024-09-24 12:00:00,1403/07/03,121,SO,3,40,5.0,13.0,8.8,126.0,112.6,1.89812109,13,1,9,2024,120.0,122.0,123.0,121.22400005961411
14,2024-09-24 13:00:00,1403/07/03,121,SO,3,40,4.0,13.0,8.8,126.0,112.6,1.874522234,14,1,9,2024,120.0,121.0,122.0,121.20193675823413
15,2024-09-24 14:00:00,1403/07/03,121,SO,3,40,6.0,13.0,8.8,126.0,113.4,1.760503358,15,1,9,2024,120.0,121.0,123.0,121.14474876537221
16,2024-09-24 15:00:00,1403/07/03,121,SO,3,39,7.0,13.0,8.8,126.0,114.2,1.719751885,16,1,9,2024,120.0,121.0,122.0,121.04735499430859
17,2024-09-24 16:00:00,1403/07/03,122,SO,3,37,11.0,13.0,8.8,126.0,115.9,1.692375225,17,1,9,2024,120.0,122.0,123.0,121.06967461726822
18,2024-09-24 17:00:00,1403/07/03,123,SO,3,33,16.0,13.0,8.8,126.0,118.3,1.657273176,18,1,9,2024,122.0,115.0,123.0,120.76064253792859
19,2024-09-24 18:00:00,1403/07/03,124,SO,3,32,23.0,13.1,8.9,126.0,119.2,1.618921915,19,1,9,2024,123.0,117.0,124.0,120.81121454876997
20,2024-09-24 19:00:00,1403/07/03,124,SO,3,30,26.0,13.1,8.9,126.0,120.0,1.555598463,20,1,9,2024,124.0,117.0,124.0,120.91201149051652
21,2024-09-24 20:00:00,1403/07/03,125,SO,3,28,29.0,13.1,8.9,126.0,120.0,1.372608294,21,1,9,2024,125.0,117.0,124.0,121.11498587167314
22,2024-09-24 21:00:00,1403/07/03,122,SO,3,27,31.0,13.1,8.9,126.0,120.8,1.174852742,22,1,9,2024,120.0,118.0,119.0,121.38251779772754
23,2024-09-24 22:00:00,1403/07/03,120,SO,3,26,35.0,13.4,8.9,126.0,120.8,1.005943914,23,1,9,2024,120.0,120.0,120.0,122.12337514944252
24,2024-09-24 23:00:00,1403/07/04,121,SO,3,25,35.0,13.1,8.9,126.0,121.6,0.874373505,24,1,9,2024,120.0,120.0,119.0,122.01875220530307
1,2024-09-25 00:00:00,1403/07/04,121,SO,3,24,33.0,13.4,8.9,126.0,123.3,0.775939503,1,2,9,2024,123.0,122.0,122.0,122.48410179223752
2,2024-09-25 01:00:00,1403/07/04,124,SO,3,22,39.0,13.4,8.9,126.0,123.3,0.706876431,2,2,9,2024,124.0,123.0,122.0,122.35567260628795
3,2024-09-25 02:00:00,1403/07/04,123,SO,3,21,37.0,13.4,9.0,126.0,124.1,0.652917421,3,2,9,2024,124.0,124.0,123.0,122.4072631680838
4,2024-09-25 03:00:00,1403/07/04,122,SO,3,21,38.0,13.4,9.0,126.0,124.1,0.612185504,4,2,9,2024,124.0,114.0,123.0,121.59561184372015
5,2024-09-25 04:00:00,1403/07/04,123,SO,3,20,41.0,13.4,9.0,126.0,124.1,0.604531011,5,2,9,2024,124.0,114.0,124.0,121.15178058903876
6,2024-09-25 05:00:00,1403/07/04,124,SO,3,20,44.0,13.4,9.0,126.0,124.1,0.630718982,6,2,9,2024,125.0,114.0,100.0,119.34543802069248
7,2024-09-25 06:00:00,1403/07/04,124,SO,3,21,41.0,12.8,8.9,126.0,123.3,0.688937461,7,2,9,2024,125.0,114.0,100.0,119.28446237114869
8,2024-09-25 07:00:00,1403/07/04,124,SO,3,26,30.0,12.8,8.9,126.0,119.2,0.794719577,8,2,9,2024,124.0,114.0,125.0,120.73560697197945
9,2024-09-25 08:00:00,1403/07/04,120,SO,3,32,18.0,12.8,8.9,126.0,116.7,0.983353883,9,2,9,2024,122.0,118.0,123.0,120.37740411242862
10,2024-09-25 09:00:00,1403/07/04,121,SO,3,35,13.0,12.8,8.9,126.0,115.0,1.222850633,10,2,9,2024,125.0,117.0,118.0,120.3605814554068
11,2024-09-25 10:00:00,1403/07/04,122,SO,3,38,7.0,13.0,8.8,126.0,114.2,1.467137965,11,2,9,2024,125.0,115.0,123.0,120.24642513200939
12,2024-09-25 11:00:00,1403/07/04,121,SO,3,41,4.0,13.0,8.8,126.0,113.4,1.680908134,12,2,9,2024,123.0,120.0,122.0,120.7486125560508
13,2024-09-25 12:00:00,1403/07/04,121,SO,3,41,3.0,13.0,8.8,126.0,112.6,1.802577729,13,2,9,2024,121.0,120.0,122.0,120.72897205966484
14,2024-09-25 13:00:00,1403/07/04,121,LF1,3,41,3.0,13.0,8.8,126.0,112.6,1.777462032,14,2,9,2024,121.0,120.0,121.0,120.70690875828484
15,2024-09-25 14:00:00,1403/07/04,120,SO,3,41,3.0,13.0,8.7,126.0,113.4,1.670851308,15,2,9,2024,121.0,120.0,121.0,120.71201472794402
16,2024-09-25 15:00:00,1403/07/04,121,SO,3,40,4.0,13.0,8.7,126.0,114.2,1.639105591,16,2,9,2024,121.0,120.0,121.0,120.61462095688042
17,2024-09-25 16:00:00,1403/07/04,121,SO,3,39,4.0,13.0,8.7,126.0,115.9,1.617800016,17,2,9,2024,122.0,120.0,122.0,120.49978452401035
18,2024-09-25 17:00:00,1403/07/04,122,SO,3,35,6.0,13.0,8.7,126.0,118.3,1.588852448,18,2,9,2024,123.0,122.0,115.0,120.54585658908559
19,2024-09-25 18:00:00,1403/07/04,123,SO,3,32,8.0,12.9,8.8,126.0,119.2,1.557093794,19,2,9,2024,124.0,123.0,117.0,120.6459684750674
20,2024-09-25 19:00:00,1403/07/04,124,SO,3,30,10.0,12.9,8.8,126.0,120.0,1.499752652,20,2,9,2024,124.0,124.0,117.0,120.74676541681396
21,2024-09-25 20:00:00,1403/07/04,125,SO,3,28,11.0,12.9,8.8,126.0,120.0,1.326211594,21,2,9,2024,125.0,125.0,117.0,120.82224445833927
22,2024-09-25 21:00:00,1403/07/04,118,SO,3,27,12.0,12.9,8.8,126.0,120.8,1.140594505,22,2,9,2024,122.0,120.0,118.0,120.71465912900129
23,2024-09-25 22:00:00,1403/07/04,90,SO,3,27,13.0,11.0,6.7,126.0,120.8,0.981152393,23,2,9,2024,120.0,120.0,120.0,118.91182316626995
24,2024-09-25 23:00:00,1403/07/05,45,SO,3,25,15.0,13.4,8.9,126.0,121.6,0.856261288,24,2,9,2024,121.0,120.0,120.0,118.44
1,2024-09-26 00:00:00,1403/07/05,55,SO,3,22,16.0,11.0,6.7,126.0,123.3,0.762530502,1,3,9,2024,121.0,123.0,122.0,118.44
2,2024-09-26 01:00:00,1403/07/05,85,SO,3,21,18.0,11.0,6.7,126.0,123.3,0.695815187,2,3,9,2024,124.0,124.0,123.0,118.44
3,2024-09-26 02:00:00,1403/07/05,119,SO,3,20,18.0,13.1,9.0,126.0,124.1,0.643464354,3,3,9,2024,123.0,124.0,124.0,118.44
4,2024-09-26 03:00:00,1403/07/05,118,SO,3,19,22.0,13.1,9.0,126.0,124.1,0.603468508,4,3,9,2024,122.0,124.0,114.0,118.44
5,2024-09-26 04:00:00,1403/07/05,119,SO,3,18,24.0,13.1,9.0,126.0,124.1,0.595289671,5,3,9,2024,123.0,124.0,114.0,118.44
6,2024-09-26 05:00:00,1403/07/05,121,SO,3,18,22.0,13.1,9.0,126.0,124.1,0.619214535,6,3,9,2024,124.0,125.0,114.0,118.44
7,2024-09-26 06:00:00,1403/07/05,121,SO,3,20,22.0,12.9,8.8,126.0,123.3,0.674222262,7,3,9,2024,124.0,125.0,114.0,118.44
8,2024-09-26 07:00:00,1403/07/05,120,SO,3,24,16.0,12.9,8.8,126.0,119.2,0.773706997,8,3,9,2024,124.0,124.0,114.0,118.44
9,2024-09-26 08:00:00,1403/07/05,119,SO,3,28,13.0,12.9,8.8,126.0,116.7,0.950915063,9,3,9,2024,120.0,122.0,118.0,118.44
10,2024-09-26 09:00:00,1403/07/05,113,SO,3,35,6.0,12.9,8.8,126.0,115.0,1.175203239,10,3,9,2024,121.0,125.0,117.0,118.44
11,2024-09-26 10:00:00,1403/07/05,112,SO,3,38,4.0,12.9,8.8,126.0,114.2,1.405038061,11,3,9,2024,122.0,125.0,115.0,118.44
12,2024-09-26 11:00:00,1403/07/05,117,SO,3,40,3.0,12.9,8.8,126.0,113.4,1.607062002,12,3,9,2024,121.0,123.0,120.0,118.44
13,2024-09-26 12:00:00,1403/07/05,117,SO,3,41,2.0,12.9,8.8,126.0,112.6,1.723649829,13,3,9,2024,121.0,121.0,120.0,118.44
14,2024-09-26 13:00:00,1403/07/05,116,SO,3,41,2.0,12.9,8.8,126.0,112.6,1.700866797,14,3,9,2024,121.0,121.0,120.0,118.44
15,2024-09-26 14:00:00,1403/07/05,116,SO,3,42,2.0,12.9,8.8,126.0,113.4,1.604737619,15,3,9,2024,120.0,121.0,120.0,118.44
16,2024-09-26 15:00:00,1403/07/05,117,SO,3,40,4.0,12.9,8.8,126.0,114.2,1.57688838,16,3,9,2024,121.0,121.0,120.0,118.44
17,2024-09-26 16:00:00,1403/07/05,117,SO,3,37,7.0,12.9,8.8,126.0,115.9,1.556958844,17,3,9,2024,121.0,122.0,120.0,118.44
18,2024-09-26 17:00:00,1403/07/05,116,SO,3,34,10.0,12.9,8.8,126.0,118.3,1.529710679,18,3,9,2024,122.0,123.0,122.0,118.44
19,2024-09-26 18:00:00,1403/07/05,120,SO,3,32,12.0,13.3,8.9,126.0,119.2,1.501156025,19,3,9,2024,123.0,124.0,123.0,118.44
20,2024-09-26 19:00:00,1403/07/05,122,SO,3,28,19.0,13.3,8.9,126.0,120.0,1.446797148,20,3,9,2024,124.0,124.0,124.0,118.44
21,2024-09-26 20:00:00,1403/07/05,121,SO,3,27,28.0,13.3,8.9,126.0,120.0,1.285885492,21,3,9,2024,125.0,125.0,125.0,118.44
22,2024-09-26 21:00:00,1403/07/05,117,SO,3,24,31.0,13.3,8.9,126.0,120.8,1.11014203,22,3,9,2024,118.0,122.0,120.0,118.44
23,2024-09-26 22:00:00,1403/07/05,118,SO,3,22,30.0,13.4,8.9,126.0,120.8,0.957453802,23,3,9,2024,90.0,120.0,120.0,118.44
24,2024-09-26 23:00:00,1403/07/06,119,SO,3,21,33.0,11.0,6.7,126.0,121.6,0.797192787,24,3,9,2024,45.0,121.0,120.0,118.44
1,2024-09-27 00:00:00,1403/07/06,119,SO,3,19,34.0,13.4,8.9,126.0,121.6,0.710404669,1,4,9,2024,55.0,121.0,123.0,118.44
2,2024-09-27 01:00:00,1403/07/06,120,SO,3,18,36.0,13.4,8.9,126.0,122.4,0.648119018,2,4,9,2024,85.0,124.0,124.0,118.44
3,2024-09-27 02:00:00,1403/07/06,120,SO,3,18,32.0,13.4,9.1,126.0,122.4,0.600130222,3,4,9,2024,119.0,123.0,124.0,118.4912173353718
4,2024-09-27 03:00:00,1403/07/06,120,SO,3,17,32.0,13.4,9.1,126.0,122.4,0.563157654,4,4,9,2024,118.0,122.0,124.0,118.44
5,2024-09-27 04:00:00,1403/07/06,122,SO,3,16,35.0,13.4,9.1,126.0,122.4,0.555091872,5,4,9,2024,119.0,123.0,124.0,118.44
6,2024-09-27 05:00:00,1403/07/06,123,SO,3,16,39.0,13.4,9.1,126.0,122.4,0.575938649,6,4,9,2024,121.0,124.0,125.0,118.44
7,2024-09-27 06:00:00,1403/07/06,100,SO,3,20,34.0,11.8,8.1,126.0,121.6,0.624209937,7,4,9,2024,121.0,124.0,125.0,118.44
8,2024-09-27 07:00:00,1403/07/06,100,SO,3,25,20.0,11.8,8.1,126.0,118.3,0.710391783,8,4,9,2024,120.0,124.0,124.0,118.44
9,2024-09-27 08:00:00,1403/07/06,100,SO,3,30,10.0,11.8,8.1,126.0,115.0,0.862472429,9,4,9,2024,119.0,120.0,122.0,118.44
10,2024-09-27 09:00:00,1403/07/06,115,SO,3,34,8.0,11.8,8.1,126.0,114.2,1.050657662,10,4,9,2024,113.0,121.0,125.0,118.44
11,2024-09-27 10:00:00,1403/07/06,112,SO,3,38,5.0,12.8,8.7,126.0,112.6,1.239191671,11,4,9,2024,112.0,122.0,125.0,118.44
12,2024-09-27 11:00:00,1403/07/06,116,SO,3,39,3.0,12.8,8.7,126.0,112.6,1.402177792,12,4,9,2024,117.0,121.0,123.0,118.44
13,2024-09-27 12:00:00,1403/07/06,117,SO,3,40,3.0,12.8,8.7,126.0,112.6,1.497048924,13,4,9,2024,117.0,121.0,121.0,118.44
14,2024-09-27 13:00:00,1403/07/06,117,SO,3,40,4.0,12.8,8.7,126.0,112.6,1.476980597,14,4,9,2024,116.0,121.0,121.0,118.44
15,2024-09-27 14:00:00,1403/07/06,110,SO,3,39,5.0,13.1,8.7,126.0,113.4,1.403558696,15,4,9,2024,116.0,120.0,121.0,118.44
16,2024-09-27 15:00:00,1403/07/06,110,SO,3,38,9.0,13.1,8.7,126.0,115.0,1.387562294,16,4,9,2024,117.0,121.0,121.0,118.44
17,2024-09-27 16:00:00,1403/07/06,111,SO,3,36,12.0,13.1,8.7,126.0,115.9,1.377526478,17,4,9,2024,117.0,121.0,122.0,118.44
18,2024-09-27 17:00:00,1403/07/06,113,SO,3,32,16.0,13.1,8.7,126.0,118.3,1.359569789,18,4,9,2024,116.0,122.0,123.0,118.44
19,2024-09-27 18:00:00,1403/07/06,116,SO,3,29,21.0,13.0,8.8,126.0,119.2,1.342959306,19,4,9,2024,120.0,123.0,124.0,118.44
20,2024-09-27 19:00:00,1403/07/06,117,SO,3,29,27.0,13.0,8.8,126.0,120.0,1.299777114,20,4,9,2024,122.0,124.0,124.0,118.44
21,2024-09-27 20:00:00,1403/07/06,118,SO,3,28,30.0,13.0,8.8,126.0,120.0,1.164566154,21,4,9,2024,121.0,125.0,125.0,118.44
22,2024-09-27 21:00:00,1403/07/06,119,SO,3,27,35.0,13.0,8.8,126.0,120.8,1.012878508,22,4,9,2024,117.0,118.0,122.0,118.44
23,2024-09-27 22:00:00,1403/07/06,119,SO,3,26,37.0,13.0,8.9,126.0,120.8,0.878285587,23,4,9,2024,118.0,90.0,120.0,118.44
24,2024-09-27 23:00:00,1403/07/07,119,SO,3,26,38.0,13.4,8.9,126.0,121.6,0.809203698,24,4,9,2024,119.0,45.0,121.0,118.44
1,2024-09-28 00:00:00,1403/07/07,119,SO,3,25,37.0,13.0,8.9,126.0,121.6,0.723310058,1,5,9,2024,119.0,55.0,121.0,118.44
2,2024-09-28 01:00:00,1403/07/07,120,SO,3,24,39.0,13.0,8.9,126.0,122.4,0.661062891,2,5,9,2024,120.0,85.0,124.0,118.44
3,2024-09-28 02:00:00,1403/07/07,121,SO,3,23,40.0,13.0,8.9,126.0,122.4,0.613059115,3,5,9,2024,120.0,119.0,123.0,118.44
4,2024-09-28 03:00:00,1403/07/07,122,SO,3,18,42.0,13.0,8.9,126.0,122.4,0.576619174,4,5,9,2024,120.0,118.0,122.0,118.44
5,2024-09-28 04:00:00,1403/07/07,122,SO,3,18,45.0,13.0,8.9,126.0,122.4,0.568603205,5,5,9,2024,122.0,119.0,123.0,118.44
6,2024-09-28 05:00:00,1403/07/07,105,SO,3,18,43.0,13.0,8.9,126.0,122.4,0.588745592,6,5,9,2024,123.0,121.0,124.0,118.44
7,2024-09-28 06:00:00,1403/07/07,108,SO,3,19,40.0,13.5,8.9,126.0,121.6,0.634673048,7,5,9,2024,100.0,121.0,124.0,118.44
8,2024-09-28 07:00:00,1403/07/07,105,SO,3,25,25.0,13.5,8.9,126.0,118.3,0.716522787,8,5,9,2024,100.0,120.0,124.0,118.44
9,2024-09-28 08:00:00,1403/07/07,117,SO,3,30,17.0,13.5,8.9,126.0,115.0,0.857397891,9,5,9,2024,100.0,119.0,120.0,118.44
10,2024-09-28 09:00:00,1403/07/07,120,SO,3,33,14.0,13.5,8.9,126.0,114.2,1.028126412,10,5,9,2024,115.0,113.0,121.0,118.44
11,2024-09-28 10:00:00,1403/07/07,120,SO,3,35,8.0,13.2,8.8,126.0,112.6,1.199186491,11,5,9,2024,112.0,112.0,122.0,118.44
12,2024-09-28 11:00:00,1403/07/07,120,SO,3,36,8.0,13.2,8.8,126.0,112.6,1.351874889,12,5,9,2024,116.0,117.0,121.0,118.44
13,2024-09-28 12:00:00,1403/07/07,119,SO,3,36,8.0,13.2,8.8,126.0,112.6,1.448090402,13,5,9,2024,117.0,117.0,121.0,118.44
14,2024-09-28 13:00:00,1403/07/07,119,SO,3,37,5.0,13.2,8.8,126.0,112.6,1.447091488,14,5,9,2024,117.0,116.0,121.0,118.44
15,2024-09-28 14:00:00,1403/07/07,120,SO,3,35,8.0,13.4,8.9,126.0,113.4,1.394502177,15,5,9,2024,110.0,116.0,120.0,118.44
16,2024-09-28 15:00:00,1403/07/07,121,SO,3,34,12.0,13.4,8.9,126.0,115.0,1.392932808,16,5,9,2024,110.0,117.0,121.0,118.44
17,2024-09-28 16:00:00,1403/07/07,121,SO,3,33,20.0,13.4,8.9,126.0,115.9,1.392381992,17,5,9,2024,111.0,117.0,121.0,118.44
18,2024-09-28 17:00:00,1403/07/07,118,SO,3,29,28.0,13.4,8.9,126.0,118.3,1.381222297,18,5,9,2024,113.0,116.0,122.0,118.44
19,2024-09-28 18:00:00,1403/07/07,117,SO,3,28,36.0,13.1,8.8,126.0,119.2,1.369816256,19,5,9,2024,116.0,120.0,123.0,118.44
20,2024-09-28 19:00:00,1403/07/07,118,SO,3,27,48.0,13.1,8.8,126.0,120.0,1.331177249,20,5,9,2024,117.0,122.0,124.0,118.44
21,2024-09-28 20:00:00,1403/07/07,118,SO,3,26,54.0,13.1,8.8,126.0,120.0,1.195772487,21,5,9,2024,118.0,121.0,125.0,118.88692741917035
22,2024-09-28 21:00:00,1403/07/07,119,SO,3,24,59.0,13.1,8.8,126.0,120.8,1.04319868,22,5,9,2024,119.0,117.0,118.0,118.54193973305325
23,2024-09-28 22:00:00,1403/07/07,120,SO,3,23,61.0,13.6,8.9,126.0,120.8,0.906991066,23,5,9,2024,119.0,118.0,90.0,118.44
24,2024-09-28 23:00:00,1403/07/08,120,SO,3,24,59.0,13.0,8.9,126.0,121.6,0.796199916,24,5,9,2024,119.0,119.0,45.0,119.02392411462242
1,2024-09-29 00:00:00,1403/07/08,120,SO,3,21,64.0,13.6,8.9,126.0,123.3,0.711962417,1,6,9,2024,119.0,119.0,55.0,118.44
2,2024-09-29 01:00:00,1403/07/08,100,SO,3,21,66.0,13.6,8.9,126.0,123.3,0.650467937,2,6,9,2024,120.0,120.0,85.0,118.44
3,2024-09-29 02:00:00,1403/07/08,100,SO,3,19,66.0,11.9,8.2,126.0,123.3,0.60399086,3,6,9,2024,121.0,120.0,119.0,118.44
4,2024-09-29 03:00:00,1403/07/08,100,SO,3,19,67.0,11.9,8.2,126.0,123.3,0.569172263,4,6,9,2024,122.0,120.0,118.0,118.44
5,2024-09-29 04:00:00,1403/07/08,100,SO,3,18,71.0,11.9,8.2,126.0,124.9,0.562757715,5,6,9,2024,122.0,122.0,119.0,118.44
6,2024-09-29 05:00:00,1403/07/08,100,SO,3,18,70.0,11.9,8.2,126.0,124.9,0.58456615,6,6,9,2024,105.0,123.0,121.0,118.44
7,2024-09-29 06:00:00,1403/07/08,100,SO,3,20,67.0,13.4,9.0,126.0,124.9,0.632928633,7,6,9,2024,108.0,100.0,121.0,118.44
8,2024-09-29 07:00:00,1403/07/08,124,SO,3,25,44.0,13.4,9.0,126.0,122.4,0.717166613,8,6,9,2024,105.0,100.0,120.0,118.44
9,2024-09-29 08:00:00,1403/07/08,119,SO,3,28,29.0,13.4,9.0,126.0,120.8,0.860489664,9,6,9,2024,117.0,100.0,119.0,118.44
10,2024-09-29 09:00:00,1403/07/08,117,SO,3,31,23.0,13.4,9.0,126.0,119.2,1.033701027,10,6,9,2024,120.0,115.0,113.0,118.44
11,2024-09-29 10:00:00,1403/07/08,116,SO,3,33,18.0,13.0,9.0,126.0,118.3,1.202918028,11,6,9,2024,120.0,112.0,112.0,118.44
12,2024-09-29 11:00:00,1403/07/08,115,SO,3,34,13.0,13.0,9.0,126.0,117.5,1.352520176,12,6,9,2024,120.0,116.0,117.0,118.44
13,2024-09-29 12:00:00,1403/07/08,114,SO,3,35,18.0,13.0,9.0,126.0,116.7,1.444959443,13,6,9,2024,119.0,117.0,117.0,118.44
14,2024-09-29 13:00:00,1403/07/08,113,SO,3,34,19.0,13.0,9.0,126.0,116.7,1.44257515,14,6,9,2024,119.0,117.0,116.0,118.44
15,2024-09-29 14:00:00,1403/07/08,114,SO,3,34,16.0,12.8,8.79,126.0,116.7,1.391661463,15,6,9,2024,120.0,110.0,116.0,118.44
16,2024-09-29 15:00:00,1403/07/08,115,SO,3,33,18.0,12.8,8.79,126.0,116.7,1.394339234,16,6,9,2024,121.0,110.0,117.0,118.44
17,2024-09-29 16:00:00,1403/07/08,116,SO,3,30,30.0,12.8,8.79,126.0,117.5,1.394681947,17,6,9,2024,121.0,111.0,117.0,118.44
18,2024-09-29 17:00:00,1403/07/08,117,SO,3,29,33.0,12.8,8.79,126.0,118.3,1.384623577,18,6,9,2024,118.0,113.0,116.0,118.44
19,2024-09-29 18:00:00,1403/07/08,118,SO,3,28,39.0,13.2,8.9,126.0,119.2,1.376614596,19,6,9,2024,117.0,116.0,120.0,118.44
20,2024-09-29 19:00:00,1403/07/08,119,SO,3,26,41.0,13.2,8.9,126.0,120.0,1.339353165,20,6,9,2024,118.0,117.0,122.0,118.44
21,2024-09-29 20:00:00,1403/07/08,119,SO,3,25,42.0,13.2,8.9,126.0,120.0,1.201447955,21,6,9,2024,118.0,118.0,121.0,118.44
22,2024-09-29 21:00:00,1403/07/08,119,SO,3,24,40.0,13.2,8.9,126.0,120.8,1.050422558,22,6,9,2024,119.0,119.0,117.0,118.44
23,2024-09-29 22:00:00,1403/07/08,120,SO,3,24,40.0,13.2,8.9,126.0,120.8,0.913832659,23,6,9,2024,120.0,119.0,118.0,118.44
24,2024-09-29 23:00:00,1403/07/09,121,SO,3,22,42.0,13.6,8.9,126.0,121.6,0.802269321,24,6,9,2024,120.0,119.0,119.0,118.44
1,2024-09-30 00:00:00,1403/07/09,122,SO,3,21,46.0,13.2,8.9,126.0,123.3,0.717494842,1,0,9,2024,120.0,119.0,119.0,118.44
2,2024-09-30 01:00:00,1403/07/09,122,SO,3,20,47.0,13.2,8.9,126.0,123.3,0.655827931,2,0,9,2024,100.0,120.0,120.0,118.44
3,2024-09-30 02:00:00,1403/07/09,107,SO,3,19,46.0,12.1,8.4,126.0,123.3,0.608565819,3,0,9,2024,100.0,121.0,120.0,118.44
4,2024-09-30 03:00:00,1403/07/09,107,SO,3,18,47.0,12.1,8.4,126.0,123.3,0.573183354,4,0,9,2024,100.0,122.0,120.0,118.44
5,2024-09-30 04:00:00,1403/07/09,107,SO,3,19,47.0,12.1,8.4,126.0,124.9,0.565634279,5,0,9,2024,100.0,122.0,122.0,118.44
6,2024-09-30 05:00:00,1403/07/09,107,SO,3,19,50.0,12.1,8.4,126.0,124.9,0.585847624,6,0,9,2024,100.0,105.0,123.0,118.44
7,2024-09-30 06:00:00,1403/07/09,107,SO,3,15,46.0,12.5,8.5,126.0,124.9,0.631651371,7,0,9,2024,100.0,108.0,100.0,118.44
8,2024-09-30 07:00:00,1403/07/09,112,SO,3,25,30.0,12.5,8.5,126.0,122.4,0.711952351,8,0,9,2024,124.0,105.0,100.0,118.44
9,2024-09-30 08:00:00,1403/07/09,114,SO,3,29,27.0,12.5,8.5,126.0,120.8,0.847484064,9,0,9,2024,119.0,117.0,100.0,118.44
10,2024-09-30 09:00:00,1403/07/09,118,SO,3,30,24.0,12.5,8.5,126.0,119.2,1.010262657,10,0,9,2024,117.0,120.0,115.0,118.44
11,2024-09-30 10:00:00,1403/07/09,117,SO,3,31,18.0,13.0,8.8,126.0,118.3,1.169435419,11,0,9,2024,116.0,120.0,112.0,118.44
12,2024-09-30 11:00:00,1403/07/09,116,SO,3,32,15.0,13.0,8.8,126.0,117.5,1.311216069,12,0,9,2024,115.0,120.0,116.0,118.44
13,2024-09-30 12:00:00,1403/07/09,116,SO,3,33,10.0,13.0,8.8,126.0,116.7,1.397597229,13,0,9,2024,114.0,119.0,117.0,118.44
14,2024-09-30 13:00:00,1403/07/09,116,SO,3,33,11.0,13.0,8.8,126.0,116.7,1.396739202,14,0,9,2024,113.0,119.0,117.0,118.44
15,2024-09-30 14:00:00,1403/07/09,116,SO,3,33,12.0,13.0,8.8,126.0,116.7,1.353037726,15,0,9,2024,114.0,120.0,110.0,118.44
16,2024-09-30 15:00:00,1403/07/09,115,SO,3,32,19.0,13.0,8.8,126.0,116.7,1.360874229,16,0,9,2024,115.0,121.0,110.0,118.44
17,2024-09-30 16:00:00,1403/07/09,113,SO,3,30,25.0,13.0,8.8,126.0,117.5,1.364936917,17,0,9,2024,116.0,121.0,111.0,118.44
18,2024-09-30 17:00:00,1403/07/09,122,SO,3,28,30.0,13.0,8.8,126.0,118.3,1.361726279,18,0,9,2024,117.0,118.0,113.0,118.44
19,2024-09-30 18:00:00,1403/07/09,119,SO,3,26,34.0,12.9,8.9,126.0,119.2,1.362457764,19,0,9,2024,118.0,117.0,116.0,118.44
20,2024-09-30 19:00:00,1403/07/09,119,SO,3,24,36.0,12.9,8.9,126.0,120.0,1.331775865,20,0,9,2024,119.0,118.0,117.0,118.44
21,2024-09-30 20:00:00,1403/07/09,119,SO,3,24,39.0,12.9,8.9,126.0,120.0,1.199388926,21,0,9,2024,119.0,118.0,118.0,118.44
22,2024-09-30 21:00:00,1403/07/09,123,SO,3,23,43.0,12.9,8.9,126.0,120.8,1.04717929,22,0,9,2024,119.0,119.0,119.0,118.44
23,2024-09-30 22:00:00,1403/07/09,123,SO,3,22,40.0,12.9,9.0,126.0,120.8,0.910152932,23,0,9,2024,120.0,120.0,119.0,118.44
24,2024-09-30 23:00:00,1403/07/10,123,SO,3,21,43.0,13.2,8.9,126.0,121.6,0.797892107,24,0,9,2024,121.0,120.0,119.0,118.44
1,2024-10-01 00:00:00,1403/07/10,123,SO,3,21,42.0,12.9,9.0,126.0,123.3,0.712673947,1,1,10,2024,122.0,120.0,119.0,118.44
2,2024-10-01 01:00:00,1403/07/10,123,SO,3,20,43.0,12.9,9.0,126.0,123.3,0.650954488,2,1,10,2024,122.0,100.0,120.0,118.44
3,2024-10-01 02:00:00,1403/07/10,124,SO,3,19,46.0,13.3,9.0,126.0,123.3,0.605321381,3,1,10,2024,107.0,100.0,121.0,118.44
4,2024-10-01 03:00:00,1403/07/10,125,SO,3,19,48.0,13.3,9.0,126.0,123.3,0.571775422,4,1,10,2024,107.0,100.0,122.0,118.44
5,2024-10-01 04:00:00,1403/07/10,125,SO,3,19,47.0,13.3,9.0,126.0,124.9,0.566654038,5,1,10,2024,107.0,100.0,122.0,118.44
6,2024-10-01 05:00:00,1403/07/10,126,SO,3,18,49.0,13.3,9.0,126.0,124.9,0.589921415,6,1,10,2024,107.0,100.0,105.0,118.44
7,2024-10-01 06:00:00,1403/07/10,127,SO,3,19,47.0,13.3,9.0,126.0,124.9,0.63924837,7,1,10,2024,107.0,100.0,108.0,118.44
8,2024-10-01 07:00:00,1403/07/10,125,SO,3,25,32.0,13.3,9.0,126.0,122.4,0.725339095,8,1,10,2024,112.0,124.0,105.0,118.44
9,2024-10-01 08:00:00,1403/07/10,122,SO,3,26,20.0,13.3,9.0,126.0,120.8,0.869660112,9,1,10,2024,114.0,119.0,117.0,118.7293007369423
10,2024-10-01 09:00:00,1403/07/10,122,SO,3,28,17.0,13.3,9.0,126.0,119.2,1.042050463,10,1,10,2024,118.0,117.0,120.0,118.86994872706745
11,2024-10-01 10:00:00,1403/07/10,118,SO,3,33,11.0,13.0,9.0,126.0,118.3,1.208367392,11,1,10,2024,117.0,116.0,120.0,119.19683197170495
12,2024-10-01 11:00:00,1403/07/10,124,SO,3,33,9.0,13.0,9.0,126.0,117.5,1.354944749,12,1,10,2024,116.0,115.0,120.0,119.01073712395751
13,2024-10-01 12:00:00,1403/07/10,124,SO,3,35,8.0,13.0,9.0,126.0,116.7,1.440434836,13,1,10,2024,116.0,114.0,119.0,119.13850280225859
14,2024-10-01 13:00:00,1403/07/10,124,SO,3,35,7.0,13.0,9.0,126.0,116.7,1.433587495,14,1,10,2024,116.0,113.0,119.0,119.24210479649514
15,2024-10-01 14:00:00,1403/07/10,125,SO,3,35,7.0,12.6,8.7,126.0,116.7,1.387556078,15,1,10,2024,116.0,114.0,120.0,119.41177605425128
16,2024-10-01 15:00:00,1403/07/10,117,SO,3,35,10.0,12.6,8.7,126.0,116.7,1.39585035,16,1,10,2024,115.0,115.0,121.0,119.9364113124401
17,2024-10-01 16:00:00,1403/07/10,117,SO,3,33,11.0,12.6,8.7,126.0,117.5,1.398602596,17,1,10,2024,113.0,116.0,121.0,120.11784319517133
18,2024-10-01 17:00:00,1403/07/10,124,SO,3,29,16.0,12.6,8.7,126.0,118.3,1.392531785,18,1,10,2024,122.0,117.0,118.0,120.71591239373416
19,2024-10-01 18:00:00,1403/07/10,125,SO,3,26,17.0,12.7,8.9,126.0,119.2,1.38800258,19,1,10,2024,119.0,118.0,117.0,121.38934463295847
20,2024-10-01 19:00:00,1403/07/10,124,SO,3,25,21.0,12.7,8.9,126.0,120.0,1.347418691,20,1,10,2024,119.0,119.0,118.0,122.17029924580025
21,2024-10-01 20:00:00,1403/07/10,114,SO,3,24,21.0,12.7,8.9,126.0,120.0,1.204268233,21,1,10,2024,119.0,119.0,118.0,121.81569288997967
22,2024-10-01 21:00:00,1403/07/10,122,SO,3,23,26.0,12.7,8.9,126.0,120.8,1.047700097,22,1,10,2024,123.0,119.0,119.0,121.81569288997967
23,2024-10-01 22:00:00,1403/07/10,122,SO,3,22,28.0,13.0,9.0,126.0,120.8,0.908817418,23,1,10,2024,123.0,120.0,120.0,122.47800376690273
24,2024-10-01 23:00:00,1403/07/11,122,SO,3,21,32.0,12.9,9.0,126.0,121.6,0.796482618,24,1,10,2024,123.0,121.0,120.0,122.47182727653346
1,2024-10-02 00:00:00,1403/07/11,123,SO,3,21,30.0,13.0,9.0,126.0,121.3,0.712148514,1,2,10,2024,123.0,122.0,120.0,122.37787956896959
2,2024-10-02 01:00:00,1403/07/11,124,SO,3,21,31.0,13.0,9.0,126.0,121.3,0.651409145,2,2,10,2024,123.0,122.0,100.0,121.20903122046093
3,2024-10-02 02:00:00,1403/07/11,124,SO,3,21,32.0,13.0,9.0,126.0,121.3,0.606282125,3,2,10,2024,124.0,107.0,100.0,120.03829491717262
4,2024-10-02 03:00:00,1403/07/11,125,SO,3,21,32.0,13.0,9.0,126.0,121.3,0.573219816,4,2,10,2024,125.0,107.0,100.0,120.03290465038185
5,2024-10-02 04:00:00,1403/07/11,116,SO,3,21,34.0,13.0,9.0,126.0,121.3,0.568420766,5,2,10,2024,125.0,107.0,100.0,119.3451327220071
6,2024-10-02 05:00:00,1403/07/11,118,SO,3,20,35.0,13.0,9.0,126.0,121.3,0.591918126,6,2,10,2024,126.0,107.0,100.0,118.52853188122316
7,2024-10-02 06:00:00,1403/07/11,121,SO,3,20,37.0,13.0,9.0,126.0,119.6,0.642447613,7,2,10,2024,127.0,107.0,100.0,118.59888902969416
8,2024-10-02 07:00:00,1403/07/11,115,SO,3,25,24.0,13.0,9.0,126.0,116.3,0.730787882,8,2,10,2024,125.0,112.0,124.0,119.41489699759875
9,2024-10-02 08:00:00,1403/07/11,122,SO,3,28,18.0,13.0,9.0,126.0,114.7,0.880021542,9,2,10,2024,122.0,114.0,119.0,119.35364767939114
10,2024-10-02 09:00:00,1403/07/11,120,SO,3,32,11.0,13.0,9.0,126.0,113.9,1.05972669,10,2,10,2024,122.0,118.0,117.0,119.78112755376968
11,2024-10-02 10:00:00,1403/07/11,123,SO,3,35,10.0,13.0,9.0,126.0,113.0,1.229178404,11,2,10,2024,118.0,117.0,116.0,119.95567253056088
12,2024-10-02 11:00:00,1403/07/11,122,SO,3,36,7.0,13.0,9.0,126.0,113.0,1.371265239,12,2,10,2024,124.0,116.0,115.0,119.84895116437028
13,2024-10-02 12:00:00,1403/07/11,122,SO,3,36,9.0,13.0,9.0,126.0,113.0,1.443336755,13,2,10,2024,124.0,116.0,114.0,119.84895116437028
14,2024-10-02 13:00:00,1403/07/11,124,SO,3,35,9.0,13.0,9.0,126.0,113.0,1.424779071,14,2,10,2024,124.0,116.0,113.0,119.64747541078737
15,2024-10-02 14:00:00,1403/07/11,123,SO,3,35,12.0,13.0,9.0,126.0,113.0,1.371823997,15,2,10,2024,125.0,116.0,114.0,119.5806586292166
16,2024-10-02 15:00:00,1403/07/11,123,SO,3,34,15.0,13.0,9.0,126.0,113.9,1.37956389,16,2,10,2024,117.0,115.0,115.0,119.4596632590794
17,2024-10-02 16:00:00,1403/07/11,123,SO,3,32,25.0,13.0,9.0,126.0,115.5,1.380458782,17,2,10,2024,117.0,113.0,116.0,119.86459695481281
18,2024-10-02 17:00:00,1403/07/11,123,SO,3,30,34.0,13.0,9.0,126.0,116.3,1.37493328,18,2,10,2024,124.0,122.0,117.0,120.99822079069564
19,2024-10-02 18:00:00,1403/07/11,123,SO,3,28,37.0,12.9,9.1,126.0,117.2,1.367507496,19,2,10,2024,125.0,119.0,118.0,119.8604406997489
20,2024-10-02 19:00:00,1403/07/11,125,SO,3,27,38.0,12.9,9.1,126.0,118.8,1.324621637,20,2,10,2024,124.0,119.0,119.0,120.40759532966233
21,2024-10-02 20:00:00,1403/07/11,121,SO,3,25,39.0,12.9,9.1,126.0,118.8,1.183802431,21,2,10,2024,114.0,119.0,119.0,121.27008018698669
22,2024-10-02 21:00:00,1403/07/11,121,SO,3,24,38.0,12.9,9.1,126.0,119.6,1.033953973,22,2,10,2024,122.0,123.0,119.0,122.07771477745246
23,2024-10-02 22:00:00,1403/07/11,123,SO,3,23,40.0,12.7,8.6,126.0,120.4,0.899978048,23,2,10,2024,122.0,123.0,120.0,122.24881881309878
24,2024-10-02 23:00:00,1403/07/12,122,SO,3,22,44.0,13.0,9.0,126.0,120.4,0.791170507,24,2,10,2024,122.0,123.0,121.0,122.31764602941564
1,2024-10-03 00:00:00,1403/07/12,110,SO,3,21,43.0,12.7,8.6,126.0,121.3,0.708735919,1,3,10,2024,123.0,123.0,122.0,121.4786532697788
2,2024-10-03 01:00:00,1403/07/12,123,SO,3,21,45.0,12.7,8.6,126.0,121.3,0.64891033,2,3,10,2024,124.0,123.0,122.0,121.23047611806956
3,2024-10-03 02:00:00,1403/07/12,124,SO,3,20,48.0,13.3,9.1,126.0,121.3,0.603825029,3,3,10,2024,124.0,124.0,107.0,120.65535539384757
4,2024-10-03 03:00:00,1403/07/12,126,SO,3,19,20.0,13.3,9.1,126.0,121.3,0.56973074,4,3,10,2024,125.0,125.0,107.0,120.88631304311703
5,2024-10-03 04:00:00,1403/07/12,125,SO,3,18,50.0,13.3,9.1,126.0,121.3,0.563869753,5,3,10,2024,116.0,125.0,107.0,120.32660980835715
6,2024-10-03 05:00:00,1403/07/12,115,SO,3,18,51.0,13.3,9.1,126.0,121.3,0.585220577,6,3,10,2024,118.0,126.0,107.0,119.7192769267946
7,2024-10-03 06:00:00,1403/07/12,115,SO,3,19,48.0,12.4,8.6,126.0,119.6,0.632734048,7,3,10,2024,121.0,127.0,107.0,119.48873679651228
8,2024-10-03 07:00:00,1403/07/12,105,SO,3,24,37.0,12.4,8.6,126.0,116.3,0.716764613,8,3,10,2024,115.0,125.0,112.0,118.44
9,2024-10-03 08:00:00,1403/07/12,121,SO,3,29,21.0,12.4,8.6,126.0,114.7,0.859775038,9,3,10,2024,122.0,122.0,114.0,118.56991198191622
10,2024-10-03 09:00:00,1403/07/12,117,SO,3,31,14.0,12.4,8.6,126.0,113.9,1.030434604,10,3,10,2024,120.0,122.0,118.0,118.74355368475253
11,2024-10-03 10:00:00,1403/07/12,116,SO,3,34,10.0,12.4,8.6,126.0,113.0,1.185993206,11,3,10,2024,123.0,118.0,117.0,118.93349564317296
12,2024-10-03 11:00:00,1403/07/12,115,SO,3,35,10.0,12.4,8.6,126.0,113.0,1.308976152,12,3,10,2024,122.0,124.0,116.0,119.27861409409374
13,2024-10-03 12:00:00,1403/07/12,115,SO,3,36,10.0,12.4,8.6,126.0,113.0,1.360477603,13,3,10,2024,122.0,124.0,116.0,119.20131967344341
14,2024-10-03 13:00:00,1403/07/12,122,SO,3,36,11.0,12.4,8.6,126.0,113.0,1.330011583,14,3,10,2024,124.0,124.0,116.0,119.10142295349777
15,2024-10-03 14:00:00,1403/07/12,123,SO,3,35,12.0,13.3,9.0,126.0,113.0,1.273401737,15,3,10,2024,123.0,125.0,116.0,119.1268166090336
16,2024-10-03 15:00:00,1403/07/12,123,SO,3,35,12.0,13.3,9.0,126.0,113.9,1.281073035,16,3,10,2024,123.0,117.0,115.0,118.44
17,2024-10-03 16:00:00,1403/07/12,122,SO,3,33,19.0,13.3,9.0,126.0,115.5,1.286183225,17,3,10,2024,123.0,117.0,113.0,118.44
18,2024-10-03 17:00:00,1403/07/12,118,SO,3,31,25.0,13.3,9.0,126.0,116.3,1.288332539,18,3,10,2024,123.0,124.0,122.0,119.57984204000762
19,2024-10-03 18:00:00,1403/07/12,118,SO,3,29,28.0,13.0,8.9,126.0,117.2,1.290906775,19,3,10,2024,123.0,125.0,119.0,118.44
20,2024-10-03 19:00:00,1403/07/12,120,SO,3,28,36.0,13.0,8.9,126.0,118.8,1.258910807,20,3,10,2024,125.0,124.0,119.0,118.54528787793711
21,2024-10-03 20:00:00,1403/07/12,120,SO,3,27,37.0,13.0,8.9,126.0,118.8,1.132562059,21,3,10,2024,121.0,114.0,119.0,118.44
22,2024-10-03 21:00:00,1403/07/12,120,SO,3,26,36.0,13.0,8.9,126.0,119.6,0.994909097,22,3,10,2024,121.0,122.0,123.0,118.98866449031723
23,2024-10-03 22:00:00,1403/07/12,122,SO,3,24,40.0,13.2,8.9,126.0,120.4,0.869599473,23,3,10,2024,123.0,122.0,123.0,119.75362557934223
24,2024-10-03 23:00:00,1403/07/13,122,SO,3,22,44.0,12.7,8.6,126.0,120.4,0.730134414,24,3,10,2024,122.0,122.0,123.0,120.34801901035691
1,2024-10-04 00:00:00,1403/07/13,122,SO,3,21,39.0,13.2,8.9,126.0,121.3,0.655136929,1,4,10,2024,110.0,123.0,123.0,119.68669519784558
2,2024-10-04 01:00:00,1403/07/13,125,SO,3,20,48.0,13.2,8.9,126.0,121.3,0.600416136,2,4,10,2024,123.0,124.0,123.0,119.85480839307778
3,2024-10-04 02:00:00,1403/07/13,125,SO,3,19,50.0,13.3,9.1,126.0,121.3,0.559755308,3,4,10,2024,124.0,124.0,124.0,119.46067373773911
4,2024-10-04 03:00:00,1403/07/13,125,SO,3,18,50.0,13.3,9.1,126.0,121.3,0.528614812,4,4,10,2024,126.0,125.0,125.0,120.06081813274108
5,2024-10-04 04:00:00,1403/07/13,125,SO,3,17,50.0,13.3,9.1,126.0,121.3,0.523058795,5,4,10,2024,125.0,116.0,125.0,119.1120674903581
6,2024-10-04 05:00:00,1403/07/13,100,SO,3,16,50.0,13.3,9.1,126.0,121.3,0.541820559,6,4,10,2024,115.0,118.0,126.0,118.44
7,2024-10-04 06:00:00,1403/07/13,100,SO,3,19,50.0,12.3,8.6,126.0,119.6,0.583950539,7,4,10,2024,115.0,121.0,127.0,118.44
8,2024-10-04 07:00:00,1403/07/13,90,SO,3,24,31.0,12.3,8.6,126.0,116.3,0.657678489,8,4,10,2024,105.0,115.0,125.0,118.44
9,2024-10-04 08:00:00,1403/07/13,110,SO,3,28,18.0,12.3,8.6,126.0,114.7,0.783182656,9,4,10,2024,121.0,122.0,122.0,118.44
10,2024-10-04 09:00:00,1403/07/13,114,SO,3,31,12.0,12.3,8.6,126.0,113.9,0.931143679,10,4,10,2024,117.0,120.0,122.0,118.44
11,2024-10-04 10:00:00,1403/07/13,119,SO,3,32,12.0,12.3,8.6,126.0,113.0,1.067366189,11,4,10,2024,116.0,123.0,118.0,118.44
12,2024-10-04 11:00:00,1403/07/13,118,SO,3,34,3.0,12.3,8.6,126.0,113.0,1.175866982,12,4,10,2024,115.0,122.0,124.0,118.44
13,2024-10-04 12:00:00,1403/07/13,116,SO,3,35,3.0,12.3,8.6,126.0,113.0,1.223204455,13,4,10,2024,115.0,122.0,124.0,118.44
14,2024-10-04 13:00:00,1403/07/13,117,SO,3,34,10.0,12.3,8.6,126.0,113.0,1.19812471,14,4,10,2024,122.0,124.0,124.0,118.44
15,2024-10-04 14:00:00,1403/07/13,116,SO,3,34,12.0,11.8,8.2,126.0,113.0,1.152917839,15,4,10,2024,123.0,123.0,125.0,118.44
16,2024-10-04 15:00:00,1403/07/13,105,SO,3,32,13.0,11.8,8.2,126.0,113.9,1.161309215,16,4,10,2024,123.0,123.0,117.0,118.44
17,2024-10-04 16:00:00,1403/07/13,105,SO,3,31,13.0,11.8,8.2,126.0,115.5,1.167616206,17,4,10,2024,122.0,123.0,117.0,118.44
18,2024-10-04 17:00:00,1403/07/13,105,SO,3,28,17.0,11.8,8.2,126.0,116.3,1.172950607,18,4,10,2024,118.0,123.0,124.0,118.44
19,2024-10-04 18:00:00,1403/07/13,110,SO,3,26,21.0,12.1,8.3,126.0,117.2,1.180446792,19,4,10,2024,118.0,123.0,125.0,118.44
20,2024-10-04 19:00:00,1403/07/13,110,SO,3,26,22.0,12.1,8.3,126.0,118.8,1.153570371,20,4,10,2024,120.0,125.0,124.0,118.44
21,2024-10-04 20:00:00,1403/07/13,110,SO,3,24,24.0,12.1,8.3,126.0,118.8,1.041562536,21,4,10,2024,120.0,121.0,114.0,118.44
22,2024-10-04 21:00:00,1403/07/13,110,SO,3,22,29.0,12.1,8.3,126.0,119.6,0.915861365,22,4,10,2024,120.0,121.0,122.0,118.44
23,2024-10-04 22:00:00,1403/07/13,110,SO,3,19,32.0,12.0,8.4,126.0,120.4,0.801902945,23,4,10,2024,122.0,123.0,122.0,118.44
24,2024-10-04 23:00:00,1403/07/14,110,SO,3,19,34.0,13.2,8.9,126.0,120.4,0.74268559,24,4,10,2024,122.0,122.0,122.0,118.44
1,2024-10-05 00:00:00,1403/07/14,112,SO,3,18,31.0,12.0,8.4,126.0,123.7,0.66682532,1,5,10,2024,122.0,110.0,123.0,118.44
2,2024-10-05 01:00:00,1403/07/14,112,SO,3,16,34.0,12.0,8.4,126.0,123.7,0.611350717,2,5,10,2024,125.0,123.0,124.0,118.44
3,2024-10-05 02:00:00,1403/07/14,90,SO,3,15,37.0,10.0,7.4,126.0,123.7,0.571128345,3,5,10,2024,125.0,124.0,124.0,118.44
4,2024-10-05 03:00:00,1403/07/14,90,SO,3,14,40.0,10.0,7.4,126.0,125.4,0.540289781,4,5,10,2024,125.0,126.0,125.0,118.44
5,2024-10-05 04:00:00,1403/07/14,90,SO,3,13,42.0,10.0,7.4,126.0,125.4,0.535479004,5,5,10,2024,125.0,125.0,116.0,118.44
6,2024-10-05 05:00:00,1403/07/14,90,SO,3,12,39.0,10.0,7.4,126.0,125.4,0.555843595,6,5,10,2024,100.0,115.0,118.0,118.44
7,2024-10-05 06:00:00,1403/07/14,90,SO,3,16,42.0,13.6,9.2,126.0,123.7,0.600108281,7,5,10,2024,100.0,115.0,121.0,118.44
8,2024-10-05 07:00:00,1403/07/14,127,SO,3,21,23.0,13.6,9.2,126.0,120.4,0.67579937,8,5,10,2024,90.0,105.0,115.0,118.44
9,2024-10-05 08:00:00,1403/07/14,123,SO,3,26,15.0,13.6,9.2,126.0,118.0,0.802902346,9,5,10,2024,110.0,121.0,122.0,118.44
10,2024-10-05 09:00:00,1403/07/14,121,SO,3,29,8.0,13.6,9.2,126.0,116.3,0.951253161,10,5,10,2024,114.0,117.0,120.0,118.44
11,2024-10-05 10:00:00,1403/07/14,110,SO,3,31,7.0,13.1,8.8,126.0,115.5,1.085483631,11,5,10,2024,119.0,116.0,123.0,118.44
12,2024-10-05 11:00:00,1403/07/14,110,SO,3,33,6.0,13.1,8.8,126.0,114.7,1.191639798,12,5,10,2024,118.0,115.0,122.0,118.44
13,2024-10-05 12:00:00,1403/07/14,115,SO,3,34,4.0,13.1,8.8,126.0,114.7,1.241660919,13,5,10,2024,116.0,115.0,122.0,118.44
14,2024-10-05 13:00:00,1403/07/14,116,SO,3,35,4.0,13.1,8.8,126.0,114.7,1.22007604,14,5,10,2024,117.0,122.0,124.0,118.44
15,2024-10-05 14:00:00,1403/07/14,116,SO,3,34,4.0,13.1,8.8,126.0,115.5,1.179611196,15,5,10,2024,116.0,123.0,123.0,118.44
16,2024-10-05 15:00:00,1403/07/14,116,SO,3,34,6.0,13.1,8.8,126.0,116.3,1.191403168,16,5,10,2024,105.0,123.0,123.0,118.44
17,2024-10-05 16:00:00,1403/07/14,117,SO,3,32,8.0,13.1,8.8,126.0,117.2,1.200379253,17,5,10,2024,105.0,122.0,123.0,118.44
18,2024-10-05 17:00:00,1403/07/14,120,SO,3,27,13.0,13.1,8.8,126.0,118.8,1.207181328,18,5,10,2024,105.0,118.0,123.0,118.44
19,2024-10-05 18:00:00,1403/07/14,121,SO,3,26,24.0,13.0,9.0,126.0,120.4,1.216640581,19,5,10,2024,110.0,118.0,123.0,118.44
20,2024-10-05 19:00:00,1403/07/14,123,SO,3,22,26.0,13.0,9.0,126.0,121.3,1.187772477,20,5,10,2024,110.0,120.0,125.0,118.44
21,2024-10-05 20:00:00,1403/07/14,124,SO,3,22,34.0,13.0,9.0,126.0,122.1,1.070332159,21,5,10,2024,110.0,120.0,121.0,118.44
22,2024-10-05 21:00:00,1403/07/14,124,SO,3,20,35.0,13.0,9.0,126.0,122.1,0.941319341,22,5,10,2024,110.0,120.0,121.0,118.44
23,2024-10-05 22:00:00,1403/07/14,124,SO,3,19,35.0,13.6,9.1,126.0,122.9,0.82391114,23,5,10,2024,110.0,122.0,123.0,118.44
24,2024-10-05 23:00:00,1403/07/15,124,SO,3,19,34.0,12.0,8.4,126.0,122.9,0.726140441,24,5,10,2024,110.0,122.0,122.0,118.44
1,2024-10-06 00:00:00,1403/07/15,128,SO,3,15,44.0,13.6,9.1,126.0,123.7,0.65199726,1,6,10,2024,112.0,122.0,110.0,118.44
2,2024-10-06 01:00:00,1403/07/15,110,SO,3,14,48.0,13.6,9.1,126.0,123.7,0.598438034,2,6,10,2024,112.0,125.0,123.0,118.44
3,2024-10-06 02:00:00,1403/07/15,110,SO,3,14,44.0,13.6,9.1,126.0,123.7,0.559374613,3,6,10,2024,90.0,125.0,124.0,118.44
4,2024-10-06 03:00:00,1403/07/15,112,SO,3,14,44.0,13.6,9.1,126.0,125.4,0.529100386,4,6,10,2024,90.0,125.0,126.0,118.44
5,2024-10-06 04:00:00,1403/07/15,110,SO,3,12,44.0,13.6,9.1,126.0,125.4,0.52416741,5,6,10,2024,90.0,125.0,125.0,118.44
6,2024-10-06 05:00:00,1403/07/15,110,SO,3,12,47.0,13.6,9.1,126.0,125.4,0.543499381,6,6,10,2024,90.0,100.0,115.0,118.44
7,2024-10-06 06:00:00,1403/07/15,115,SO,3,14,45.0,11.7,8.3,126.0,123.7,0.585816659,7,6,10,2024,90.0,100.0,115.0,118.44
8,2024-10-06 07:00:00,1403/07/15,110,SO,3,22,25.0,11.7,8.3,126.0,120.4,0.656695819,8,6,10,2024,127.0,90.0,105.0,118.44
9,2024-10-06 08:00:00,1403/07/15,105,SO,3,26,15.0,11.7,8.3,126.0,118.0,0.775765558,9,6,10,2024,123.0,110.0,121.0,118.44
10,2024-10-06 09:00:00,1403/07/15,110,SO,3,29,12.0,11.7,8.3,126.0,116.3,0.912088621,10,6,10,2024,121.0,114.0,117.0,118.44
11,2024-10-06 10:00:00,1403/07/15,110,SO,3,31,10.0,12.7,8.5,126.0,115.5,1.033083499,11,6,10,2024,110.0,119.0,116.0,118.44
12,2024-10-06 11:00:00,1403/07/15,110,SO,3,33,7.0,12.7,8.5,126.0,114.7,1.127779725,12,6,10,2024,110.0,118.0,115.0,118.44
13,2024-10-06 12:00:00,1403/07/15,115,SO,3,33,5.0,12.7,8.5,126.0,114.7,1.175279188,13,6,10,2024,115.0,116.0,115.0,118.44
14,2024-10-06 13:00:00,1403/07/15,116,SO,3,33,3.0,12.7,8.5,126.0,114.7,1.157449787,14,6,10,2024,116.0,117.0,122.0,118.44
15,2024-10-06 14:00:00,1403/07/15,116,SO,3,33,5.0,13.2,8.8,126.0,115.5,1.125454482,15,6,10,2024,116.0,116.0,123.0,118.44
16,2024-10-06 15:00:00,1403/07/15,118,SO,3,32,10.0,13.2,8.8,126.0,116.3,1.14120687,16,6,10,2024,116.0,105.0,123.0,118.44
17,2024-10-06 16:00:00,1403/07/15,118,SO,3,30,12.0,13.2,8.8,126.0,117.2,1.152444105,17,6,10,2024,117.0,105.0,122.0,118.44
18,2024-10-06 17:00:00,1403/07/15,121,SO,3,26,17.0,13.2,8.8,126.0,118.8,1.161922452,18,6,10,2024,120.0,105.0,118.0,118.44
19,2024-10-06 18:00:00,1403/07/15,121,SO,3,25,23.0,12.4,8.4,126.0,120.4,1.175959404,19,6,10,2024,121.0,110.0,118.0,118.44
20,2024-10-06 19:00:00,1403/07/15,110,SO,3,24,24.0,12.4,8.4,126.0,121.3,1.151720277,20,6,10,2024,123.0,110.0,120.0,118.44
21,2024-10-06 20:00:00,1403/07/15,110,SO,3,21,28.0,12.4,8.4,126.0,122.1,1.041283878,21,6,10,2024,124.0,110.0,120.0,118.44
22,2024-10-06 21:00:00,1403/07/15,113,SO,3,21,26.0,12.4,8.4,126.0,122.1,0.919210155,22,6,10,2024,124.0,110.0,120.0,118.44
23,2024-10-06 22:00:00,1403/07/15,113,SO,3,19,26.0,12.4,8.5,126.0,122.9,0.806455576,23,6,10,2024,124.0,110.0,122.0,118.44
24,2024-10-06 23:00:00,1403/07/16,113,SO,3,19,26.0,13.6,9.1,126.0,122.9,0.7117721,24,6,10,2024,124.0,110.0,122.0,118.44
1,2024-10-07 00:00:00,1403/07/16,113,SO,3,16,34.0,12.4,8.5,126.0,123.7,0.639594119,1,0,10,2024,128.0,112.0,122.0,118.44
2,2024-10-07 01:00:00,1403/07/16,113,SO,3,16,33.0,12.4,8.5,126.0,123.7,0.587665623,2,0,10,2024,110.0,112.0,125.0,118.44
3,2024-10-07 02:00:00,1403/07/16,100,SO,3,16,35.0,10.7,7.9,126.0,123.7,0.549871947,3,0,10,2024,110.0,90.0,125.0,118.44
4,2024-10-07 03:00:00,1403/07/16,100,SO,3,15,35.0,10.7,7.9,126.0,125.4,0.520809237,4,0,10,2024,112.0,90.0,125.0,118.44
5,2024-10-07 04:00:00,1403/07/16,100,SO,3,13,36.0,10.7,7.9,126.0,125.4,0.516588067,5,0,10,2024,110.0,90.0,125.0,118.44
6,2024-10-07 05:00:00,1403/07/16,100,SO,3,15,35.0,10.7,7.9,126.0,125.4,0.536446535,6,0,10,2024,110.0,90.0,100.0,118.44
7,2024-10-07 06:00:00,1403/07/16,100,SO,3,19,34.0,11.3,7.9,126.0,123.7,0.578426176,7,0,10,2024,115.0,90.0,100.0,118.44
8,2024-10-07 07:00:00,1403/07/16,100,SO,3,20,19.0,11.3,7.9,126.0,120.4,0.647979377,8,0,10,2024,110.0,127.0,90.0,118.44
9,2024-10-07 08:00:00,1403/07/16,100,SO,3,27,14.0,11.3,7.9,126.0,118.0,0.76273245,9,0,10,2024,105.0,123.0,110.0,118.44
10,2024-10-07 09:00:00,1403/07/16,100,SO,3,31,7.0,11.3,7.9,126.0,116.3,0.891494587,10,0,10,2024,110.0,121.0,114.0,118.44
11,2024-10-07 10:00:00,1403/07/16,100,SO,3,32,6.0,13.3,8.8,126.0,115.5,1.003752371,11,0,10,2024,110.0,110.0,119.0,118.44
12,2024-10-07 11:00:00,1403/07/16,117,SO,3,34,9.0,13.3,8.8,126.0,114.7,1.093952327,12,0,10,2024,110.0,110.0,118.0,118.44
13,2024-10-07 12:00:00,1403/07/16,117,SO,3,35,9.0,13.3,8.8,126.0,114.7,1.143450334,13,0,10,2024,115.0,115.0,116.0,118.44
14,2024-10-07 13:00:00,1403/07/16,116,SO,3,35,7.0,13.3,8.8,126.0,114.7,1.134223114,14,0,10,2024,116.0,116.0,117.0,118.44
15,2024-10-07 14:00:00,1403/07/16,117,SO,3,34,11.0,13.3,8.8,126.0,115.5,1.112980398,15,0,10,2024,116.0,116.0,116.0,118.44
16,2024-10-07 15:00:00,1403/07/16,117,SO,3,33,13.0,13.3,8.8,126.0,116.3,1.134357737,16,0,10,2024,118.0,116.0,105.0,118.44
17,2024-10-07 16:00:00,1403/07/16,117,SO,3,31,15.0,13.3,8.8,126.0,117.2,1.149284232,17,0,10,2024,118.0,117.0,105.0,118.44
18,2024-10-07 17:00:00,1403/07/16,119,SO,3,29,17.0,13.3,8.8,126.0,118.8,1.161822515,18,0,10,2024,121.0,120.0,105.0,118.44
19,2024-10-07 18:00:00,1403/07/16,120,SO,3,27,23.0,13.2,9.0,126.0,120.4,1.178835996,19,0,10,2024,121.0,121.0,110.0,118.44
20,2024-10-07 19:00:00,1403/07/16,122,SO,3,26,24.0,13.2,9.0,126.0,121.3,1.154633636,20,0,10,2024,110.0,123.0,110.0,118.44
21,2024-10-07 20:00:00,1403/07/16,123,SO,3,24,28.0,13.2,9.0,126.0,122.1,1.041896133,21,0,10,2024,110.0,124.0,110.0,118.44
22,2024-10-07 21:00:00,1403/07/16,123,SO,3,22,30.0,13.2,9.0,126.0,122.1,0.917826942,22,0,10,2024,113.0,124.0,110.0,118.44
23,2024-10-07 22:00:00,1403/07/16,123,SO,3,21,33.0,13.6,9.1,126.0,122.9,0.803408318,23,0,10,2024,113.0,124.0,110.0,118.44
24,2024-10-07 23:00:00,1403/07/17,123,SO,3,23,31.0,12.4,8.5,126.0,122.9,0.708434578,24,0,10,2024,113.0,124.0,110.0,118.44
1,2024-10-08 00:00:00,1403/07/17,123,SO,3,24,29.0,13.6,9.1,126.0,123.7,0.635849148,1,1,10,2024,113.0,128.0,112.0,118.44
2,2024-10-08 01:00:00,1403/07/17,124,SO,3,20,33.0,13.6,9.1,126.0,123.7,0.584576518,2,1,10,2024,113.0,110.0,112.0,118.44
3,2024-10-08 02:00:00,1403/07/17,126,SO,3,18,36.0,9.9,7.3,126.0,123.7,0.547779333,3,1,10,2024,100.0,110.0,90.0,118.44
4,2024-10-08 03:00:00,1403/07/17,126,SO,3,17,40.0,9.9,7.3,126.0,125.4,0.520002648,4,1,10,2024,100.0,112.0,90.0,118.44
5,2024-10-08 04:00:00,1403/07/17,90,SO,3,17,39.0,9.9,7.3,126.0,125.4,0.517026395,5,1,10,2024,100.0,110.0,90.0,118.44
6,2024-10-08 05:00:00,1403/07/17,90,SO,3,18,38.0,9.9,7.3,126.0,125.4,0.539596793,6,1,10,2024,100.0,110.0,90.0,118.44
7,2024-10-08 06:00:00,1403/07/17,90,SO,3,19,36.0,7.3,7.3,126.0,123.7,0.585720463,7,1,10,2024,100.0,115.0,90.0,118.44
8,2024-10-08 07:00:00,1403/07/17,90,SO,3,21,33.0,7.3,7.3,126.0,120.4,0.661336457,8,1,10,2024,100.0,110.0,127.0,118.44
9,2024-10-08 08:00:00,1403/07/17,110,SO,3,25,17.0,7.3,7.3,126.0,118.0,0.787255076,9,1,10,2024,100.0,105.0,123.0,118.44
10,2024-10-08 09:00:00,1403/07/17,110,SO,3,31,14.0,7.3,7.3,126.0,116.3,0.93107274,10,1,10,2024,100.0,110.0,121.0,118.44
11,2024-10-08 10:00:00,1403/07/17,111,SO,3,33,11.0,13.0,8.8,126.0,115.5,1.057804703,11,1,10,2024,100.0,110.0,110.0,118.44
12,2024-10-08 11:00:00,1403/07/17,118,SO,3,34,9.0,13.0,8.8,126.0,114.7,1.160220816,12,1,10,2024,117.0,110.0,110.0,118.44
13,2024-10-08 12:00:00,1403/07/17,118,SO,3,33,7.0,13.0,8.8,126.0,114.7,1.216376212,13,1,10,2024,117.0,115.0,115.0,118.44
14,2024-10-08 13:00:00,1403/07/17,116,SO,3,34,8.0,13.0,8.8,126.0,114.7,1.205949297,14,1,10,2024,116.0,116.0,116.0,118.44
15,2024-10-08 14:00:00,1403/07/17,116,SO,3,34,9.0,13.2,8.8,126.0,115.5,1.183835929,15,1,10,2024,117.0,116.0,116.0,118.44
16,2024-10-08 15:00:00,1403/07/17,117,SO,3,33,13.0,13.2,8.8,126.0,116.3,1.205343117,16,1,10,2024,117.0,118.0,116.0,118.44
17,2024-10-08 16:00:00,1403/07/17,118,SO,3,32,19.0,13.2,8.8,126.0,117.2,1.215011267,17,1,10,2024,117.0,118.0,117.0,118.44
18,2024-10-08 17:00:00,1403/07/17,120,SO,3,29,23.0,13.2,8.8,126.0,118.8,1.220659633,18,1,10,2024,119.0,121.0,120.0,118.44
19,2024-10-08 18:00:00,1403/07/17,120,SO,3,27,26.0,13.2,8.9,126.0,120.4,1.228840129,19,1,10,2024,120.0,121.0,121.0,118.44
20,2024-10-08 19:00:00,1403/07/17,121,SO,3,27,27.0,13.2,8.9,126.0,121.3,1.192176693,20,1,10,2024,122.0,110.0,123.0,118.44
21,2024-10-08 20:00:00,1403/07/17,121,SO,3,26,27.0,13.2,8.9,126.0,122.1,1.068440331,21,1,10,2024,123.0,110.0,124.0,118.44
22,2024-10-08 21:00:00,1403/07/17,122,SO,3,24,29.0,13.2,8.9,126.0,122.1,0.936818138,22,1,10,2024,123.0,113.0,124.0,118.44
23,2024-10-08 22:00:00,1403/07/17,123,SO,3,23,33.0,13.5,9.1,126.0,122.9,0.817278541,23,1,10,2024,123.0,113.0,124.0,118.44
24,2024-10-08 23:00:00,1403/07/18,123,SO,3,20,35.0,13.6,9.1,126.0,122.9,0.719236843,24,1,10,2024,123.0,113.0,124.0,118.44
1,2024-10-09 00:00:00,1403/07/18,90,SO,3,19,43.0,13.5,9.1,126.0,122.9,0.6440957,1,2,10,2024,123.0,113.0,128.0,118.44
2,2024-10-09 01:00:00,1403/07/18,90,SO,3,18,45.0,13.5,9.1,126.0,123.7,0.591607724,2,2,10,2024,124.0,113.0,110.0,118.44
3,2024-10-09 02:00:00,1403/07/18,85,SO,3,18,45.0,10.0,7.0,126.0,123.7,0.553552142,3,2,10,2024,126.0,100.0,110.0,118.44
4,2024-10-09 03:00:00,1403/07/18,85,SO,3,17,43.0,10.0,7.0,126.0,124.5,0.524716829,4,2,10,2024,126.0,100.0,112.0,118.44
5,2024-10-09 04:00:00,1403/07/18,85,SO,3,16,45.0,10.0,7.0,126.0,124.5,0.52019493,5,2,10,2024,90.0,100.0,110.0,118.44
6,2024-10-09 05:00:00,1403/07/18,85,SO,3,15,45.0,10.0,7.0,126.0,124.5,0.54140143,6,2,10,2024,90.0,100.0,110.0,118.44
7,2024-10-09 06:00:00,1403/07/18,85,SO,3,16,41.0,10.4,7.4,126.0,122.9,0.585651583,7,2,10,2024,90.0,100.0,115.0,118.44
8,2024-10-09 07:00:00,1403/07/18,85,SO,3,21,32.0,10.4,7.4,126.0,119.6,0.658654533,8,2,10,2024,90.0,100.0,110.0,118.44
9,2024-10-09 08:00:00,1403/07/18,85,SO,3,25,20.0,10.4,7.4,126.0,117.2,0.779513785,9,2,10,2024,110.0,100.0,105.0,118.44
10,2024-10-09 09:00:00,1403/07/18,85,SO,3,29,10.0,10.4,7.4,126.0,116.3,0.917990314,10,2,10,2024,110.0,100.0,110.0,118.44
11,2024-10-09 10:00:00,1403/07/18,85,SO,3,31,10.0,13.5,9.0,126.0,115.5,1.038282874,11,2,10,2024,111.0,100.0,110.0,118.44
12,2024-10-09 11:00:00,1403/07/18,119,SO,3,33,9.0,13.5,9.0,126.0,114.7,1.132644683,12,2,10,2024,118.0,117.0,110.0,118.44
13,2024-10-09 12:00:00,1403/07/18,122,SO,3,33,8.0,13.5,9.0,126.0,114.7,1.181171746,13,2,10,2024,118.0,117.0,115.0,118.44
14,2024-10-09 13:00:00,1403/07/18,124,SO,3,34,10.0,13.5,9.0,126.0,115.5,1.166017837,14,2,10,2024,116.0,116.0,116.0,118.44
15,2024-10-09 14:00:00,1403/07/18,124,SO,3,34,12.0,13.5,9.0,126.0,115.5,1.142989621,15,2,10,2024,116.0,117.0,116.0,118.44
16,2024-10-09 15:00:00,1403/07/18,118,SO,3,32,16.0,13.5,9.0,126.0,116.3,1.163701067,16,2,10,2024,117.0,117.0,118.0,118.44
17,2024-10-09 16:00:00,1403/07/18,118,SO,3,30,22.0,13.5,9.0,126.0,118.0,1.173978056,17,2,10,2024,118.0,117.0,118.0,118.44
18,2024-10-09 17:00:00,1403/07/18,120,SO,3,28,26.0,13.5,9.0,126.0,119.6,1.18008619,18,2,10,2024,120.0,119.0,121.0,118.44
19,2024-10-09 18:00:00,1403/07/18,120,SO,3,27,32.0,1.7,9.0,126.0,120.4,1.189883059,19,2,10,2024,120.0,120.0,121.0,118.44
20,2024-10-09 19:00:00,1403/07/18,121,SO,3,26,33.0,1.7,9.0,126.0,121.3,1.154228906,20,2,10,2024,121.0,122.0,110.0,118.44
21,2024-10-09 20:00:00,1403/07/18,110,SO,3,25,34.0,1.7,9.0,126.0,122.1,1.03763463,21,2,10,2024,121.0,123.0,110.0,118.44
22,2024-10-09 21:00:00,1403/07/18,113,SO,3,23,34.0,1.7,9.0,126.0,122.9,0.914986247,22,2,10,2024,122.0,123.0,113.0,118.44
23,2024-10-09 22:00:00,1403/07/18,114,SO,3,21,35.0,11.9,8.4,126.0,122.9,0.801183425,23,2,10,2024,123.0,123.0,113.0,118.44
24,2024-10-09 23:00:00,1403/07/19,112,SO,3,20,37.0,13.5,9.1,126.0,122.9,0.707353459,24,2,10,2024,123.0,123.0,113.0,118.44
1,2024-10-10 00:00:00,1403/07/19,118,SO,3,19,42.0,11.9,8.4,126.0,122.9,0.635058466,1,3,10,2024,90.0,123.0,113.0,118.44
2,2024-10-10 01:00:00,1403/07/19,116,SO,3,17,45.0,11.9,8.4,126.0,123.7,0.583595924,2,3,10,2024,90.0,124.0,113.0,118.44
3,2024-10-10 02:00:00,1403/07/19,110,SO,3,16,48.0,11.9,8.4,126.0,123.7,0.545976246,3,3,10,2024,85.0,126.0,100.0,118.44
4,2024-10-10 03:00:00,1403/07/19,110,SO,3,17,47.0,11.9,8.4,126.0,124.5,0.517432876,4,3,10,2024,85.0,126.0,100.0,118.44
5,2024-10-10 04:00:00,1403/07/19,110,SO,3,17,46.0,11.9,8.4,126.0,124.5,0.511853651,5,3,10,2024,85.0,90.0,100.0,118.44
6,2024-10-10 05:00:00,1403/07/19,110,SO,3,17,44.0,11.9,8.4,126.0,124.5,0.530298666,6,3,10,2024,85.0,90.0,100.0,118.44
7,2024-10-10 06:00:00,1403/07/19,115,SO,3,18,41.0,12.6,8.5,126.0,122.9,0.57052868,7,3,10,2024,85.0,90.0,100.0,118.44
8,2024-10-10 07:00:00,1403/07/19,110,SO,3,22,32.0,12.6,8.5,126.0,119.6,0.636813747,8,3,10,2024,85.0,90.0,100.0,118.44
9,2024-10-10 08:00:00,1403/07/19,110,SO,3,26,21.0,12.6,8.5,126.0,117.2,0.746203978,9,3,10,2024,85.0,110.0,100.0,118.44
10,2024-10-10 09:00:00,1403/07/19,120,SO,3,30,9.0,12.6,8.5,126.0,116.3,0.870215861,10,3,10,2024,85.0,110.0,100.0,118.44
11,2024-10-10 10:00:00,1403/07/19,118,SO,3,33,9.0,13.2,8.5,126.0,115.5,0.978636032,11,3,10,2024,85.0,111.0,100.0,118.44
12,2024-10-10 11:00:00,1403/07/19,117,SO,3,33,9.0,13.2,8.5,126.0,114.7,1.063077111,12,3,10,2024,119.0,118.0,117.0,118.44
13,2024-10-10 12:00:00,1403/07/19,124,SO,3,35,8.0,13.2,8.5,126.0,114.7,1.104759582,13,3,10,2024,122.0,118.0,117.0,118.44
14,2024-10-10 13:00:00,1403/07/19,124,SO,3,35,7.0,13.2,8.5,126.0,115.5,1.090546975,14,3,10,2024,124.0,116.0,116.0,118.44
15,2024-10-10 14:00:00,1403/07/19,124,SO,3,33,18.0,13.2,8.8,126.0,115.5,1.072694635,15,3,10,2024,124.0,116.0,117.0,118.44
16,2024-10-10 15:00:00,1403/07/19,119,SO,3,32,18.0,13.2,8.8,126.0,116.3,1.094864385,16,3,10,2024,118.0,117.0,117.0,118.44
17,2024-10-10 16:00:00,1403/07/19,117,SO,3,30,21.0,13.2,8.8,126.0,118.0,1.108686015,17,3,10,2024,118.0,118.0,117.0,118.44
18,2024-10-10 17:00:00,1403/07/19,119,SO,3,28,26.0,13.2,8.8,126.0,119.6,1.121164137,18,3,10,2024,120.0,120.0,119.0,118.44
19,2024-10-10 18:00:00,1403/07/19,120,SO,3,26,41.0,13.1,8.9,126.0,120.4,1.138291947,19,3,10,2024,120.0,120.0,120.0,118.44
20,2024-10-10 19:00:00,1403/07/19,120,SO,3,25,43.0,13.1,8.9,126.0,121.3,1.110050943,20,3,10,2024,121.0,121.0,122.0,118.44
21,2024-10-10 20:00:00,1403/07/19,121,SO,3,24,47.0,13.1,8.9,126.0,122.1,1.004544941,21,3,10,2024,110.0,121.0,123.0,118.44
22,2024-10-10 21:00:00,1403/07/19,122,SO,3,23,50.0,13.1,8.9,126.0,122.9,0.89143335,22,3,10,2024,113.0,122.0,123.0,118.44
23,2024-10-10 22:00:00,1403/07/19,123,SO,3,22,58.0,12.7,8.6,126.0,122.9,0.784976,23,3,10,2024,114.0,123.0,123.0,118.59988114735435
24,2024-10-10 23:00:00,1403/07/20,115,SO,3,21,60.0,11.9,8.4,126.0,122.9,0.662606025,24,3,10,2024,112.0,123.0,123.0,118.44
1,2024-10-11 00:00:00,1403/07/20,115,SO,3,21,57.0,12.7,8.6,126.0,122.9,0.596345185,1,4,10,2024,118.0,90.0,123.0,118.44
2,2024-10-11 01:00:00,1403/07/20,115,SO,3,20,57.0,12.7,8.6,126.0,123.7,0.548451047,2,4,10,2024,116.0,90.0,124.0,118.44
3,2024-10-11 02:00:00,1403/07/20,115,SO,3,18,60.0,13.2,8.8,126.0,123.7,0.513557283,3,4,10,2024,110.0,85.0,126.0,118.44
4,2024-10-11 03:00:00,1403/07/20,115,SO,3,18,60.0,13.2,8.8,126.0,124.5,0.487249401,4,4,10,2024,110.0,85.0,126.0,118.44
5,2024-10-11 04:00:00,1403/07/20,115,SO,3,18,63.0,13.2,8.8,126.0,124.5,0.482241666,5,4,10,2024,110.0,85.0,90.0,118.44
6,2024-10-11 05:00:00,1403/07/20,115,SO,3,18,65.0,13.2,8.8,126.0,124.5,0.499903776,6,4,10,2024,110.0,85.0,90.0,118.44
7,2024-10-11 06:00:00,1403/07/20,90,SO,3,18,60.0,10.2,7.3,126.0,122.9,0.538245946,7,4,10,2024,115.0,85.0,90.0,118.44
8,2024-10-11 07:00:00,1403/07/20,90,SO,3,24,41.0,10.2,7.3,126.0,119.6,0.601187248,8,4,10,2024,110.0,85.0,90.0,118.44
9,2024-10-11 08:00:00,1403/07/20,90,SO,3,27,24.0,10.2,7.3,126.0,117.2,0.704576629,9,4,10,2024,110.0,85.0,110.0,118.44
10,2024-10-11 09:00:00,1403/07/20,90,SO,3,30,15.0,10.2,7.3,126.0,116.3,0.822477417,10,4,10,2024,120.0,85.0,110.0,118.44
11,2024-10-11 10:00:00,1403/07/20,90,SO,3,32,17.0,10.2,7.3,126.0,115.5,0.926015296,11,4,10,2024,118.0,85.0,111.0,118.44
12,2024-10-11 11:00:00,1403/07/20,90,SO,3,33,11.0,10.2,7.3,126.0,114.7,1.006756768,12,4,10,2024,117.0,119.0,118.0,118.44
13,2024-10-11 12:00:00,1403/07/20,119,SO,3,34,10.0,10.2,7.3,126.0,114.7,1.044865849,13,4,10,2024,124.0,122.0,118.0,118.44
14,2024-10-11 13:00:00,1403/07/20,116,SO,3,34,10.0,10.2,7.3,126.0,115.5,1.029665799,14,4,10,2024,124.0,124.0,116.0,118.44
15,2024-10-11 14:00:00,1403/07/20,117,SO,3,33,16.0,11.6,8.0,126.0,115.5,1.012857221,15,4,10,2024,124.0,124.0,116.0,118.44
16,2024-10-11 15:00:00,1403/07/20,105,SO,3,32,21.0,11.6,8.0,126.0,116.3,1.033669215,16,4,10,2024,119.0,118.0,117.0,118.44
17,2024-10-11 16:00:00,1403/07/20,105,SO,3,30,25.0,11.6,8.0,126.0,118.0,1.046323822,17,4,10,2024,117.0,118.0,118.0,118.44
18,2024-10-11 17:00:00,1403/07/20,119,SO,3,28,33.0,11.6,8.0,126.0,119.6,1.058818899,18,4,10,2024,119.0,120.0,120.0,118.44
19,2024-10-11 18:00:00,1403/07/20,120,SO,3,26,35.0,13.5,9.0,126.0,120.4,1.074846977,19,4,10,2024,120.0,120.0,120.0,118.44
20,2024-10-11 19:00:00,1403/07/20,121,SO,3,26,40.0,13.5,9.0,126.0,121.3,1.046507853,20,4,10,2024,120.0,121.0,121.0,118.44
21,2024-10-11 20:00:00,1403/07/20,122,SO,3,24,46.0,13.5,9.0,126.0,122.1,0.94668673,21,4,10,2024,121.0,110.0,121.0,118.44
22,2024-10-11 21:00:00,1403/07/20,123,SO,3,23,45.0,13.5,9.0,126.0,122.9,0.839564182,22,4,10,2024,122.0,113.0,122.0,118.44
23,2024-10-11 22:00:00,1403/07/20,123,SO,3,22,44.0,13.1,8.7,126.0,122.9,0.738866902,23,4,10,2024,123.0,114.0,123.0,118.44
24,2024-10-11 23:00:00,1403/07/21,123,SO,3,22,48.0,12.7,8.6,126.0,122.9,0.687495455,24,4,10,2024,115.0,112.0,123.0,118.44
1,2024-10-12 00:00:00,1403/07/21,115,SO,3,21,50.0,13.1,8.7,126.0,122.9,0.618675217,1,5,10,2024,115.0,118.0,90.0,118.44
2,2024-10-12 01:00:00,1403/07/21,115,SO,3,20,52.0,13.1,8.7,126.0,123.7,0.568820757,2,5,10,2024,115.0,116.0,90.0,118.44
3,2024-10-12 02:00:00,1403/07/21,90,SO,3,18,54.0,10.4,7.3,126.0,123.7,0.532925118,3,5,10,2024,115.0,110.0,85.0,118.44
4,2024-10-12 03:00:00,1403/07/21,90,SO,3,18,54.0,10.4,7.3,126.0,124.5,0.505939059,4,5,10,2024,115.0,110.0,85.0,118.44
5,2024-10-12 04:00:00,1403/07/21,90,SO,3,17,58.0,10.4,7.3,126.0,124.5,0.501216805,5,5,10,2024,115.0,110.0,85.0,118.44
6,2024-10-12 05:00:00,1403/07/21,90,SO,3,18,58.0,10.4,7.3,126.0,124.5,0.52003232,6,5,10,2024,115.0,110.0,85.0,118.44
7,2024-10-12 06:00:00,1403/07/21,125,SO,3,20,48.0,13.7,9.1,126.0,122.9,0.56064732,7,5,10,2024,90.0,115.0,85.0,118.44
8,2024-10-12 07:00:00,1403/07/21,125,SO,3,24,40.0,13.7,9.1,126.0,119.6,0.626780777,8,5,10,2024,90.0,110.0,85.0,118.44
9,2024-10-12 08:00:00,1403/07/21,124,SO,3,26,38.0,13.7,9.1,126.0,117.2,0.735392815,9,5,10,2024,90.0,110.0,85.0,118.44
10,2024-10-12 09:00:00,1403/07/21,122,SO,3,28,35.0,13.7,9.1,126.0,116.3,0.858132429,10,5,10,2024,90.0,120.0,85.0,118.44
11,2024-10-12 10:00:00,1403/07/21,120,SO,3,30,28.0,13.7,8.8,126.0,115.5,0.964201075,11,5,10,2024,90.0,118.0,85.0,118.44
12,2024-10-12 11:00:00,1403/07/21,118,SO,3,31,22.0,13.7,8.8,126.0,114.7,1.044065438,12,5,10,2024,90.0,117.0,119.0,118.44
13,2024-10-12 12:00:00,1403/07/21,117,SO,3,32,18.0,13.7,8.8,126.0,114.7,1.079966203,13,5,10,2024,119.0,124.0,122.0,118.44
14,2024-10-12 13:00:00,1403/07/21,116,SO,3,33,15.0,13.7,8.8,126.0,115.5,1.062625776,14,5,10,2024,116.0,124.0,124.0,118.44
15,2024-10-12 14:00:00,1403/07/21,119,SO,3,30,20.0,13.4,8.9,126.0,115.5,1.046980277,15,5,10,2024,117.0,124.0,124.0,118.44
16,2024-10-12 15:00:00,1403/07/21,120,SO,3,28,24.0,13.4,8.9,126.0,116.3,1.070888929,16,5,10,2024,105.0,119.0,118.0,118.44
17,2024-10-12 16:00:00,1403/07/21,120,SO,3,27,27.0,13.4,8.9,126.0,118.0,1.086059012,17,5,10,2024,105.0,117.0,118.0,118.44
18,2024-10-12 17:00:00,1403/07/21,121,SO,3,26,29.0,13.4,8.9,126.0,119.6,1.100446915,18,5,10,2024,119.0,119.0,120.0,118.44
19,2024-10-12 18:00:00,1403/07/21,121,SO,3,23,44.0,13.5,9.0,126.0,120.4,1.117248889,19,5,10,2024,120.0,120.0,120.0,118.44
20,2024-10-12 19:00:00,1403/07/21,121,SO,3,23,42.0,13.5,9.0,126.0,121.3,1.085925751,20,5,10,2024,121.0,120.0,121.0,118.44
21,2024-10-12 20:00:00,1403/07/21,122,SO,3,22,47.0,13.5,9.0,126.0,122.1,0.981307409,21,5,10,2024,122.0,121.0,110.0,118.44
22,2024-10-12 21:00:00,1403/07/21,123,SO,3,21,49.0,13.5,9.0,126.0,122.9,0.867862717,22,5,10,2024,123.0,122.0,113.0,118.44
23,2024-10-12 22:00:00,1403/07/21,113,SO,3,20,51.0,13.0,8.6,126.0,122.9,0.762623565,23,5,10,2024,123.0,123.0,114.0,119.03545776026183
24,2024-10-12 23:00:00,1403/07/22,113,SO,3,18,54.0,13.1,8.7,126.0,122.9,0.675494723,24,5,10,2024,123.0,115.0,112.0,118.44
1,2024-10-13 00:00:00,1403/07/22,115,SO,3,18,57.0,13.0,8.6,126.0,122.9,0.608235017,1,6,10,2024,115.0,115.0,118.0,118.44
2,2024-10-13 01:00:00,1403/07/22,85,SO,3,18,59.0,13.0,8.6,126.0,123.7,0.559588875,2,6,10,2024,115.0,115.0,116.0,118.44
3,2024-10-13 02:00:00,1403/07/22,85,SO,3,17,64.0,9.6,7.0,126.0,123.7,0.525569085,3,6,10,2024,90.0,115.0,110.0,118.44
4,2024-10-13 03:00:00,1403/07/22,85,SO,3,16,68.0,9.6,7.0,126.0,124.5,0.500305375,4,6,10,2024,90.0,115.0,110.0,118.44
5,2024-10-13 04:00:00,1403/07/22,85,SO,3,15,65.0,9.6,7.0,126.0,124.5,0.496955917,5,6,10,2024,90.0,115.0,110.0,118.44
6,2024-10-13 05:00:00,1403/07/22,85,SO,3,16,64.0,9.6,7.0,126.0,124.5,0.516520274,6,6,10,2024,90.0,115.0,110.0,118.44
7,2024-10-13 06:00:00,1403/07/22,85,SO,3,18,65.0,12.3,8.4,126.0,122.9,0.557657102,7,6,10,2024,125.0,90.0,115.0,118.44
8,2024-10-13 07:00:00,1403/07/22,113,SO,3,22,44.0,12.3,8.4,126.0,119.6,0.623413135,8,6,10,2024,125.0,90.0,110.0,118.44
9,2024-10-13 08:00:00,1403/07/22,110,SO,3,25,24.0,12.3,8.4,126.0,117.2,0.729643724,9,6,10,2024,124.0,90.0,110.0,118.44
10,2024-10-13 09:00:00,1403/07/22,122,SO,3,29,15.0,12.3,8.4,126.0,116.3,0.846838264,10,6,10,2024,122.0,90.0,120.0,118.44
11,2024-10-13 10:00:00,1403/07/22,120,SO,3,30,11.0,13.0,8.8,126.0,115.5,0.946111358,11,6,10,2024,120.0,90.0,118.0,118.44
12,2024-10-13 11:00:00,1403/07/22,118,SO,3,33,10.0,13.0,8.8,126.0,114.7,1.018398888,12,6,10,2024,118.0,90.0,117.0,118.44
13,2024-10-13 12:00:00,1403/07/22,117,SO,3,33,8.0,13.0,8.8,126.0,114.7,1.049796728,13,6,10,2024,117.0,119.0,124.0,118.44
14,2024-10-13 13:00:00,1403/07/22,116,SO,3,33,8.0,13.0,8.8,126.0,115.5,1.032589571,14,6,10,2024,116.0,116.0,124.0,118.44
15,2024-10-13 14:00:00,1403/07/22,117,SO,3,33,11.0,13.0,8.8,126.0,115.5,1.021713064,15,6,10,2024,119.0,117.0,124.0,118.44
16,2024-10-13 15:00:00,1403/07/22,117,SO,3,32,15.0,13.0,8.8,126.0,116.3,1.04627899,16,6,10,2024,120.0,105.0,119.0,118.44
17,2024-10-13 16:00:00,1403/07/22,118,SO,3,30,19.0,13.0,8.8,126.0,118.0,1.062421442,17,6,10,2024,120.0,105.0,117.0,118.44
18,2024-10-13 17:00:00,1403/07/22,119,SO,3,28,26.0,13.0,8.8,126.0,119.6,1.078531713,18,6,10,2024,121.0,119.0,119.0,118.44
19,2024-10-13 18:00:00,1403/07/22,120,SO,3,26,32.0,13.6,9.0,126.0,120.4,1.096342383,19,6,10,2024,121.0,120.0,120.0,118.44
20,2024-10-13 19:00:00,1403/07/22,121,SO,3,24,32.0,13.6,9.0,126.0,121.3,1.062543222,20,6,10,2024,121.0,121.0,120.0,118.44
21,2024-10-13 20:00:00,1403/07/22,122,SO,3,22,33.0,13.6,9.0,126.0,122.1,0.959766969,21,6,10,2024,122.0,122.0,121.0,118.44
22,2024-10-13 21:00:00,1403/07/22,112,SO,3,21,37.0,13.6,9.0,126.0,122.9,0.848494953,22,6,10,2024,123.0,123.0,122.0,118.44
23,2024-10-13 22:00:00,1403/07/22,112,SO,3,20,42.0,13.0,8.7,126.0,122.9,0.745252956,23,6,10,2024,113.0,123.0,123.0,118.44
24,2024-10-13 23:00:00,1403/07/23,112,SO,3,19,39.0,13.0,8.6,126.0,122.9,0.660213538,24,6,10,2024,113.0,123.0,115.0,118.44
1,2024-10-14 00:00:00,1403/07/23,112,SO,3,18,37.0,13.0,8.7,126.0,122.9,0.595532808,1,0,10,2024,115.0,115.0,115.0,118.44
2,2024-10-14 01:00:00,1403/07/23,112,SO,3,17,40.0,13.0,8.7,126.0,123.7,0.548504382,2,0,10,2024,85.0,115.0,115.0,118.44
3,2024-10-14 02:00:00,1403/07/23,112,SO,3,16,45.0,13.0,8.7,126.0,123.7,0.516410778,3,0,10,2024,85.0,90.0,115.0,118.44
4,2024-10-14 03:00:00,1403/07/23,117,SO,3,16,46.0,13.0,8.7,126.0,124.5,0.492731539,4,0,10,2024,85.0,90.0,115.0,118.44
5,2024-10-14 04:00:00,1403/07/23,118,SO,3,16,46.0,13.0,8.7,126.0,124.5,0.490392708,5,0,10,2024,85.0,90.0,115.0,118.44
6,2024-10-14 05:00:00,1403/07/23,119,SO,3,16,45.0,13.0,8.7,126.0,124.5,0.510284974,6,0,10,2024,85.0,90.0,115.0,118.44
7,2024-10-14 06:00:00,1403/07/23,120,SO,3,17,45.0,13.2,9.1,126.0,122.9,0.551387904,7,0,10,2024,85.0,125.0,90.0,118.44
8,2024-10-14 07:00:00,1403/07/23,118,SO,3,21,31.0,13.2,9.1,126.0,119.6,0.615732938,8,0,10,2024,113.0,125.0,90.0,118.44
9,2024-10-14 08:00:00,1403/07/23,118,SO,3,25,22.0,13.2,9.1,126.0,117.2,0.718894968,9,0,10,2024,110.0,124.0,90.0,118.44
10,2024-10-14 09:00:00,1403/07/23,120,SO,3,29,10.0,13.2,9.1,126.0,116.3,0.829842435,10,0,10,2024,122.0,122.0,90.0,118.44
11,2024-10-14 10:00:00,1403/07/23,118,SO,3,32,11.0,13.2,8.7,126.0,115.5,0.921109032,11,0,10,2024,120.0,120.0,90.0,118.44
12,2024-10-14 11:00:00,1403/07/23,117,SO,3,33,11.0,13.2,8.7,126.0,114.7,0.986849582,12,0,10,2024,118.0,118.0,90.0,118.44
13,2024-10-14 12:00:00,1403/07/23,116,SO,3,34,8.0,13.2,8.7,126.0,114.7,1.015736398,13,0,10,2024,117.0,117.0,119.0,118.44
14,2024-10-14 13:00:00,1403/07/23,116,SO,3,34,6.0,13.2,8.7,126.0,115.5,1.001944642,14,0,10,2024,116.0,116.0,116.0,118.44
15,2024-10-14 14:00:00,1403/07/23,116,SO,3,34,9.0,13.1,8.8,126.0,115.5,0.997902742,15,0,10,2024,117.0,119.0,117.0,118.44
16,2024-10-14 15:00:00,1403/07/23,116,SO,3,32,11.0,13.1,8.8,126.0,116.3,1.026581892,16,0,10,2024,117.0,120.0,105.0,118.44
17,2024-10-14 16:00:00,1403/07/23,117,SO,3,30,17.0,13.1,8.8,126.0,118.0,1.046970529,17,0,10,2024,118.0,120.0,105.0,118.44
18,2024-10-14 17:00:00,1403/07/23,119,SO,3,28,25.0,13.1,8.8,126.0,119.6,1.067347344,18,0,10,2024,119.0,121.0,119.0,118.44
19,2024-10-14 18:00:00,1403/07/23,120,SO,3,27,32.0,13.2,8.9,126.0,120.4,1.087488686,19,0,10,2024,120.0,121.0,120.0,118.44
20,2024-10-14 19:00:00,1403/07/23,120,SO,3,24,40.0,13.2,8.9,126.0,121.3,1.05374022,20,0,10,2024,121.0,121.0,121.0,118.44
21,2024-10-14 20:00:00,1403/07/23,122,SO,3,23,44.0,13.2,8.9,126.0,122.1,0.952346802,21,0,10,2024,122.0,122.0,122.0,118.57878015421919
22,2024-10-14 21:00:00,1403/07/23,123,SO,3,21,45.0,13.2,8.9,126.0,122.9,0.840126544,22,0,10,2024,112.0,123.0,123.0,118.44
23,2024-10-14 22:00:00,1403/07/23,124,SO,3,25,45.0,13.7,9.1,126.0,122.9,0.736862935,23,0,10,2024,112.0,113.0,123.0,118.44
24,2024-10-14 23:00:00,1403/07/24,124,SO,3,18,50.0,13.0,8.7,126.0,122.9,0.651770125,24,0,10,2024,112.0,113.0,123.0,118.44
1,2024-10-15 00:00:00,1403/07/24,125,SO,3,17,52.0,13.7,9.1,126.0,122.9,0.587434073,1,1,10,2024,112.0,115.0,115.0,118.44
2,2024-10-15 01:00:00,1403/07/24,124,SO,3,16,59.0,13.7,9.1,126.0,123.7,0.540852249,2,1,10,2024,112.0,85.0,115.0,118.44
3,2024-10-15 02:00:00,1403/07/24,127,SO,3,16,59.0,12.0,8.4,126.0,123.7,0.509951021,3,1,10,2024,112.0,85.0,90.0,118.44
4,2024-10-15 03:00:00,1403/07/24,112,SO,3,15,57.0,12.0,8.4,126.0,124.5,0.487226659,4,1,10,2024,117.0,85.0,90.0,118.44
5,2024-10-15 04:00:00,1403/07/24,112,SO,3,15,60.0,12.0,8.4,126.0,124.5,0.485771411,5,1,10,2024,118.0,85.0,90.0,118.44
6,2024-10-15 05:00:00,1403/07/24,112,SO,3,15,54.0,12.0,8.4,126.0,124.5,0.506782262,6,1,10,2024,119.0,85.0,90.0,118.44
7,2024-10-15 06:00:00,1403/07/24,112,SO,3,16,50.0,12.0,8.5,126.0,122.9,0.548734165,7,1,10,2024,120.0,85.0,125.0,118.44
8,2024-10-15 07:00:00,1403/07/24,114,SO,3,21,37.0,12.0,8.5,126.0,119.6,0.614029528,8,1,10,2024,118.0,113.0,125.0,118.44
9,2024-10-15 08:00:00,1403/07/24,112,SO,3,25,21.0,12.0,8.5,126.0,117.2,0.718904316,9,1,10,2024,118.0,110.0,124.0,118.44
10,2024-10-15 09:00:00,1403/07/24,122,SO,3,28,7.0,12.0,8.5,126.0,116.3,0.831132958,10,1,10,2024,120.0,122.0,122.0,118.44
11,2024-10-15 10:00:00,1403/07/24,119,SO,3,31,10.0,13.3,8.8,126.0,115.5,0.91980541,11,1,10,2024,118.0,120.0,120.0,118.44
12,2024-10-15 11:00:00,1403/07/24,118,SO,3,32,8.0,13.3,8.8,126.0,114.7,0.982012488,12,1,10,2024,117.0,118.0,118.0,118.44
13,2024-10-15 12:00:00,1403/07/24,117,SO,3,34,8.0,13.3,8.8,126.0,114.7,1.006899914,13,1,10,2024,116.0,117.0,117.0,118.44
14,2024-10-15 13:00:00,1403/07/24,117,SO,3,34,6.0,13.3,8.8,126.0,115.5,0.990624581,14,1,10,2024,116.0,116.0,116.0,118.44
15,2024-10-15 14:00:00,1403/07/24,117,SO,3,35,6.0,13.2,8.8,126.0,115.5,0.987736996,15,1,10,2024,116.0,117.0,119.0,118.44
16,2024-10-15 15:00:00,1403/07/24,116,SO,3,33,6.0,13.2,8.8,126.0,116.3,1.016680136,16,1,10,2024,116.0,117.0,120.0,118.44
17,2024-10-15 16:00:00,1403/07/24,118,SO,3,30,13.0,13.2,8.8,126.0,118.0,1.036758588,17,1,10,2024,117.0,118.0,120.0,118.44
18,2024-10-15 17:00:00,1403/07/24,119,SO,3,27,26.0,13.2,8.8,126.0,119.6,1.055094098,18,1,10,2024,119.0,119.0,121.0,118.44
19,2024-10-15 18:00:00,1403/07/24,120,SO,3,26,27.0,13.4,9.0,126.0,120.4,1.070878181,19,1,10,2024,120.0,120.0,121.0,118.44
20,2024-10-15 19:00:00,1403/07/24,120,SO,3,26,25.0,13.4,9.0,126.0,121.3,1.03112842,20,1,10,2024,120.0,121.0,121.0,118.82653549078134
21,2024-10-15 20:00:00,1403/07/24,121,SO,3,23,29.0,13.4,9.0,126.0,122.1,0.928887485,21,1,10,2024,122.0,122.0,122.0,118.82653549078134
22,2024-10-15 21:00:00,1403/07/24,122,SO,3,22,31.0,13.4,9.0,126.0,122.9,0.819076691,22,1,10,2024,123.0,112.0,123.0,118.44
23,2024-10-15 22:00:00,1403/07/24,124,SO,3,20,33.0,13.7,9.0,126.0,122.9,0.719622438,23,1,10,2024,124.0,112.0,113.0,118.44
24,2024-10-15 23:00:00,1403/07/25,124,SO,3,20,35.0,13.7,9.1,126.0,122.9,0.637785452,24,1,10,2024,124.0,112.0,113.0,118.44
1,2024-10-16 00:00:00,1403/07/25,110,SO,3,18,33.0,13.7,9.0,126.0,122.9,0.5761042,1,2,10,2024,125.0,112.0,115.0,118.44
2,2024-10-16 01:00:00,1403/07/25,110,SO,3,17,36.0,13.7,9.0,126.0,123.7,0.531823464,2,2,10,2024,124.0,112.0,85.0,118.44
3,2024-10-16 02:00:00,1403/07/25,110,SO,3,16,38.0,12.0,8.3,126.0,123.7,0.502301557,3,2,10,2024,127.0,112.0,85.0,118.44
4,2024-10-16 03:00:00,1403/07/25,110,SO,3,15,38.0,12.0,8.3,126.0,124.5,0.479874058,4,2,10,2024,112.0,117.0,85.0,118.44
5,2024-10-16 04:00:00,1403/07/25,110,SO,3,15,38.0,12.0,8.3,126.0,124.5,0.477590965,5,2,10,2024,112.0,118.0,85.0,118.44
6,2024-10-16 05:00:00,1403/07/25,110,SO,3,15,47.0,12.0,8.3,126.0,124.5,0.496647973,6,2,10,2024,112.0,119.0,85.0,118.44
7,2024-10-16 06:00:00,1403/07/25,110,SO,3,16,40.0,12.4,8.6,126.0,122.9,0.534694842,7,2,10,2024,112.0,120.0,85.0,118.44
8,2024-10-16 07:00:00,1403/07/25,115,SO,3,23,25.0,12.4,8.6,126.0,119.6,0.594378262,8,2,10,2024,114.0,118.0,113.0,118.44
9,2024-10-16 08:00:00,1403/07/25,114,SO,3,27,15.0,12.4,8.6,126.0,117.2,0.689883318,9,2,10,2024,112.0,118.0,110.0,118.44
10,2024-10-16 09:00:00,1403/07/25,114,SO,3,30,11.0,12.4,8.6,126.0,116.3,0.791053596,10,2,10,2024,122.0,120.0,122.0,118.44
11,2024-10-16 10:00:00,1403/07/25,118,SO,3,33,8.0,13.0,8.8,126.0,115.5,0.868008778,11,2,10,2024,119.0,118.0,120.0,118.44
12,2024-10-16 11:00:00,1403/07/25,117,SO,3,33,7.0,13.0,8.8,126.0,114.7,0.920023821,12,2,10,2024,118.0,117.0,118.0,118.44
13,2024-10-16 12:00:00,1403/07/25,116,SO,3,35,6.0,13.0,8.8,126.0,114.7,0.937198669,13,2,10,2024,117.0,116.0,117.0,118.44
14,2024-10-16 13:00:00,1403/07/25,116,SO,3,34,6.0,13.0,8.8,126.0,115.5,0.919843761,14,2,10,2024,117.0,116.0,116.0,118.44
15,2024-10-16 14:00:00,1403/07/25,116,SO,3,34,8.0,13.3,8.8,126.0,115.5,0.918987876,15,2,10,2024,117.0,116.0,117.0,118.44
16,2024-10-16 15:00:00,1403/07/25,116,SO,3,32,12.0,13.3,8.8,126.0,116.3,0.948424227,16,2,10,2024,116.0,116.0,117.0,118.44
17,2024-10-16 16:00:00,1403/07/25,117,SO,3,30,15.0,13.3,8.8,126.0,118.0,0.972015381,17,2,10,2024,118.0,117.0,118.0,118.44
18,2024-10-16 17:00:00,1403/07/25,119,SO,3,28,23.0,13.3,8.8,126.0,119.6,0.994753429,18,2,10,2024,119.0,119.0,119.0,118.44
19,2024-10-16 18:00:00,1403/07/25,120,SO,3,26,24.0,13.5,9.0,126.0,120.4,1.015502391,19,2,10,2024,120.0,120.0,120.0,118.44
20,2024-10-16 19:00:00,1403/07/25,121,SO,3,23,27.0,13.5,9.0,126.0,121.3,0.98230498,20,2,10,2024,120.0,120.0,121.0,118.44
21,2024-10-16 20:00:00,1403/07/25,122,SO,3,22,30.0,13.5,9.0,126.0,122.1,0.889997877,21,2,10,2024,121.0,122.0,122.0,118.44
22,2024-10-16 21:00:00,1403/07/25,123,SO,3,22,35.0,13.5,9.0,126.0,122.9,0.789901153,22,2,10,2024,122.0,123.0,112.0,118.44
23,2024-10-16 22:00:00,1403/07/25,124,SO,3,20,36.0,13.4,9.1,126.0,122.9,0.697867531,23,2,10,2024,124.0,124.0,112.0,118.44
24,2024-10-16 23:00:00,1403/07/26,124,SO,3,19,36.0,13.7,9.0,126.0,122.9,0.621117779,24,2,10,2024,124.0,124.0,112.0,118.44
1,2024-10-17 00:00:00,1403/07/26,125,SO,3,17,34.0,13.4,9.1,126.0,122.9,0.562317847,1,3,10,2024,110.0,125.0,112.0,118.44
2,2024-10-17 01:00:00,1403/07/26,125,SO,3,17,35.0,13.4,9.1,126.0,123.7,0.520082849,2,3,10,2024,110.0,124.0,112.0,118.44
3,2024-10-17 02:00:00,1403/07/26,126,SO,3,16,35.0,13.4,9.1,126.0,123.7,0.491911077,3,3,10,2024,110.0,127.0,112.0,118.44
4,2024-10-17 03:00:00,1403/07/26,127,SO,3,15,40.0,13.4,9.1,126.0,124.5,0.469851003,4,3,10,2024,110.0,112.0,117.0,118.44
5,2024-10-17 04:00:00,1403/07/26,127,SO,3,14,43.0,13.4,9.1,126.0,124.5,0.46636802,5,3,10,2024,110.0,112.0,118.0,118.44
6,2024-10-17 05:00:00,1403/07/26,127,SO,3,15,45.0,13.4,9.1,126.0,124.5,0.48286854,6,3,10,2024,110.0,112.0,119.0,118.44
7,2024-10-17 06:00:00,1403/07/26,128,SO,3,15,40.0,13.7,9.2,126.0,122.9,0.516466201,7,3,10,2024,110.0,112.0,120.0,118.44
8,2024-10-17 07:00:00,1403/07/26,128,SO,3,20,29.0,13.7,9.2,126.0,119.6,0.569150168,8,3,10,2024,115.0,114.0,118.0,118.44
9,2024-10-17 08:00:00,1403/07/26,100,SO,3,25,18.0,13.7,9.2,126.0,117.2,0.65331002,9,3,10,2024,114.0,112.0,118.0,118.44
10,2024-10-17 09:00:00,1403/07/26,100,SO,3,30,5.0,13.7,9.2,126.0,116.3,0.740776386,10,3,10,2024,114.0,122.0,120.0,118.44
11,2024-10-17 10:00:00,1403/07/26,119,SO,3,32,8.0,13.6,8.8,126.0,115.5,0.806870825,11,3,10,2024,118.0,119.0,118.0,118.44930302487191
12,2024-10-17 11:00:00,1403/07/26,116,SO,3,34,8.0,13.6,8.8,126.0,114.7,0.851325971,12,3,10,2024,117.0,118.0,117.0,118.44
13,2024-10-17 12:00:00,1403/07/26,119,SO,3,34,6.0,13.6,8.8,126.0,114.7,0.864630964,13,3,10,2024,116.0,117.0,116.0,118.44
14,2024-10-17 13:00:00,1403/07/26,123,SO,3,34,6.0,13.6,8.8,126.0,115.5,0.849029667,14,3,10,2024,116.0,117.0,116.0,118.44
15,2024-10-17 14:00:00,1403/07/26,124,SO,3,34,7.0,13.4,8.8,126.0,115.5,0.851306598,15,3,10,2024,116.0,117.0,116.0,118.44
16,2024-10-17 15:00:00,1403/07/26,121,SO,3,33,15.0,13.4,8.8,126.0,116.3,0.880114441,16,3,10,2024,116.0,116.0,116.0,118.44
17,2024-10-17 16:00:00,1403/07/26,118,SO,3,30,19.0,13.4,8.8,126.0,118.0,0.905991784,17,3,10,2024,117.0,118.0,117.0,118.44
18,2024-10-17 17:00:00,1403/07/26,119,SO,3,27,22.0,13.4,8.8,126.0,119.6,0.934076323,18,3,10,2024,119.0,119.0,119.0,118.91210509783535
19,2024-10-17 18:00:00,1403/07/26,121,SO,3,25,31.0,13.5,9.0,126.0,120.4,0.960899072,19,3,10,2024,120.0,120.0,120.0,118.44
20,2024-10-17 19:00:00,1403/07/26,122,SO,3,22,35.0,13.5,9.0,126.0,121.3,0.934822858,20,3,10,2024,121.0,120.0,120.0,118.72531042693822
21,2024-10-17 20:00:00,1403/07/26,123,SO,3,21,35.0,13.5,9.0,126.0,122.1,0.853056209,21,3,10,2024,122.0,121.0,122.0,118.76946239032583
22,2024-10-17 21:00:00,1403/07/26,123,SO,3,20,38.0,13.5,9.0,126.0,122.9,0.763335812,22,3,10,2024,123.0,122.0,123.0,118.76946239032583
23,2024-10-17 22:00:00,1403/07/26,124,SO,3,19,44.0,13.7,9.1,126.0,122.9,0.678145934,23,3,10,2024,124.0,124.0,124.0,121.91538632701253
24,2024-10-17 23:00:00,1403/07/27,124,SO,3,18,46.0,13.4,9.1,126.0,122.9,0.576449053,24,3,10,2024,124.0,124.0,124.0,121.7704267875921
1,2024-10-18 00:00:00,1403/07/27,125,SO,3,17,40.0,13.7,9.1,126.0,122.1,0.523056491,1,4,10,2024,125.0,110.0,125.0,118.86100000767993
2,2024-10-18 01:00:00,1403/07/27,127,SO,3,16,51.0,13.7,9.1,126.0,122.9,0.484530902,2,4,10,2024,125.0,110.0,124.0,118.44
3,2024-10-18 02:00:00,1403/07/27,127,SO,3,15,52.0,13.7,9.1,126.0,122.9,0.458752518,3,4,10,2024,126.0,110.0,127.0,119.29436234698565
4,2024-10-18 03:00:00,1403/07/27,127,SO,3,14,52.0,13.7,9.1,126.0,122.9,0.43862255,4,4,10,2024,127.0,110.0,112.0,118.44
5,2024-10-18 04:00:00,1403/07/27,127,SO,3,14,52.0,13.7,9.1,126.0,123.7,0.435847607,5,4,10,2024,127.0,110.0,112.0,118.44
6,2024-10-18 05:00:00,1403/07/27,128,SO,3,13,52.0,13.7,9.1,126.0,123.7,0.451410918,6,4,10,2024,127.0,110.0,112.0,118.44
7,2024-10-18 06:00:00,1403/07/27,130,SO,3,16,50.0,12.0,8.2,126.0,122.9,0.482908233,7,4,10,2024,128.0,110.0,112.0,118.44
8,2024-10-18 07:00:00,1403/07/27,110,SO,3,20,38.0,12.0,8.2,126.0,119.6,0.531814798,8,4,10,2024,128.0,115.0,114.0,118.44
9,2024-10-18 08:00:00,1403/07/27,110,SO,3,24,19.0,12.0,8.2,126.0,117.2,0.610501487,9,4,10,2024,100.0,114.0,112.0,118.44
10,2024-10-18 09:00:00,1403/07/27,115,SO,3,29,4.0,12.0,8.2,126.0,116.3,0.693153551,10,4,10,2024,100.0,114.0,122.0,118.44
11,2024-10-18 10:00:00,1403/07/27,115,SO,3,33,10.0,13.3,8.8,126.0,115.5,0.756659049,11,4,10,2024,119.0,118.0,119.0,119.35998367539098
12,2024-10-18 11:00:00,1403/07/27,115,SO,3,34,5.0,13.3,8.8,126.0,114.7,0.799613393,12,4,10,2024,116.0,117.0,118.0,119.16321161069938
13,2024-10-18 12:00:00,1403/07/27,115,SO,3,35,4.0,13.3,8.8,126.0,114.7,0.812722208,13,4,10,2024,119.0,116.0,117.0,119.47738297937897
14,2024-10-18 13:00:00,1403/07/27,110,SO,3,35,4.0,13.3,8.8,126.0,115.5,0.79884373,14,4,10,2024,123.0,116.0,117.0,118.55879999403032
15,2024-10-18 14:00:00,1403/07/27,110,SO,3,34,6.0,13.0,8.5,126.0,115.5,0.801818969,15,4,10,2024,124.0,116.0,117.0,118.44
16,2024-10-18 15:00:00,1403/07/27,110,SO,3,33,12.0,13.0,8.5,126.0,116.3,0.829554214,16,4,10,2024,121.0,116.0,116.0,118.44
17,2024-10-18 16:00:00,1403/07/27,110,SO,3,31,19.0,13.0,8.5,126.0,118.0,0.853718456,17,4,10,2024,118.0,117.0,118.0,118.44
18,2024-10-18 17:00:00,1403/07/27,112,SO,3,27,23.0,13.0,8.5,126.0,118.8,0.880139971,18,4,10,2024,119.0,119.0,119.0,118.44
19,2024-10-18 18:00:00,1403/07/27,112,SO,3,26,20.0,12.6,8.4,126.0,119.6,0.905183162,19,4,10,2024,121.0,120.0,120.0,118.44
20,2024-10-18 19:00:00,1403/07/27,112,SO,3,23,28.0,12.6,8.4,126.0,120.4,0.879646971,20,4,10,2024,122.0,121.0,120.0,118.44
21,2024-10-18 20:00:00,1403/07/27,112,SO,3,22,29.0,12.6,8.4,126.0,121.3,0.802274166,21,4,10,2024,123.0,122.0,121.0,118.44
22,2024-10-18 21:00:00,1403/07/27,112,SO,3,20,33.0,12.6,8.4,126.0,122.1,0.718026582,22,4,10,2024,123.0,123.0,122.0,118.44
23,2024-10-18 22:00:00,1403/07/27,112,SO,3,18,33.0,12.2,8.5,126.0,122.1,0.638269115,23,4,10,2024,124.0,124.0,124.0,118.67974732788832
24,2024-10-18 23:00:00,1403/07/28,116,SO,3,16,33.0,13.7,9.1,126.0,122.1,0.598416642,24,4,10,2024,124.0,124.0,124.0,118.65075586467103
1,2024-10-19 00:00:00,1403/07/28,112,SO,3,16,26.0,12.2,8.5,126.0,122.1,0.543066911,1,5,10,2024,125.0,125.0,110.0,118.44
2,2024-10-19 01:00:00,1403/07/28,112,SO,3,15,29.0,12.2,8.5,126.0,122.9,0.503194755,2,5,10,2024,127.0,125.0,110.0,118.44
3,2024-10-19 02:00:00,1403/07/28,112,SO,3,15,33.0,12.2,8.5,126.0,122.9,0.476536311,3,5,10,2024,127.0,126.0,110.0,118.44
4,2024-10-19 03:00:00,1403/07/28,112,SO,3,15,36.0,12.2,8.5,126.0,122.9,0.456160092,4,5,10,2024,127.0,127.0,110.0,118.44
5,2024-10-19 04:00:00,1403/07/28,112,SO,3,14,38.0,12.2,8.5,126.0,123.7,0.454190776,5,5,10,2024,127.0,127.0,110.0,118.44
6,2024-10-19 05:00:00,1403/07/28,112,SO,3,14,35.0,12.2,8.5,126.0,123.7,0.471792232,6,5,10,2024,128.0,127.0,110.0,118.44
7,2024-10-19 06:00:00,1403/07/28,112,SO,3,15,33.0,12.3,8.6,126.0,122.9,0.50653534,7,5,10,2024,130.0,128.0,110.0,118.44
8,2024-10-19 07:00:00,1403/07/28,112,SO,3,20,27.0,12.3,8.6,126.0,119.6,0.560389776,8,5,10,2024,110.0,128.0,115.0,118.44
9,2024-10-19 08:00:00,1403/07/28,112,SO,3,25,15.0,12.3,8.6,126.0,117.2,0.646096518,9,5,10,2024,110.0,100.0,114.0,118.44
10,2024-10-19 09:00:00,1403/07/28,112,SO,3,29,3.0,12.3,8.6,126.0,116.3,0.735212855,10,5,10,2024,115.0,100.0,114.0,118.44
11,2024-10-19 10:00:00,1403/07/28,112,SO,3,31,5.0,13.6,9.1,126.0,115.5,0.803023506,11,5,10,2024,115.0,119.0,118.0,118.44
12,2024-10-19 11:00:00,1403/07/28,124,SO,3,34,4.0,13.6,9.1,126.0,114.7,0.84811739,12,5,10,2024,115.0,116.0,117.0,118.44
13,2024-10-19 12:00:00,1403/07/28,124,SO,3,34,5.0,13.6,9.1,126.0,114.7,0.860889157,13,5,10,2024,115.0,119.0,116.0,118.44
14,2024-10-19 13:00:00,1403/07/28,124,SO,3,34,4.0,13.6,9.1,126.0,115.5,0.844540206,14,5,10,2024,110.0,123.0,116.0,118.44
15,2024-10-19 14:00:00,1403/07/28,124,SO,3,34,6.0,13.6,9.1,126.0,115.5,0.848639879,15,5,10,2024,110.0,124.0,116.0,118.44
16,2024-10-19 15:00:00,1403/07/28,124,SO,3,33,8.0,13.6,9.1,126.0,116.3,0.878752465,16,5,10,2024,110.0,121.0,116.0,118.44
17,2024-10-19 16:00:00,1403/07/28,125,SO,3,31,10.0,13.6,9.1,126.0,118.0,0.903778,17,5,10,2024,110.0,118.0,117.0,118.44
18,2024-10-19 17:00:00,1403/07/28,119,SO,3,27,12.0,13.6,9.1,126.0,118.8,0.930988052,18,5,10,2024,112.0,119.0,119.0,118.44
19,2024-10-19 18:00:00,1403/07/28,120,SO,3,24,14.0,13.3,8.9,126.0,119.6,0.955858411,19,5,10,2024,112.0,121.0,120.0,118.44
20,2024-10-19 19:00:00,1403/07/28,120,SO,3,24,16.0,13.3,8.9,126.0,120.4,0.925262861,20,5,10,2024,112.0,122.0,121.0,118.44
21,2024-10-19 20:00:00,1403/07/28,121,SO,3,22,18.0,13.3,8.9,126.0,121.3,0.840314041,21,5,10,2024,112.0,123.0,122.0,118.44
22,2024-10-19 21:00:00,1403/07/28,123,SO,3,21,19.0,13.3,8.9,126.0,122.1,0.749271277,22,5,10,2024,112.0,123.0,123.0,118.44
23,2024-10-19 22:00:00,1403/07/28,123,SO,3,19,20.0,13.5,9.0,126.0,122.1,0.664644016,23,5,10,2024,112.0,124.0,124.0,118.44
24,2024-10-19 23:00:00,1403/07/29,125,SO,3,18,23.0,12.2,8.5,126.0,122.1,0.592607667,24,5,10,2024,116.0,124.0,124.0,118.44
1,2024-10-20 00:00:00,1403/07/29,125,SO,3,17,25.0,13.5,9.0,126.0,122.9,0.537201198,1,6,10,2024,112.0,125.0,125.0,118.44
2,2024-10-20 01:00:00,1403/07/29,126,SO,3,16,25.0,13.5,9.0,126.0,123.7,0.497811137,2,6,10,2024,112.0,127.0,125.0,118.83416971904751
3,2024-10-20 02:00:00,1403/07/29,127,SO,3,16,29.0,13.7,9.2,126.0,123.7,0.47178541,3,6,10,2024,112.0,127.0,126.0,120.09922592871966
4,2024-10-20 03:00:00,1403/07/29,126,SO,3,15,30.0,13.7,9.2,126.0,124.5,0.4524059,4,6,10,2024,112.0,127.0,127.0,120.39797061976208
5,2024-10-20 04:00:00,1403/07/29,127,SO,3,14,33.0,13.7,9.2,126.0,125.4,0.451823069,5,6,10,2024,112.0,127.0,127.0,119.95807169977104
6,2024-10-20 05:00:00,1403/07/29,128,SO,3,14,34.0,13.7,9.2,126.0,125.4,0.470992606,6,6,10,2024,112.0,128.0,127.0,119.71718497456283
7,2024-10-20 06:00:00,1403/07/29,128,SO,3,15,32.0,14.0,9.2,126.0,122.9,0.507705012,7,6,10,2024,112.0,130.0,128.0,120.17156952173133
8,2024-10-20 07:00:00,1403/07/29,125,SO,3,19,21.0,14.0,9.2,126.0,118.8,0.564088473,8,6,10,2024,112.0,110.0,128.0,119.78253717520266
9,2024-10-20 08:00:00,1403/07/29,124,SO,3,26,11.0,14.0,9.2,126.0,116.3,0.652484027,9,6,10,2024,112.0,110.0,100.0,118.52162498475903
10,2024-10-20 09:00:00,1403/07/29,118,SO,3,30,9.0,14.0,9.2,126.0,114.7,0.743190411,10,6,10,2024,112.0,115.0,100.0,118.97485045682241
11,2024-10-20 10:00:00,1403/07/29,119,SO,3,33,5.0,13.3,8.8,126.0,113.9,0.810845122,11,6,10,2024,112.0,115.0,119.0,121.01826130522298
12,2024-10-20 11:00:00,1403/07/29,117,SO,3,33,6.0,13.3,8.8,126.0,113.9,0.854324188,12,6,10,2024,124.0,115.0,116.0,120.84200483416998
13,2024-10-20 12:00:00,1403/07/29,117,SO,3,33,6.0,13.3,8.8,126.0,113.0,0.865686627,13,6,10,2024,124.0,115.0,119.0,120.80819368398582
14,2024-10-20 13:00:00,1403/07/29,117,SO,3,33,6.0,13.3,8.8,126.0,113.0,0.8478093,14,6,10,2024,124.0,110.0,123.0,120.3582426788584
15,2024-10-20 14:00:00,1403/07/29,117,SO,3,34,7.0,13.3,8.8,126.0,113.9,0.853263758,15,6,10,2024,124.0,110.0,124.0,119.77910190106724
16,2024-10-20 15:00:00,1403/07/29,117,SO,3,33,9.0,13.3,8.8,126.0,114.7,0.884495495,16,6,10,2024,124.0,110.0,121.0,119.26846132575794
17,2024-10-20 16:00:00,1403/07/29,118,SO,3,30,12.0,13.3,8.8,126.0,116.3,0.910637286,17,6,10,2024,125.0,110.0,118.0,119.13819409180155
18,2024-10-20 17:00:00,1403/07/29,119,SO,3,28,16.0,13.3,8.8,126.0,118.0,0.937827133,18,6,10,2024,119.0,112.0,119.0,119.46036941419071
19,2024-10-20 18:00:00,1403/07/29,119,SO,3,26,17.0,13.4,9.0,126.0,118.8,0.962565713,19,6,10,2024,120.0,112.0,121.0,119.6333462291676
20,2024-10-20 19:00:00,1403/07/29,120,SO,3,24,21.0,13.4,9.0,126.0,119.6,0.929314452,20,6,10,2024,120.0,112.0,122.0,120.41430084200938
21,2024-10-20 20:00:00,1403/07/29,122,SO,3,21,22.0,13.4,9.0,126.0,119.6,0.842229966,21,6,10,2024,121.0,112.0,123.0,120.41430084200938
22,2024-10-20 21:00:00,1403/07/29,123,SO,3,20,22.0,13.4,9.0,126.0,120.4,0.748132692,22,6,10,2024,123.0,112.0,123.0,120.41430084200938
23,2024-10-20 22:00:00,1403/07/29,123,SO,3,19,24.0,13.9,9.1,126.0,121.3,0.661065832,23,6,10,2024,123.0,112.0,124.0,121.58445931359495
24,2024-10-20 23:00:00,1403/07/30,125,SO,3,18,28.0,13.5,9.0,126.0,122.1,0.588080131,24,6,10,2024,125.0,116.0,124.0,121.86883071654506
1,2024-10-21 00:00:00,1403/07/30,125,SO,3,17,28.0,13.9,9.1,126.0,122.9,0.532012788,1,0,10,2024,125.0,112.0,125.0,121.11612655527189
2,2024-10-21 01:00:00,1403/07/30,125,SO,3,16,30.0,13.9,9.1,126.0,123.7,0.492436936,2,0,10,2024,126.0,112.0,127.0,121.38908116933253
3,2024-10-21 02:00:00,1403/07/30,100,SO,3,15,44.0,13.9,9.1,126.0,123.7,0.467045936,3,0,10,2024,127.0,112.0,127.0,118.82912600231937
4,2024-10-21 03:00:00,1403/07/30,100,SO,3,15,40.0,13.9,9.1,126.0,124.5,0.449098161,4,0,10,2024,126.0,112.0,127.0,118.44
5,2024-10-21 04:00:00,1403/07/30,100,SO,3,15,37.0,13.9,9.1,126.0,125.4,0.449657875,5,0,10,2024,127.0,112.0,127.0,118.44
6,2024-10-21 05:00:00,1403/07/30,100,SO,3,15,30.0,13.9,9.1,126.0,125.4,0.470094939,6,0,10,2024,128.0,112.0,128.0,118.44
7,2024-10-21 06:00:00,1403/07/30,100,SO,3,15,30.0,10.5,7.5,126.0,122.9,0.508601536,7,0,10,2024,128.0,112.0,130.0,118.44
8,2024-10-21 07:00:00,1403/07/30,95,SO,3,20,28.0,10.5,7.5,126.0,118.8,0.566633551,8,0,10,2024,125.0,112.0,110.0,118.44
9,2024-10-21 08:00:00,1403/07/30,95,SO,3,25,14.0,10.5,7.5,126.0,116.3,0.656243472,9,0,10,2024,124.0,112.0,110.0,118.44
10,2024-10-21 09:00:00,1403/07/30,112,SO,3,29,11.0,10.5,7.5,126.0,114.7,0.746994274,10,0,10,2024,118.0,112.0,115.0,118.44
11,2024-10-21 10:00:00,1403/07/30,112,SO,3,31,9.0,13.5,8.8,126.0,113.9,0.813107732,11,0,10,2024,119.0,112.0,115.0,118.44
12,2024-10-21 11:00:00,1403/07/30,110,SO,3,32,9.0,13.5,8.8,126.0,113.9,0.853801742,12,0,10,2024,117.0,124.0,115.0,118.44
13,2024-10-21 12:00:00,1403/07/30,110,SO,3,32,6.0,13.5,8.8,126.0,113.0,0.864045386,13,0,10,2024,117.0,124.0,115.0,118.44
14,2024-10-21 13:00:00,1403/07/30,118,SO,3,32,8.0,13.5,8.8,126.0,113.0,0.846864792,14,0,10,2024,117.0,124.0,110.0,118.44
15,2024-10-21 14:00:00,1403/07/30,118,SO,3,31,14.0,13.5,8.8,126.0,113.9,0.853990317,15,0,10,2024,117.0,124.0,110.0,118.44
16,2024-10-21 15:00:00,1403/07/30,120,SO,3,30,15.0,13.5,8.8,126.0,114.7,0.886251444,16,0,10,2024,117.0,124.0,110.0,118.44
17,2024-10-21 16:00:00,1403/07/30,120,SO,3,28,14.0,13.5,8.8,126.0,116.3,0.913243963,17,0,10,2024,118.0,125.0,110.0,118.44
18,2024-10-21 17:00:00,1403/07/30,120,SO,3,27,14.0,13.5,8.8,126.0,118.0,0.941402521,18,0,10,2024,119.0,119.0,112.0,118.44
19,2024-10-21 18:00:00,1403/07/30,121,SO,3,26,15.0,13.8,9.0,126.0,118.8,0.96614273,19,0,10,2024,119.0,120.0,112.0,118.44
20,2024-10-21 19:00:00,1403/07/30,122,SO,3,24,15.0,13.8,9.0,126.0,119.6,0.931000536,20,0,10,2024,120.0,120.0,112.0,118.44
21,2024-10-21 20:00:00,1403/07/30,124,SO,3,23,16.0,13.8,9.0,126.0,119.6,0.842469062,21,0,10,2024,122.0,121.0,112.0,118.44
22,2024-10-21 21:00:00,1403/07/30,124,SO,3,22,16.0,13.8,9.0,126.0,120.4,0.747332136,22,0,10,2024,123.0,123.0,112.0,118.44
23,2024-10-21 22:00:00,1403/07/30,124,SO,3,21,17.0,13.8,9.1,126.0,121.3,0.659858336,23,0,10,2024,123.0,123.0,112.0,118.44
24,2024-10-21 23:00:00,1403/08/01,126,SO,3,19,18.0,13.9,9.1,131.0,122.1,0.586328953,24,0,10,2024,125.0,125.0,116.0,123.13999999999999
1,2024-10-22 00:00:00,1403/08/01,125,SO,3,18,20.0,13.8,9.1,131.0,124.5,0.530328511,1,1,10,2024,125.0,125.0,112.0,123.13999999999999
2,2024-10-22 01:00:00,1403/08/01,125,SO,3,18,21.0,13.8,9.1,131.0,125.4,0.490953912,2,1,10,2024,125.0,126.0,112.0,123.13999999999999
3,2024-10-22 02:00:00,1403/08/01,126,SO,3,18,23.0,13.8,9.1,131.0,126.2,0.466260417,3,1,10,2024,100.0,127.0,112.0,123.13999999999999
4,2024-10-22 03:00:00,1403/08/01,126,SO,3,18,22.0,13.8,9.1,131.0,126.2,0.449406713,4,1,10,2024,100.0,126.0,112.0,123.13999999999999
5,2024-10-22 04:00:00,1403/08/01,127,SO,3,17,24.0,13.8,9.1,131.0,126.2,0.451603264,5,1,10,2024,100.0,127.0,112.0,123.13999999999999
6,2024-10-22 05:00:00,1403/08/01,128,SO,3,16,24.0,13.8,9.1,131.0,126.2,0.474073477,6,1,10,2024,100.0,128.0,112.0,123.13999999999999
7,2024-10-22 06:00:00,1403/08/01,128,SO,3,16,26.0,13.8,9.2,131.0,124.5,0.515638479,7,1,10,2024,100.0,128.0,112.0,123.13999999999999
8,2024-10-22 07:00:00,1403/08/01,127,SO,3,22,25.0,13.8,9.2,131.0,122.1,0.577271655,8,1,10,2024,95.0,125.0,112.0,123.13999999999999
9,2024-10-22 08:00:00,1403/08/01,125,SO,3,26,10.0,13.8,9.2,131.0,120.4,0.671461545,9,1,10,2024,95.0,124.0,112.0,123.13999999999999
10,2024-10-22 09:00:00,1403/08/01,124,SO,3,28,2.0,13.8,9.2,131.0,119.6,0.7674153,10,1,10,2024,112.0,118.0,112.0,123.13999999999999
11,2024-10-22 10:00:00,1403/08/01,122,SO,3,29,5.0,13.7,9.0,131.0,118.8,0.836396999,11,1,10,2024,112.0,119.0,112.0,123.13999999999999
12,2024-10-22 11:00:00,1403/08/01,120,SO,3,30,6.0,13.7,9.0,131.0,118.0,0.876930333,12,1,10,2024,110.0,117.0,124.0,123.13999999999999
13,2024-10-22 12:00:00,1403/08/01,120,SO,3,30,6.0,13.7,9.0,131.0,118.0,0.886093883,13,1,10,2024,110.0,117.0,124.0,123.13999999999999
14,2024-10-22 13:00:00,1403/08/01,121,SO,3,28,14.0,13.7,9.0,131.0,118.0,0.866262876,14,1,10,2024,118.0,117.0,124.0,123.13999999999999
15,2024-10-22 14:00:00,1403/08/01,121,SO,3,27,16.0,13.4,9.1,131.0,118.0,0.872615036,15,1,10,2024,118.0,117.0,124.0,123.13999999999999
16,2024-10-22 15:00:00,1403/08/01,123,SO,3,25,28.0,13.4,9.1,131.0,118.8,0.904551744,16,1,10,2024,120.0,117.0,124.0,123.13999999999999
17,2024-10-22 16:00:00,1403/08/01,125,SO,3,22,40.0,13.4,9.1,131.0,119.6,0.930543442,17,1,10,2024,120.0,118.0,125.0,123.13999999999999
18,2024-10-22 17:00:00,1403/08/01,127,SO,3,21,56.0,13.4,9.1,131.0,120.4,0.955861088,18,1,10,2024,120.0,119.0,119.0,123.13999999999999
19,2024-10-22 18:00:00,1403/08/01,127,SO,3,20,56.0,13.5,9.2,131.0,120.4,0.977273912,19,1,10,2024,121.0,119.0,120.0,124.87833515677342
20,2024-10-22 19:00:00,1403/08/01,127,SO,3,19,63.0,13.5,9.2,131.0,120.4,0.936242641,20,1,10,2024,122.0,120.0,120.0,125.19996134111456
21,2024-10-22 20:00:00,1403/08/01,128,SO,3,19,66.0,13.5,9.2,131.0,121.3,0.844088269,21,1,10,2024,124.0,122.0,121.0,125.69115156320292
22,2024-10-22 21:00:00,1403/08/01,128,SO,3,18,68.0,13.5,9.2,131.0,122.1,0.748984801,22,1,10,2024,124.0,123.0,123.0,125.82536033505043
23,2024-10-22 22:00:00,1403/08/01,128,SO,3,18,75.0,13.5,9.3,131.0,122.9,0.662204679,23,1,10,2024,124.0,123.0,123.0,125.9344480629784
24,2024-10-22 23:00:00,1403/08/02,129,SO,3,18,80.0,13.8,9.1,131.0,123.7,0.589529506,24,1,10,2024,126.0,125.0,125.0,126.34431701939567
1,2024-10-23 00:00:00,1403/08/02,130,SO,3,17,78.0,13.5,9.3,131.0,127.0,0.533910249,1,2,10,2024,125.0,125.0,125.0,126.23599979006113
2,2024-10-23 01:00:00,1403/08/02,130,SO,3,17,82.0,13.5,9.3,131.0,127.0,0.494691212,2,2,10,2024,125.0,125.0,126.0,126.35514543373172
3,2024-10-23 02:00:00,1403/08/02,129,SO,3,18,76.0,13.5,9.3,131.0,127.0,0.469328685,3,2,10,2024,126.0,100.0,127.0,125.77030563548684
4,2024-10-23 03:00:00,1403/08/02,128,SO,3,17,81.0,13.5,9.3,131.0,127.0,0.451484109,4,2,10,2024,126.0,100.0,126.0,125.90732469460545
5,2024-10-23 04:00:00,1403/08/02,129,SO,3,17,80.0,13.5,9.3,131.0,126.2,0.451680969,5,2,10,2024,127.0,100.0,127.0,125.74372589195293
6,2024-10-23 05:00:00,1403/08/02,129,SO,3,17,78.0,13.5,9.3,131.0,126.2,0.472082595,6,2,10,2024,128.0,100.0,128.0,125.19501917787875
7,2024-10-23 06:00:00,1403/08/02,129,SO,3,17,80.0,12.0,8.4,131.0,124.5,0.510736054,7,2,10,2024,128.0,100.0,128.0,125.19501917787875
8,2024-10-23 07:00:00,1403/08/02,129,SO,3,19,75.0,12.0,8.4,131.0,123.7,0.568962822,8,2,10,2024,127.0,95.0,125.0,123.67826383185809
9,2024-10-23 08:00:00,1403/08/02,110,SO,3,19,72.0,12.0,8.4,131.0,123.7,0.657073537,9,2,10,2024,125.0,95.0,124.0,123.13999999999999
10,2024-10-23 09:00:00,1403/08/02,110,SO,3,19,69.0,12.0,8.4,131.0,123.7,0.746982904,10,2,10,2024,124.0,112.0,118.0,123.13999999999999
11,2024-10-23 10:00:00,1403/08/02,127,SO,3,19,67.0,13.7,9.3,131.0,123.7,0.810224816,11,2,10,2024,122.0,112.0,119.0,123.13999999999999
12,2024-10-23 11:00:00,1403/08/02,128,SO,3,19,70.0,13.7,9.3,131.0,123.7,0.846246999,12,2,10,2024,120.0,110.0,117.0,123.13999999999999
13,2024-10-23 12:00:00,1403/08/02,128,SO,3,19,69.0,13.7,9.3,131.0,123.7,0.851654978,13,2,10,2024,120.0,110.0,117.0,123.2061323215317
14,2024-10-23 13:00:00,1403/08/02,128,SO,3,19,61.0,13.7,9.3,131.0,123.7,0.832353807,14,2,10,2024,121.0,118.0,117.0,123.84792064268544
15,2024-10-23 14:00:00,1403/08/02,128,SO,3,19,71.0,13.7,9.3,131.0,123.7,0.839740923,15,2,10,2024,121.0,118.0,117.0,124.10098573652982
16,2024-10-23 15:00:00,1403/08/02,128,SO,3,20,69.0,13.7,9.3,131.0,124.5,0.871665634,16,2,10,2024,123.0,120.0,117.0,124.0119020444042
17,2024-10-23 16:00:00,1403/08/02,129,SO,3,19,76.0,13.7,9.3,131.0,124.5,0.898951287,17,2,10,2024,125.0,120.0,118.0,124.07936137309919
18,2024-10-23 17:00:00,1403/08/02,129,SO,3,18,77.0,13.7,9.3,131.0,124.5,0.926491476,18,2,10,2024,127.0,120.0,119.0,125.12879744691648
19,2024-10-23 18:00:00,1403/08/02,129,SO,3,18,78.0,13.7,9.3,131.0,125.4,0.947602658,19,2,10,2024,127.0,121.0,119.0,124.55257541915506
20,2024-10-23 19:00:00,1403/08/02,129,SO,3,18,84.0,13.7,9.3,131.0,126.2,0.907459791,20,2,10,2024,127.0,122.0,120.0,125.07659051388373
21,2024-10-23 20:00:00,1403/08/02,129,SO,3,18,85.0,13.7,9.3,131.0,126.2,0.819525767,21,2,10,2024,128.0,124.0,122.0,125.21079928573124
22,2024-10-23 21:00:00,1403/08/02,129,SO,3,18,83.0,13.7,9.3,131.0,126.2,0.728988894,22,2,10,2024,128.0,124.0,123.0,124.85105981161144
23,2024-10-23 22:00:00,1403/08/02,130,SO,3,18,88.0,13.7,9.3,131.0,126.2,0.645956547,23,2,10,2024,128.0,124.0,123.0,126.75606005778523
24,2024-10-23 23:00:00,1403/08/03,129,SO,3,17,90.0,13.5,9.3,131.0,123.7,0.576242109,24,2,10,2024,129.0,126.0,125.0,127.04010644654932
1,2024-10-24 00:00:00,1403/08/03,129,SO,3,17,86.0,13.7,9.3,131.0,127.0,0.522534099,1,3,10,2024,130.0,125.0,125.0,125.57550745958423
2,2024-10-24 01:00:00,1403/08/03,129,SO,3,17,85.0,13.7,9.3,131.0,127.0,0.484580893,2,3,10,2024,130.0,125.0,125.0,125.34097509268707
3,2024-10-24 02:00:00,1403/08/03,129,SO,3,17,85.0,12.6,8.8,131.0,127.0,0.459955128,3,3,10,2024,129.0,126.0,100.0,123.5056700396707
4,2024-10-24 03:00:00,1403/08/03,115,SO,3,17,90.0,12.6,8.8,131.0,127.0,0.441787383,4,3,10,2024,128.0,126.0,100.0,123.13999999999999
5,2024-10-24 04:00:00,1403/08/03,115,SO,3,18,87.0,12.6,8.8,131.0,127.0,0.440144914,5,3,10,2024,129.0,127.0,100.0,123.13999999999999
6,2024-10-24 05:00:00,1403/08/03,115,SO,3,18,100.0,12.6,8.8,131.0,127.8,0.457450176,6,3,10,2024,129.0,128.0,100.0,123.13999999999999
7,2024-10-24 06:00:00,1403/08/03,115,SO,3,18,96.0,12.8,8.9,131.0,127.8,0.490974378,7,3,10,2024,129.0,128.0,100.0,123.13999999999999
8,2024-10-24 07:00:00,1403/08/03,120,SO,3,18,91.0,12.8,8.9,131.0,126.2,0.541569832,8,3,10,2024,129.0,127.0,95.0,123.13999999999999
9,2024-10-24 08:00:00,1403/08/03,123,SO,3,19,76.0,12.8,8.9,131.0,124.5,0.618369442,9,3,10,2024,110.0,125.0,95.0,123.13999999999999
10,2024-10-24 09:00:00,1403/08/03,120,SO,3,19,82.0,12.8,8.9,131.0,123.7,0.697634448,10,3,10,2024,110.0,124.0,112.0,123.13999999999999
11,2024-10-24 10:00:00,1403/08/03,121,SO,3,21,69.0,12.8,8.9,131.0,123.7,0.752876358,11,3,10,2024,127.0,122.0,112.0,123.13999999999999
12,2024-10-24 11:00:00,1403/08/03,119,SO,3,22,67.0,12.8,8.9,131.0,123.7,0.783850324,12,3,10,2024,128.0,120.0,110.0,123.13999999999999
13,2024-10-24 12:00:00,1403/08/03,117,SO,3,22,66.0,12.8,8.9,131.0,123.7,0.787775758,13,3,10,2024,128.0,120.0,110.0,123.13999999999999
14,2024-10-24 13:00:00,1403/08/03,118,SO,3,18,100.0,12.8,8.9,131.0,124.5,0.771811868,14,3,10,2024,128.0,121.0,118.0,123.13999999999999
15,2024-10-24 14:00:00,1403/08/03,118,SO,3,18,100.0,12.5,8.8,131.0,125.4,0.781225441,15,3,10,2024,128.0,121.0,118.0,123.13999999999999
16,2024-10-24 15:00:00,1403/08/03,118,SO,3,18,100.0,12.5,8.8,131.0,125.4,0.812015595,16,3,10,2024,128.0,123.0,120.0,123.13999999999999
17,2024-10-24 16:00:00,1403/08/03,122,SO,3,18,100.0,12.5,8.8,131.0,126.2,0.840604208,17,3,10,2024,129.0,125.0,120.0,123.13999999999999
18,2024-10-24 17:00:00,1403/08/03,130,SO,3,17,100.0,12.5,8.8,131.0,126.2,0.871135411,18,3,10,2024,129.0,127.0,120.0,123.17164351483942
19,2024-10-24 18:00:00,1403/08/03,130,SO,3,17,100.0,13.5,9.3,131.0,126.2,0.895323009,19,3,10,2024,129.0,127.0,121.0,123.13999999999999
20,2024-10-24 19:00:00,1403/08/03,130,SO,3,17,100.0,13.5,9.3,131.0,126.2,0.860795294,20,3,10,2024,129.0,127.0,122.0,123.13999999999999
21,2024-10-24 20:00:00,1403/08/03,130,SO,3,17,100.0,13.5,9.3,131.0,126.2,0.782726971,21,3,10,2024,129.0,128.0,124.0,123.13999999999999
22,2024-10-24 21:00:00,1403/08/03,130,SO,3,17,100.0,13.5,9.3,131.0,126.2,0.700683078,22,3,10,2024,129.0,128.0,124.0,123.13999999999999
23,2024-10-24 22:00:00,1403/08/03,130,SO,3,17,100.0,13.1,9.3,131.0,127.0,0.623738509,23,3,10,2024,130.0,128.0,124.0,125.6470140946943
24,2024-10-24 23:00:00,1403/08/04,130,SO,3,17,100.0,13.7,9.3,131.0,127.0,0.531943724,24,3,10,2024,129.0,129.0,126.0,126.3419671278547
1,2024-10-25 00:00:00,1403/08/04,130,SO,3,17,99.0,13.1,9.3,131.0,127.0,0.483825513,1,4,10,2024,129.0,130.0,125.0,123.71255520141275
2,2024-10-25 01:00:00,1403/08/04,129,SO,3,17,98.0,13.1,9.3,131.0,127.0,0.449319753,2,4,10,2024,129.0,130.0,125.0,123.13999999999999
3,2024-10-25 02:00:00,1403/08/04,129,SO,3,17,99.0,13.1,9.3,131.0,127.0,0.427197168,3,4,10,2024,129.0,129.0,126.0,123.70306690657637
4,2024-10-25 03:00:00,1403/08/04,129,SO,3,16,99.0,13.1,9.3,131.0,127.0,0.411197289,4,4,10,2024,115.0,128.0,126.0,124.07990920498585
5,2024-10-25 04:00:00,1403/08/04,130,SO,3,16,99.0,13.1,9.3,131.0,127.0,0.410098025,5,4,10,2024,115.0,129.0,127.0,123.28715899947173
6,2024-10-25 05:00:00,1403/08/04,130,SO,3,16,99.0,13.1,9.3,131.0,127.8,0.42639537,6,4,10,2024,115.0,129.0,128.0,123.49222494712944
7,2024-10-25 06:00:00,1403/08/04,130,SO,3,16,99.0,13.1,9.3,131.0,127.8,0.458152795,7,4,10,2024,115.0,129.0,128.0,125.01894442847461
8,2024-10-25 07:00:00,1403/08/04,90,SO,3,18,83.0,9.1,7.2,131.0,126.2,0.505758722,8,4,10,2024,120.0,129.0,127.0,123.13999999999999
9,2024-10-25 08:00:00,1403/08/04,90,SO,3,20,51.0,9.1,7.2,131.0,124.5,0.578091514,9,4,10,2024,123.0,110.0,125.0,123.13999999999999
10,2024-10-25 09:00:00,1403/08/04,90,LG3,3,21,17.0,9.1,7.2,131.0,123.7,0.653731412,10,4,10,2024,120.0,110.0,124.0,123.13999999999999
11,2024-10-25 10:00:00,1403/08/04,90,LG3,3,23,33.0,9.5,7.2,131.0,123.7,0.707911505,11,4,10,2024,121.0,127.0,122.0,123.13999999999999
12,2024-10-25 11:00:00,1403/08/04,90,LG3,3,25,42.0,9.5,7.2,131.0,123.7,0.739240215,12,4,10,2024,119.0,128.0,120.0,123.13999999999999
13,2024-10-25 12:00:00,1403/08/04,90,LG3,3,25,35.0,9.5,7.2,131.0,123.7,0.743552659,13,4,10,2024,117.0,128.0,120.0,123.13999999999999
14,2024-10-25 13:00:00,1403/08/04,90,LG3,3,26,26.0,9.5,7.2,131.0,124.5,0.729324389,14,4,10,2024,118.0,128.0,121.0,123.13999999999999
15,2024-10-25 14:00:00,1403/08/04,90,LG3,3,25,34.0,9.4,7.3,131.0,125.4,0.73909255,15,4,10,2024,118.0,128.0,121.0,123.13999999999999
16,2024-10-25 15:00:00,1403/08/04,90,LG3,3,24,38.0,9.4,7.3,131.0,125.4,0.76862286,16,4,10,2024,118.0,128.0,123.0,123.13999999999999
17,2024-10-25 16:00:00,1403/08/04,90,LG3,3,21,64.0,9.4,7.3,131.0,126.2,0.795265224,17,4,10,2024,122.0,129.0,125.0,123.13999999999999
18,2024-10-25 17:00:00,1403/08/04,129,LG3,3,19,76.0,9.4,7.3,131.0,126.2,0.823997974,18,4,10,2024,130.0,129.0,127.0,123.13999999999999
19,2024-10-25 18:00:00,1403/08/04,129,SO,3,18,79.0,12.9,9.3,131.0,126.2,0.844765418,19,4,10,2024,130.0,129.0,127.0,123.13999999999999
20,2024-10-25 19:00:00,1403/08/04,130,SO,3,17,80.0,12.9,9.3,131.0,126.2,0.809426197,20,4,10,2024,130.0,129.0,127.0,123.13999999999999
21,2024-10-25 20:00:00,1403/08/04,130,SO,3,16,82.0,12.9,9.3,131.0,126.2,0.734876644,21,4,10,2024,130.0,129.0,128.0,123.13999999999999
22,2024-10-25 21:00:00,1403/08/04,130,SO,3,16,89.0,12.9,9.3,131.0,126.2,0.657865142,22,4,10,2024,130.0,129.0,128.0,123.13999999999999
23,2024-10-25 22:00:00,1403/08/04,132,SO,3,15,90.0,13.0,9.4,131.0,127.0,0.585601098,23,4,10,2024,130.0,130.0,128.0,123.13999999999999
24,2024-10-25 23:00:00,1403/08/05,132,SO,3,15,90.0,13.1,9.3,131.0,127.0,0.550854432,24,4,10,2024,130.0,129.0,129.0,123.13999999999999
1,2024-10-26 00:00:00,1403/08/05,132,SO,3,15,89.0,13.0,9.4,131.0,127.0,0.501388153,1,5,10,2024,130.0,129.0,130.0,123.13999999999999
2,2024-10-26 01:00:00,1403/08/05,132,SO,3,15,93.0,13.0,9.4,131.0,127.0,0.465873854,2,5,10,2024,129.0,129.0,130.0,123.13999999999999
3,2024-10-26 02:00:00,1403/08/05,132,SO,3,15,86.0,13.0,9.4,131.0,127.0,0.443064021,3,5,10,2024,129.0,129.0,129.0,123.13999999999999
4,2024-10-26 03:00:00,1403/08/05,131,SO,3,15,80.0,13.0,9.4,131.0,127.0,0.426711601,4,5,10,2024,129.0,115.0,128.0,123.13999999999999
5,2024-10-26 04:00:00,1403/08/05,131,SO,3,16,78.0,13.0,9.4,131.0,127.0,0.425726341,5,5,10,2024,130.0,115.0,129.0,123.13999999999999
6,2024-10-26 05:00:00,1403/08/05,131,SO,3,16,80.0,13.0,9.4,131.0,127.0,0.442500675,6,5,10,2024,130.0,115.0,129.0,123.13999999999999
7,2024-10-26 06:00:00,1403/08/05,131,SO,3,16,80.0,12.9,9.4,131.0,126.2,0.47488084,7,5,10,2024,130.0,115.0,129.0,123.13999999999999
8,2024-10-26 07:00:00,1403/08/05,131,SO,3,17,65.0,12.9,9.4,131.0,124.5,0.523123732,8,5,10,2024,90.0,120.0,129.0,123.13999999999999
9,2024-10-26 08:00:00,1403/08/05,129,SO,3,20,40.0,12.9,9.4,131.0,124.5,0.596518829,9,5,10,2024,90.0,123.0,110.0,123.13999999999999
10,2024-10-26 09:00:00,1403/08/05,128,SO,3,22,40.0,12.9,9.4,131.0,123.7,0.67234098,10,5,10,2024,90.0,120.0,110.0,123.13999999999999
11,2024-10-26 10:00:00,1403/08/05,128,SO,3,22,39.0,12.5,9.2,131.0,123.7,0.727000813,11,5,10,2024,90.0,121.0,127.0,123.13999999999999
12,2024-10-26 11:00:00,1403/08/05,127,SO,3,23,32.0,12.5,9.2,131.0,122.9,0.75982392,12,5,10,2024,90.0,119.0,128.0,123.13999999999999
13,2024-10-26 12:00:00,1403/08/05,126,SO,3,24,19.0,12.5,9.2,131.0,122.1,0.765252295,13,5,10,2024,90.0,117.0,128.0,123.13999999999999
14,2024-10-26 13:00:00,1403/08/05,125,SO,3,24,21.0,12.5,9.2,131.0,122.1,0.75133785,14,5,10,2024,90.0,118.0,128.0,123.13999999999999
15,2024-10-26 14:00:00,1403/08/05,124,SO,3,25,25.0,12.3,9.1,131.0,122.1,0.763844509,15,5,10,2024,90.0,118.0,128.0,123.13999999999999
16,2024-10-26 15:00:00,1403/08/05,125,SO,3,24,36.0,12.3,9.1,131.0,122.9,0.796005334,16,5,10,2024,90.0,118.0,128.0,123.13999999999999
17,2024-10-26 16:00:00,1403/08/05,125,SO,3,22,48.0,12.3,9.1,131.0,122.9,0.825276816,17,5,10,2024,90.0,122.0,129.0,126.36398505582298
18,2024-10-26 17:00:00,1403/08/05,126,SO,3,21,60.0,12.3,9.1,131.0,122.9,0.855629511,18,5,10,2024,129.0,130.0,129.0,128.24512191394217
19,2024-10-26 18:00:00,1403/08/05,127,SO,3,20,67.0,12.9,9.2,131.0,123.7,0.877154363,19,5,10,2024,129.0,130.0,129.0,128.40481113360045
20,2024-10-26 19:00:00,1403/08/05,128,SO,3,19,66.0,12.9,9.2,131.0,123.7,0.838475507,20,5,10,2024,130.0,130.0,129.0,128.7570254080686
21,2024-10-26 20:00:00,1403/08/05,129,SO,3,19,67.0,12.9,9.2,131.0,124.5,0.760960246,21,5,10,2024,130.0,130.0,129.0,128.7570254080686
22,2024-10-26 21:00:00,1403/08/05,129,SO,3,19,65.0,12.9,9.2,131.0,124.5,0.680331667,22,5,10,2024,130.0,130.0,129.0,128.7570254080686
23,2024-10-26 22:00:00,1403/08/05,130,SO,3,19,67.0,11.9,8.8,131.0,124.5,0.605526614,23,5,10,2024,132.0,130.0,130.0,128.92119560522676
24,2024-10-26 23:00:00,1403/08/06,128,SO,3,18,68.0,13.0,9.4,131.0,124.5,0.542361144,24,5,10,2024,132.0,130.0,129.0,128.73719963214364
1,2024-10-27 00:00:00,1403/08/06,113,SO,3,17,68.0,11.9,8.8,131.0,125.4,0.493741938,1,6,10,2024,132.0,130.0,129.0,126.40257464691763
2,2024-10-27 01:00:00,1403/08/06,113,SO,3,16,65.0,11.9,8.8,131.0,125.4,0.458748735,2,6,10,2024,132.0,129.0,129.0,125.3938164493972
3,2024-10-27 02:00:00,1403/08/06,113,SO,3,17,68.0,11.6,8.5,131.0,125.4,0.43655346,3,6,10,2024,132.0,129.0,129.0,124.97796140088232
4,2024-10-27 03:00:00,1403/08/06,113,SO,3,17,82.0,11.6,8.5,131.0,125.4,0.420677234,4,6,10,2024,131.0,129.0,115.0,123.13999999999999
5,2024-10-27 04:00:00,1403/08/06,115,SO,3,17,73.0,11.6,8.5,131.0,125.4,0.419963967,5,6,10,2024,131.0,130.0,115.0,123.13999999999999
6,2024-10-27 05:00:00,1403/08/06,115,SO,3,17,77.0,11.6,8.5,131.0,125.4,0.43654788,6,6,10,2024,131.0,130.0,115.0,123.13999999999999
7,2024-10-27 06:00:00,1403/08/06,115,SO,3,17,73.0,11.5,8.5,131.0,124.5,0.468275048,7,6,10,2024,131.0,130.0,115.0,123.13999999999999
8,2024-10-27 07:00:00,1403/08/06,115,SO,3,20,58.0,11.5,8.5,131.0,123.7,0.515023232,8,6,10,2024,131.0,90.0,120.0,123.13999999999999
9,2024-10-27 08:00:00,1403/08/06,115,SO,3,22,43.0,11.5,8.5,131.0,123.7,0.586128719,9,6,10,2024,129.0,90.0,123.0,123.13999999999999
10,2024-10-27 09:00:00,1403/08/06,114,SO,3,23,35.0,11.5,8.5,131.0,122.9,0.658149206,10,6,10,2024,128.0,90.0,120.0,123.13999999999999
11,2024-10-27 10:00:00,1403/08/06,126,SO,3,23,42.0,12.6,9.1,131.0,121.3,0.709016923,11,6,10,2024,128.0,90.0,121.0,123.13999999999999
12,2024-10-27 11:00:00,1403/08/06,125,SO,3,23,41.0,12.6,9.1,131.0,121.3,0.739500221,12,6,10,2024,127.0,90.0,119.0,123.13999999999999
13,2024-10-27 12:00:00,1403/08/06,124,SO,3,24,29.0,12.6,9.1,131.0,121.3,0.74501315,13,6,10,2024,126.0,90.0,117.0,123.13999999999999
14,2024-10-27 13:00:00,1403/08/06,123,SO,3,26,20.0,12.6,9.1,131.0,122.1,0.733403819,14,6,10,2024,125.0,90.0,118.0,123.13999999999999
15,2024-10-27 14:00:00,1403/08/06,122,SO,3,26,27.0,12.6,9.0,131.0,123.7,0.748273881,15,6,10,2024,124.0,90.0,118.0,123.13999999999999
16,2024-10-27 15:00:00,1403/08/06,122,SO,3,29,31.0,12.6,9.0,131.0,125.4,0.782063043,16,6,10,2024,125.0,90.0,118.0,123.13999999999999
17,2024-10-27 16:00:00,1403/08/06,124,SO,3,22,53.0,12.6,9.0,131.0,125.4,0.812306004,17,6,10,2024,125.0,90.0,122.0,123.13999999999999
18,2024-10-27 17:00:00,1403/08/06,125,SO,3,21,57.0,12.6,9.0,131.0,125.4,0.842762158,18,6,10,2024,126.0,129.0,130.0,123.13999999999999
19,2024-10-27 18:00:00,1403/08/06,127,SO,3,19,64.0,12.6,9.3,131.0,125.4,0.86270182,19,6,10,2024,127.0,129.0,130.0,123.13999999999999
20,2024-10-27 19:00:00,1403/08/06,129,SO,3,18,70.0,12.6,9.3,131.0,126.2,0.823466969,20,6,10,2024,128.0,130.0,130.0,123.13999999999999
21,2024-10-27 20:00:00,1403/08/06,129,SO,3,17,74.0,12.6,9.3,131.0,126.2,0.747268799,21,6,10,2024,129.0,130.0,130.0,123.13999999999999
22,2024-10-27 21:00:00,1403/08/06,130,SO,3,17,74.0,12.6,9.3,131.0,126.2,0.666475411,22,6,10,2024,129.0,130.0,130.0,123.13999999999999
23,2024-10-27 22:00:00,1403/08/06,122,SO,3,16,73.0,12.6,9.2,131.0,126.2,0.592011966,23,6,10,2024,130.0,132.0,130.0,123.15789026838655
24,2024-10-27 23:00:00,1403/08/07,122,SO,3,16,73.0,11.9,8.8,131.0,127.0,0.52990665,24,6,10,2024,128.0,132.0,130.0,123.13999999999999
1,2024-10-28 00:00:00,1403/08/07,124,SO,3,15,76.0,12.6,9.2,131.0,130.0,0.482179626,1,0,10,2024,113.0,132.0,130.0,123.13999999999999
2,2024-10-28 01:00:00,1403/08/07,124,SO,3,15,76.0,12.6,9.2,131.0,130.0,0.448172109,2,0,10,2024,113.0,132.0,129.0,123.13999999999999
3,2024-10-28 02:00:00,1403/08/07,124,SO,3,14,76.0,12.9,9.3,131.0,130.0,0.427411412,3,0,10,2024,113.0,132.0,129.0,123.13999999999999
4,2024-10-28 03:00:00,1403/08/07,124,SO,3,15,69.0,12.9,9.3,131.0,130.0,0.413195236,4,0,10,2024,113.0,131.0,129.0,123.13999999999999
5,2024-10-28 04:00:00,1403/08/07,124,SO,3,13,78.0,12.9,9.3,131.0,130.0,0.413915286,5,0,10,2024,115.0,131.0,130.0,123.13999999999999
6,2024-10-28 05:00:00,1403/08/07,124,SO,3,12,84.0,12.9,9.3,131.0,130.0,0.431364319,6,0,10,2024,115.0,131.0,130.0,123.13999999999999
7,2024-10-28 06:00:00,1403/08/07,124,SO,3,13,78.0,12.7,9.3,131.0,130.0,0.464096247,7,0,10,2024,115.0,131.0,130.0,123.13999999999999
8,2024-10-28 07:00:00,1403/08/07,130,SO,3,17,75.0,12.7,9.3,131.0,128.4,0.510970189,8,0,10,2024,115.0,131.0,90.0,123.13999999999999
9,2024-10-28 08:00:00,1403/08/07,125,SO,3,20,34.0,12.7,9.3,131.0,127.5,0.58178868,9,0,10,2024,115.0,129.0,90.0,123.13999999999999
10,2024-10-28 09:00:00,1403/08/07,124,SO,3,22,10.0,12.7,9.3,131.0,126.7,0.651624253,10,0,10,2024,114.0,128.0,90.0,123.13999999999999
11,2024-10-28 10:00:00,1403/08/07,125,SO,3,24,21.0,12.7,9.3,131.0,126.7,0.700639211,11,0,10,2024,126.0,128.0,90.0,123.13999999999999
12,2024-10-28 11:00:00,1403/08/07,118,SO,3,25,21.0,12.7,9.3,131.0,126.7,0.728603429,12,0,10,2024,125.0,127.0,90.0,123.13999999999999
13,2024-10-28 12:00:00,1403/08/07,115,SO,3,26,19.0,11.5,8.5,131.0,125.9,0.734952506,13,0,10,2024,124.0,126.0,90.0,123.13999999999999
14,2024-10-28 13:00:00,1403/08/07,121,SO,3,26,15.0,11.5,8.5,131.0,125.9,0.724374119,14,0,10,2024,123.0,125.0,90.0,123.13999999999999
15,2024-10-28 14:00:00,1403/08/07,115,SO,3,26,22.0,11.5,8.5,131.0,126.7,0.740568855,15,0,10,2024,122.0,124.0,90.0,123.13999999999999
16,2024-10-28 15:00:00,1403/08/07,118,SO,3,24,25.0,11.5,8.5,131.0,127.5,0.774227874,16,0,10,2024,122.0,125.0,90.0,123.13999999999999
17,2024-10-28 16:00:00,1403/08/07,118,SO,3,22,29.0,11.5,8.5,131.0,128.4,0.804698696,17,0,10,2024,124.0,125.0,90.0,123.13999999999999
18,2024-10-28 17:00:00,1403/08/07,127,SO,3,20,20.0,11.5,8.5,131.0,128.4,0.834139319,18,0,10,2024,125.0,126.0,129.0,123.13999999999999
19,2024-10-28 18:00:00,1403/08/07,127,SO,3,18,36.0,13.0,9.3,131.0,128.4,0.853441018,19,0,10,2024,127.0,127.0,129.0,123.13999999999999
20,2024-10-28 19:00:00,1403/08/07,129,SO,3,16,44.0,13.0,9.3,131.0,128.4,0.814807907,20,0,10,2024,129.0,128.0,130.0,123.13999999999999
21,2024-10-28 20:00:00,1403/08/07,129,SO,3,15,38.0,13.0,9.3,131.0,129.2,0.741327377,21,0,10,2024,129.0,129.0,130.0,123.13999999999999
22,2024-10-28 21:00:00,1403/08/07,130,SO,3,14,45.0,13.0,9.3,131.0,129.2,0.661633317,22,0,10,2024,130.0,129.0,130.0,123.13999999999999
23,2024-10-28 22:00:00,1403/08/07,110,SO,3,13,44.0,13.0,9.3,131.0,129.2,0.587588507,23,0,10,2024,122.0,130.0,132.0,124.59123668538591
24,2024-10-28 23:00:00,1403/08/08,110,SO,3,14,38.0,12.6,9.2,131.0,130.0,0.526133764,24,0,10,2024,122.0,128.0,132.0,123.6770324704699
1,2024-10-29 00:00:00,1403/08/08,110,SO,3,12,43.0,13.0,9.3,131.0,130.3,0.479186087,1,1,10,2024,124.0,113.0,132.0,123.13999999999999
2,2024-10-29 01:00:00,1403/08/08,110,SO,3,10,42.0,13.0,9.3,131.0,130.3,0.445853082,2,1,10,2024,124.0,113.0,132.0,123.13999999999999
3,2024-10-29 02:00:00,1403/08/08,110,SO,3,9,43.0,13.0,9.3,131.0,130.3,0.425944812,3,1,10,2024,124.0,113.0,132.0,123.13999999999999
4,2024-10-29 03:00:00,1403/08/08,100,SO,3,9,43.0,10.6,8.1,131.0,130.3,0.413484265,4,1,10,2024,124.0,113.0,131.0,123.13999999999999
5,2024-10-29 04:00:00,1403/08/08,100,SO,3,9,55.0,10.6,8.1,131.0,131.6,0.416169186,5,1,10,2024,124.0,115.0,131.0,123.13999999999999
6,2024-10-29 05:00:00,1403/08/08,100,SO,3,8,63.0,10.6,8.1,131.0,131.6,0.435712378,6,1,10,2024,124.0,115.0,131.0,123.13999999999999
7,2024-10-29 06:00:00,1403/08/08,100,SO,3,9,56.0,10.3,7.9,131.0,130.0,0.47099703,7,1,10,2024,124.0,115.0,131.0,123.13999999999999
8,2024-10-29 07:00:00,1403/08/08,100,SO,3,14,64.0,10.3,7.9,131.0,128.4,0.521066827,8,1,10,2024,130.0,115.0,131.0,123.13999999999999
9,2024-10-29 08:00:00,1403/08/08,100,SO,3,17,29.0,10.3,7.9,131.0,127.5,0.594959471,9,1,10,2024,125.0,115.0,129.0,123.13999999999999
10,2024-10-29 09:00:00,1403/08/08,100,SO,3,20,5.0,10.3,7.9,131.0,126.7,0.665700782,10,1,10,2024,124.0,114.0,128.0,123.13999999999999
11,2024-10-29 10:00:00,1403/08/08,100,SO,3,22,13.0,10.3,7.9,131.0,126.7,0.71329472,11,1,10,2024,125.0,126.0,128.0,123.13999999999999
12,2024-10-29 11:00:00,1403/08/08,100,SO,3,23,14.0,10.3,7.9,131.0,125.9,0.739681571,12,1,10,2024,118.0,125.0,127.0,123.13999999999999
13,2024-10-29 12:00:00,1403/08/08,100,SO,3,24,10.0,10.3,7.9,131.0,125.9,0.745193603,13,1,10,2024,115.0,124.0,126.0,123.13999999999999
14,2024-10-29 13:00:00,1403/08/08,100,SO,3,25,8.0,10.3,7.9,131.0,125.9,0.734370302,14,1,10,2024,121.0,123.0,125.0,123.13999999999999
15,2024-10-29 14:00:00,1403/08/08,123,SO,3,25,10.0,12.8,9.1,131.0,126.7,0.751920638,15,1,10,2024,115.0,122.0,124.0,123.13999999999999
16,2024-10-29 15:00:00,1403/08/08,123,SO,3,24,15.0,12.8,9.1,131.0,127.5,0.786470179,16,1,10,2024,118.0,122.0,125.0,123.13999999999999
17,2024-10-29 16:00:00,1403/08/08,126,SO,3,21,29.0,12.8,9.1,131.0,128.4,0.816622887,17,1,10,2024,118.0,124.0,125.0,123.13999999999999
18,2024-10-29 17:00:00,1403/08/08,126,SO,3,19,34.0,12.8,9.1,131.0,128.4,0.844397607,18,1,10,2024,127.0,125.0,126.0,123.13999999999999
19,2024-10-29 18:00:00,1403/08/08,127,SO,3,18,31.0,12.8,9.3,131.0,129.2,0.860188156,19,1,10,2024,127.0,127.0,127.0,123.13999999999999
20,2024-10-29 19:00:00,1403/08/08,129,SO,3,15,44.0,12.8,9.3,131.0,129.2,0.81857285,20,1,10,2024,129.0,129.0,128.0,123.13999999999999
21,2024-10-29 20:00:00,1403/08/08,130,SO,3,14,38.0,12.8,9.3,131.0,130.0,0.743645555,21,1,10,2024,129.0,129.0,129.0,123.13999999999999
22,2024-10-29 21:00:00,1403/08/08,131,SO,3,13,37.0,12.8,9.3,131.0,130.0,0.663859281,22,1,10,2024,130.0,130.0,129.0,123.13999999999999
23,2024-10-29 22:00:00,1403/08/08,131,SO,3,12,38.0,11.7,8.8,131.0,130.8,0.589353125,23,1,10,2024,110.0,122.0,130.0,123.13999999999999
24,2024-10-29 23:00:00,1403/08/09,117,SO,3,10,50.0,13.0,9.3,131.0,131.6,0.527612888,24,1,10,2024,110.0,122.0,128.0,123.13999999999999
1,2024-10-30 00:00:00,1403/08/09,120,SO,3,9,54.0,11.7,8.8,131.0,131.6,0.480139842,1,2,10,2024,110.0,124.0,113.0,123.13999999999999
2,2024-10-30 01:00:00,1403/08/09,120,SO,3,9,60.0,11.7,8.8,131.0,131.6,0.446975931,2,2,10,2024,110.0,124.0,113.0,123.13999999999999
3,2024-10-30 02:00:00,1403/08/09,120,SO,3,8,62.0,11.7,8.8,131.0,132.5,0.426876524,3,2,10,2024,110.0,124.0,113.0,123.13999999999999
4,2024-10-30 03:00:00,1403/08/09,128,SO,3,8,62.0,11.7,8.8,131.0,132.5,0.414074307,4,2,10,2024,100.0,124.0,113.0,123.13999999999999
5,2024-10-30 04:00:00,1403/08/09,124,SO,3,8,71.0,11.7,8.8,131.0,132.5,0.415822623,5,2,10,2024,100.0,124.0,115.0,123.13999999999999
6,2024-10-30 05:00:00,1403/08/09,127,SO,3,8,70.0,11.7,8.8,131.0,132.5,0.434231611,6,2,10,2024,100.0,124.0,115.0,123.13999999999999
7,2024-10-30 06:00:00,1403/08/09,131,SO,3,8,67.0,12.6,9.1,131.0,131.6,0.467650015,7,2,10,2024,100.0,124.0,115.0,123.13999999999999
8,2024-10-30 07:00:00,1403/08/09,130,SO,3,13,55.0,12.6,9.1,131.0,130.0,0.515189691,8,2,10,2024,100.0,130.0,115.0,123.13999999999999
9,2024-10-30 08:00:00,1403/08/09,127,SO,3,17,22.0,12.6,9.1,131.0,127.5,0.585638201,9,2,10,2024,100.0,125.0,115.0,123.13999999999999
10,2024-10-30 09:00:00,1403/08/09,124,SO,3,21,5.0,12.6,9.1,131.0,126.7,0.653421198,10,2,10,2024,100.0,124.0,114.0,123.13999999999999
11,2024-10-30 10:00:00,1403/08/09,122,SO,3,24,4.0,12.7,9.0,131.0,125.9,0.698751506,11,2,10,2024,100.0,125.0,126.0,123.13999999999999
12,2024-10-30 11:00:00,1403/08/09,120,SO,3,25,8.0,12.7,9.0,131.0,125.1,0.722432408,12,2,10,2024,100.0,118.0,125.0,123.13999999999999
13,2024-10-30 12:00:00,1403/08/09,124,SO,3,26,9.0,12.7,9.0,131.0,125.1,0.725741427,13,2,10,2024,100.0,115.0,124.0,123.13999999999999
14,2024-10-30 13:00:00,1403/08/09,122,SO,3,26,6.0,12.7,9.0,131.0,125.1,0.714777473,14,2,10,2024,100.0,121.0,123.0,123.13999999999999
15,2024-10-30 14:00:00,1403/08/09,122,SO,3,26,12.0,12.7,9.0,131.0,125.1,0.732419974,15,2,10,2024,123.0,115.0,122.0,123.13999999999999
16,2024-10-30 15:00:00,1403/08/09,122,SO,3,26,16.0,12.7,9.0,131.0,126.7,0.764727229,16,2,10,2024,123.0,118.0,122.0,123.13999999999999
17,2024-10-30 16:00:00,1403/08/09,123,SO,3,24,20.0,12.7,9.0,131.0,127.5,0.793795803,17,2,10,2024,126.0,118.0,124.0,123.13999999999999
18,2024-10-30 17:00:00,1403/08/09,125,SO,3,19,28.0,12.7,9.0,131.0,127.5,0.820152949,18,2,10,2024,126.0,127.0,125.0,124.31008162396398
19,2024-10-30 18:00:00,1403/08/09,126,SO,3,18,31.0,12.6,9.3,131.0,127.5,0.833764434,19,2,10,2024,127.0,127.0,127.0,123.53136247141897
20,2024-10-30 19:00:00,1403/08/09,126,SO,3,17,33.0,12.6,9.3,131.0,128.4,0.791573173,20,2,10,2024,129.0,129.0,129.0,124.30352819428605
21,2024-10-30 20:00:00,1403/08/09,127,SO,3,15,33.0,12.6,9.3,131.0,128.4,0.720413581,21,2,10,2024,130.0,129.0,129.0,124.30352819428605
22,2024-10-30 21:00:00,1403/08/09,130,SO,3,15,36.0,12.6,9.3,131.0,128.4,0.644913642,22,2,10,2024,131.0,130.0,130.0,124.30352819428605
23,2024-10-30 22:00:00,1403/08/09,130,SO,3,14,34.0,12.8,9.4,131.0,129.2,0.574430143,23,2,10,2024,131.0,110.0,122.0,124.59478747482163
24,2024-10-30 23:00:00,1403/08/10,131,SO,3,13,43.0,11.7,8.8,131.0,129.2,0.515700149,24,2,10,2024,117.0,110.0,122.0,125.2158771466757
1,2024-10-31 00:00:00,1403/08/10,133,SO,3,13,38.0,12.8,9.4,131.0,131.6,0.470458561,1,3,10,2024,120.0,110.0,124.0,124.50987883605931
2,2024-10-31 01:00:00,1403/08/10,134,SO,3,12,43.0,12.8,9.4,131.0,131.6,0.43885096,2,3,10,2024,120.0,110.0,124.0,124.57337229840758
3,2024-10-31 02:00:00,1403/08/10,55,SO,3,11,41.0,8.3,6.7,131.0,132.5,0.419379104,3,3,10,2024,120.0,110.0,124.0,123.13999999999999
4,2024-10-31 03:00:00,1403/08/10,80,SO,3,13,41.0,8.3,6.7,131.0,132.5,0.40678956,4,3,10,2024,128.0,100.0,124.0,123.13999999999999
5,2024-10-31 04:00:00,1403/08/10,90,SO,3,13,41.0,8.3,6.7,131.0,132.5,0.407420457,5,3,10,2024,124.0,100.0,124.0,123.13999999999999
6,2024-10-31 05:00:00,1403/08/10,90,SO,3,13,41.0,8.3,6.7,131.0,132.5,0.423893477,6,3,10,2024,127.0,100.0,124.0,123.13999999999999
7,2024-10-31 06:00:00,1403/08/10,90,SO,3,13,51.0,12.7,9.4,131.0,131.6,0.454588679,7,3,10,2024,131.0,100.0,124.0,123.13999999999999
8,2024-10-31 07:00:00,1403/08/10,132,SO,3,16,44.0,12.7,9.4,131.0,130.0,0.498154835,8,3,10,2024,130.0,100.0,130.0,123.13999999999999
9,2024-10-31 08:00:00,1403/08/10,131,SO,3,19,29.0,12.7,9.4,131.0,127.5,0.562221725,9,3,10,2024,127.0,100.0,125.0,123.13999999999999
10,2024-10-31 09:00:00,1403/08/10,130,SO,3,20,28.0,12.7,9.4,131.0,126.7,0.624137371,10,3,10,2024,124.0,100.0,124.0,123.13999999999999
11,2024-10-31 10:00:00,1403/08/10,129,SO,3,22,23.0,12.9,9.2,131.0,125.9,0.665676518,11,3,10,2024,122.0,100.0,125.0,123.13999999999999
12,2024-10-31 11:00:00,1403/08/10,127,SO,3,25,21.0,12.9,9.2,131.0,125.1,0.685970181,12,3,10,2024,120.0,100.0,118.0,123.13999999999999
13,2024-10-31 12:00:00,1403/08/10,126,SO,3,26,21.0,12.9,9.2,131.0,125.1,0.68738076,13,3,10,2024,124.0,100.0,115.0,123.13999999999999
14,2024-10-31 13:00:00,1403/08/10,125,SO,3,25,8.0,12.9,9.2,131.0,125.1,0.677049715,14,3,10,2024,122.0,100.0,121.0,123.13999999999999
15,2024-10-31 14:00:00,1403/08/10,126,SO,3,23,22.0,12.9,9.2,131.0,125.1,0.69340727,15,3,10,2024,122.0,123.0,115.0,123.13999999999999
16,2024-10-31 15:00:00,1403/08/10,126,SO,3,23,23.0,12.9,9.2,131.0,126.7,0.722315502,16,3,10,2024,122.0,123.0,118.0,123.13999999999999
17,2024-10-31 16:00:00,1403/08/10,128,SO,3,20,25.0,12.9,9.2,131.0,127.5,0.749773314,17,3,10,2024,123.0,126.0,118.0,123.13999999999999
18,2024-10-31 17:00:00,1403/08/10,128,SO,3,20,31.0,12.9,9.2,131.0,127.5,0.776169122,18,3,10,2024,125.0,126.0,127.0,123.13999999999999
19,2024-10-31 18:00:00,1403/08/10,130,SO,3,18,44.0,12.7,9.0,131.0,127.5,0.791731171,19,3,10,2024,126.0,127.0,127.0,123.13999999999999
20,2024-10-31 19:00:00,1403/08/10,130,SO,3,18,44.0,12.7,9.0,131.0,128.4,0.754828437,20,3,10,2024,126.0,129.0,129.0,123.13999999999999
21,2024-10-31 20:00:00,1403/08/10,130,SO,3,18,45.0,12.7,9.0,131.0,128.4,0.690985453,21,3,10,2024,127.0,130.0,129.0,123.13999999999999
22,2024-10-31 21:00:00,1403/08/10,131,SO,3,17,53.0,12.7,9.0,131.0,128.4,0.622176572,22,3,10,2024,130.0,131.0,130.0,123.13999999999999
23,2024-10-31 22:00:00,1403/08/10,132,SO,3,16,48.0,13.0,9.3,131.0,129.2,0.55709121,23,3,10,2024,130.0,131.0,110.0,125.9074531313677
24,2024-10-31 23:00:00,1403/08/11,132,SO,3,16,52.0,12.8,9.4,131.0,129.2,0.477926301,24,3,10,2024,131.0,117.0,110.0,124.03241482833951
1,2024-11-01 00:00:00,1403/08/11,124,SO,3,15,75.0,13.0,9.4,131.0,131.6,0.437591796,1,4,11,2024,133.0,120.0,110.0,123.13999999999999
2,2024-11-01 01:00:00,1403/08/11,124,SO,3,15,78.0,13.0,9.4,131.0,131.6,0.409677776,2,4,11,2024,134.0,120.0,110.0,123.13999999999999
3,2024-11-01 02:00:00,1403/08/11,124,SO,3,15,75.0,13.0,9.4,131.0,132.5,0.392162904,3,4,11,2024,55.0,120.0,110.0,123.13999999999999
4,2024-11-01 03:00:00,1403/08/11,124,SO,3,15,73.0,13.0,9.4,131.0,132.5,0.381231703,4,4,11,2024,80.0,128.0,100.0,123.13999999999999
5,2024-11-01 04:00:00,1403/08/11,124,SO,3,14,74.0,13.0,9.4,131.0,132.5,0.382451132,5,4,11,2024,90.0,124.0,100.0,123.13999999999999
6,2024-11-01 05:00:00,1403/08/11,124,SO,3,12,85.0,13.0,9.4,131.0,132.5,0.398144028,6,4,11,2024,90.0,127.0,100.0,123.13999999999999
7,2024-11-01 06:00:00,1403/08/11,124,SO,3,13,81.0,13.1,9.4,131.0,131.6,0.426825531,7,4,11,2024,90.0,131.0,100.0,123.50324163926024
8,2024-11-01 07:00:00,1403/08/11,136,SO,3,15,73.0,13.1,9.4,131.0,130.0,0.467891949,8,4,11,2024,132.0,130.0,100.0,123.94368841899038
9,2024-11-01 08:00:00,1403/08/11,130,SO,3,21,14.0,13.1,9.4,131.0,127.5,0.526841743,9,4,11,2024,131.0,127.0,100.0,123.55073972608159
10,2024-11-01 09:00:00,1403/08/11,128,SO,3,22,9.0,13.1,9.4,131.0,126.7,0.583829308,10,4,11,2024,130.0,124.0,100.0,123.6644220130455
11,2024-11-01 10:00:00,1403/08/11,126,SO,3,25,16.0,13.1,9.4,131.0,125.9,0.621265811,11,4,11,2024,129.0,122.0,100.0,123.60866315718808
12,2024-11-01 11:00:00,1403/08/11,124,SO,3,27,14.0,13.1,9.4,131.0,125.1,0.639595895,12,4,11,2024,127.0,120.0,100.0,123.13999999999999
13,2024-11-01 12:00:00,1403/08/11,122,SO,3,28,13.0,13.1,9.4,131.0,125.1,0.640748612,13,4,11,2024,126.0,124.0,100.0,123.13999999999999
14,2024-11-01 13:00:00,1403/08/11,122,SO,3,29,11.0,13.1,9.4,131.0,125.1,0.632021779,14,4,11,2024,125.0,122.0,100.0,123.13999999999999
15,2024-11-01 14:00:00,1403/08/11,121,SO,3,29,18.0,12.6,9.0,131.0,125.1,0.647455661,15,4,11,2024,126.0,122.0,123.0,123.72193677149801
16,2024-11-01 15:00:00,1403/08/11,122,SO,3,27,22.0,12.6,9.0,131.0,126.7,0.674556818,16,4,11,2024,126.0,122.0,123.0,124.13034977604724
17,2024-11-01 16:00:00,1403/08/11,123,SO,3,26,31.0,12.6,9.0,131.0,127.5,0.699699562,17,4,11,2024,128.0,123.0,126.0,125.12967481994885
18,2024-11-01 17:00:00,1403/08/11,124,SO,3,23,40.0,12.6,9.0,131.0,127.5,0.724746621,18,4,11,2024,128.0,125.0,126.0,125.76638647874859
19,2024-11-01 18:00:00,1403/08/11,125,SO,3,22,43.0,13.0,9.2,131.0,127.5,0.739168546,19,4,11,2024,130.0,126.0,127.0,125.88697127088655
20,2024-11-01 19:00:00,1403/08/11,127,SO,3,21,47.0,13.0,9.2,131.0,128.4,0.704111849,20,4,11,2024,130.0,126.0,129.0,126.23918554535474
21,2024-11-01 20:00:00,1403/08/11,127,SO,3,19,52.0,13.0,9.2,131.0,128.4,0.644580508,21,4,11,2024,130.0,127.0,130.0,125.90497317941954
22,2024-11-01 21:00:00,1403/08/11,128,SO,3,18,55.0,13.0,9.2,131.0,128.4,0.580374123,22,4,11,2024,131.0,130.0,131.0,125.81486933752039
23,2024-11-01 22:00:00,1403/08/11,129,SO,3,18,59.0,13.0,9.3,131.0,129.2,0.519525153,23,4,11,2024,132.0,130.0,131.0,127.37605379261142
24,2024-11-01 23:00:00,1403/08/12,130,SO,3,17,60.0,13.0,9.4,131.0,129.2,0.49128535,24,4,11,2024,132.0,131.0,117.0,126.37406099969559
1,2024-11-02 00:00:00,1403/08/12,132,SO,3,15,55.0,13.0,9.3,131.0,131.6,0.449982037,1,5,11,2024,124.0,133.0,120.0,125.19115258651442
2,2024-11-02 01:00:00,1403/08/12,125,SO,3,14,56.0,13.0,9.3,131.0,131.6,0.421893009,2,5,11,2024,124.0,134.0,120.0,124.96036017362692
3,2024-11-02 02:00:00,1403/08/12,125,SO,3,14,56.0,13.1,9.3,131.0,132.5,0.404717376,3,5,11,2024,124.0,55.0,120.0,124.40983904720707
4,2024-11-02 03:00:00,1403/08/12,125,SO,3,13,60.0,13.1,9.3,131.0,132.5,0.394670376,4,5,11,2024,124.0,80.0,128.0,124.45283276556245
5,2024-11-02 04:00:00,1403/08/12,125,SO,3,13,57.0,13.1,9.3,131.0,132.5,0.397197489,5,5,11,2024,124.0,90.0,124.0,123.75678459745556
6,2024-11-02 05:00:00,1403/08/12,125,SO,3,13,60.0,13.1,9.3,131.0,132.5,0.41531708,6,5,11,2024,124.0,90.0,127.0,124.02222130629275
7,2024-11-02 06:00:00,1403/08/12,125,SO,3,14,61.0,12.5,9.1,131.0,131.6,0.446937026,7,5,11,2024,124.0,90.0,131.0,124.01974279879767
8,2024-11-02 07:00:00,1403/08/12,125,SO,3,19,48.0,12.5,9.1,131.0,130.0,0.492382259,8,5,11,2024,136.0,132.0,130.0,125.35312639110316
9,2024-11-02 08:00:00,1403/08/12,125,SO,3,22,37.0,12.5,9.1,131.0,127.5,0.557378798,9,5,11,2024,130.0,131.0,127.0,124.03803696493884
10,2024-11-02 09:00:00,1403/08/12,124,SO,3,24,28.0,12.5,9.1,131.0,126.7,0.621344232,10,5,11,2024,128.0,130.0,124.0,123.54140654322465
11,2024-11-02 10:00:00,1403/08/12,126,SO,3,25,21.0,12.5,9.1,131.0,125.9,0.662309576,11,5,11,2024,126.0,129.0,122.0,123.7129174773205
12,2024-11-02 11:00:00,1403/08/12,125,SO,3,28,18.0,12.5,9.1,131.0,125.1,0.682035239,12,5,11,2024,124.0,127.0,120.0,123.17097798525764
13,2024-11-02 12:00:00,1403/08/12,125,SO,3,27,23.0,12.5,9.1,131.0,125.1,0.681806048,13,5,11,2024,122.0,126.0,124.0,123.54624588202864
14,2024-11-02 13:00:00,1403/08/12,123,SO,3,25,28.0,12.5,9.1,131.0,125.1,0.671461215,14,5,11,2024,122.0,125.0,122.0,124.70604131909002
15,2024-11-02 14:00:00,1403/08/12,120,SO,3,24,31.0,13.1,9.2,131.0,125.1,0.687858809,15,5,11,2024,121.0,126.0,122.0,123.75546742971338
16,2024-11-02 15:00:00,1403/08/12,124,SO,3,22,39.0,13.1,9.2,131.0,126.7,0.716543895,16,5,11,2024,122.0,126.0,122.0,124.66808631839731
17,2024-11-02 16:00:00,1403/08/12,127,SO,3,20,51.0,13.1,9.2,131.0,127.5,0.741626902,17,5,11,2024,123.0,128.0,123.0,125.08392840488816
18,2024-11-02 17:00:00,1403/08/12,130,SO,3,19,65.0,13.1,9.2,131.0,127.5,0.766027099,18,5,11,2024,124.0,128.0,125.0,126.45025558803653
19,2024-11-02 18:00:00,1403/08/12,130,SO,3,19,65.0,13.0,9.3,131.0,127.5,0.776754159,19,5,11,2024,125.0,130.0,126.0,126.9779646469077
20,2024-11-02 19:00:00,1403/08/12,130,SO,3,18,57.0,13.0,9.3,131.0,128.4,0.735212943,20,5,11,2024,127.0,130.0,126.0,127.33017892137586
21,2024-11-02 20:00:00,1403/08/12,130,SO,3,17,61.0,13.0,9.3,131.0,128.4,0.669132538,21,5,11,2024,127.0,130.0,127.0,127.16799539465124
22,2024-11-02 21:00:00,1403/08/12,131,SO,3,16,65.0,13.0,9.3,131.0,128.4,0.601752611,22,5,11,2024,128.0,131.0,130.0,126.97557256555528
23,2024-11-02 22:00:00,1403/08/12,132,SO,3,16,70.0,13.0,9.4,131.0,129.2,0.537981825,23,5,11,2024,129.0,132.0,130.0,128.28121393927754
24,2024-11-02 23:00:00,1403/08/13,132,SO,3,15,70.0,13.0,9.3,131.0,129.2,0.484352534,24,5,11,2024,130.0,132.0,131.0,128.32365466031501
1,2024-11-03 00:00:00,1403/08/13,130,SO,3,16,60.0,13.0,9.3,131.0,128.4,0.443269154,1,6,11,2024,132.0,124.0,133.0,126.94258923156042
2,2024-11-03 01:00:00,1403/08/13,130,SO,3,15,61.0,13.0,9.3,131.0,128.4,0.4158459,2,6,11,2024,125.0,124.0,134.0,126.59249462411776
3,2024-11-03 02:00:00,1403/08/13,130,SO,3,15,63.0,13.0,9.3,131.0,128.4,0.398691927,3,6,11,2024,125.0,124.0,55.0,126.44605517342157
4,2024-11-03 03:00:00,1403/08/13,130,SO,3,14,63.0,13.0,9.3,131.0,128.4,0.388945655,4,6,11,2024,125.0,124.0,80.0,126.32982828650442
5,2024-11-03 04:00:00,1403/08/13,131,SO,3,13,70.0,13.0,9.3,131.0,127.5,0.391618002,5,6,11,2024,125.0,124.0,90.0,124.4776515957287
6,2024-11-03 05:00:00,1403/08/13,132,SO,3,13,70.0,13.0,9.3,131.0,127.5,0.409922525,6,6,11,2024,125.0,124.0,90.0,123.93972457932404
7,2024-11-03 06:00:00,1403/08/13,133,SO,3,14,68.0,12.8,9.4,131.0,126.7,0.441441398,7,6,11,2024,125.0,124.0,90.0,123.93724607182895
8,2024-11-03 07:00:00,1403/08/13,132,SO,3,17,64.0,12.8,9.4,131.0,125.1,0.486581729,8,6,11,2024,125.0,136.0,132.0,126.77947840845283
9,2024-11-03 08:00:00,1403/08/13,129,SO,3,21,30.0,12.8,9.4,131.0,123.4,0.550581729,9,6,11,2024,125.0,130.0,131.0,126.5206716552292
10,2024-11-03 09:00:00,1403/08/13,126,SO,3,25,6.0,12.8,9.4,131.0,122.6,0.613509361,10,6,11,2024,124.0,128.0,130.0,126.17375670743318
11,2024-11-03 10:00:00,1403/08/13,124,SO,3,27,3.0,12.5,9.0,131.0,121.8,0.653374181,11,6,11,2024,126.0,126.0,129.0,126.4621238088475
12,2024-11-03 11:00:00,1403/08/13,122,SO,3,29,12.0,12.5,9.0,131.0,121.0,0.67211412,12,6,11,2024,125.0,124.0,127.0,125.47328922479176
13,2024-11-03 12:00:00,1403/08/13,120,SO,3,30,15.0,12.5,9.0,131.0,121.0,0.671583346,13,6,11,2024,125.0,122.0,126.0,124.38186387918415
14,2024-11-03 13:00:00,1403/08/13,120,SO,3,30,16.0,12.5,9.0,131.0,121.8,0.662308363,14,6,11,2024,123.0,122.0,125.0,123.91834680646491
15,2024-11-03 14:00:00,1403/08/13,120,SO,3,30,13.0,12.4,9.0,131.0,121.8,0.679297544,15,6,11,2024,120.0,121.0,126.0,124.29307201466796
16,2024-11-03 15:00:00,1403/08/13,120,SO,3,30,18.0,12.4,9.0,131.0,122.6,0.708289507,16,6,11,2024,124.0,122.0,126.0,124.10648685487983
17,2024-11-03 16:00:00,1403/08/13,121,SO,3,27,25.0,12.4,9.0,131.0,122.6,0.733746874,17,6,11,2024,127.0,123.0,128.0,124.63009291049968
18,2024-11-03 17:00:00,1403/08/13,122,SO,3,25,30.0,12.4,9.0,131.0,123.4,0.758218489,18,6,11,2024,130.0,124.0,128.0,125.86283530113954
19,2024-11-03 18:00:00,1403/08/13,123,SO,3,22,35.0,12.6,9.1,131.0,123.4,0.768013737,19,6,11,2024,130.0,125.0,130.0,124.66743692340091
20,2024-11-03 19:00:00,1403/08/13,124,SO,3,20,40.0,12.6,9.1,131.0,124.3,0.725613619,20,6,11,2024,130.0,127.0,130.0,125.19145201812958
21,2024-11-03 20:00:00,1403/08/13,126,SO,3,19,46.0,12.6,9.1,131.0,124.3,0.659031468,21,6,11,2024,130.0,127.0,130.0,125.7115147826176
22,2024-11-03 21:00:00,1403/08/13,127,SO,3,19,45.0,12.6,9.1,131.0,125.1,0.59177854,22,6,11,2024,131.0,128.0,131.0,125.59647497355132
23,2024-11-03 22:00:00,1403/08/13,128,SO,3,17,48.0,13.1,9.2,131.0,125.1,0.528526635,23,6,11,2024,132.0,129.0,132.0,127.56734053938746
24,2024-11-03 23:00:00,1403/08/14,128,SO,3,17,50.0,13.0,9.3,131.0,125.9,0.475763588,24,6,11,2024,132.0,130.0,132.0,127.45247019756252
1,2024-11-04 00:00:00,1403/08/14,129,SO,3,16,53.0,13.1,9.2,131.0,126.7,0.435498475,1,0,11,2024,130.0,132.0,124.0,124.92861642537915
2,2024-11-04 01:00:00,1403/08/14,129,SO,3,15,56.0,13.1,9.2,131.0,127.5,0.408635406,2,0,11,2024,130.0,125.0,124.0,125.36473404562173
3,2024-11-04 02:00:00,1403/08/14,129,SO,3,15,56.0,12.8,9.3,131.0,127.5,0.392004633,3,0,11,2024,130.0,125.0,124.0,125.34938709803237
4,2024-11-04 03:00:00,1403/08/14,130,SO,3,15,56.0,12.8,9.3,131.0,127.5,0.382710143,4,0,11,2024,130.0,125.0,124.0,125.34399683124158
5,2024-11-04 04:00:00,1403/08/14,131,SO,3,14,59.0,12.8,9.3,131.0,127.5,0.385072409,5,0,11,2024,131.0,125.0,124.0,124.87458983440294
6,2024-11-04 05:00:00,1403/08/14,132,SO,3,14,62.0,12.8,9.3,131.0,127.5,0.402503507,6,0,11,2024,132.0,125.0,124.0,124.35704216394808
7,2024-11-04 06:00:00,1403/08/14,132,SO,3,14,60.0,12.7,9.3,131.0,126.7,0.432858917,7,0,11,2024,133.0,125.0,124.0,124.35401399378023
8,2024-11-04 07:00:00,1403/08/14,131,SO,3,18,58.0,12.7,9.3,131.0,124.3,0.476107807,8,0,11,2024,132.0,125.0,136.0,126.14255312059476
9,2024-11-04 08:00:00,1403/08/14,128,SO,3,22,24.0,12.7,9.3,131.0,122.6,0.536528275,9,0,11,2024,129.0,125.0,130.0,124.70632132944326
10,2024-11-04 09:00:00,1403/08/14,125,SO,3,26,6.0,12.7,9.3,131.0,121.8,0.595698079,10,0,11,2024,126.0,124.0,128.0,124.21822649820143
11,2024-11-04 10:00:00,1403/08/14,123,SO,3,28,7.0,12.5,8.9,131.0,121.8,0.633139193,11,0,11,2024,124.0,126.0,126.0,124.1377954530098
12,2024-11-04 11:00:00,1403/08/14,121,SO,3,31,13.0,12.5,8.9,131.0,121.0,0.650725328,12,0,11,2024,122.0,125.0,124.0,123.23987136095977
13,2024-11-04 12:00:00,1403/08/14,120,SO,3,31,13.0,12.5,8.9,131.0,121.0,0.650759567,13,0,11,2024,120.0,125.0,122.0,123.23987136095977
14,2024-11-04 13:00:00,1403/08/14,120,SO,3,32,7.0,12.5,8.9,131.0,121.0,0.643657155,14,0,11,2024,120.0,123.0,122.0,123.2771061005684
15,2024-11-04 14:00:00,1403/08/14,120,SO,3,31,10.0,12.3,8.8,131.0,121.8,0.662485111,15,0,11,2024,120.0,120.0,121.0,123.13999999999999
16,2024-11-04 15:00:00,1403/08/14,120,SO,3,30,21.0,12.3,8.8,131.0,122.6,0.693523082,16,0,11,2024,120.0,124.0,122.0,123.32953229575753
17,2024-11-04 16:00:00,1403/08/14,121,SO,3,27,30.0,12.3,8.8,131.0,122.6,0.720999093,17,0,11,2024,121.0,127.0,123.0,123.73180978476223
18,2024-11-04 17:00:00,1403/08/14,124,SO,3,23,36.0,12.3,8.8,131.0,123.4,0.747429673,18,0,11,2024,122.0,130.0,124.0,124.40722404450685
19,2024-11-04 18:00:00,1403/08/14,124,SO,3,22,36.0,12.8,9.1,131.0,123.4,0.758485909,19,0,11,2024,123.0,130.0,125.0,125.05097827859068
20,2024-11-04 19:00:00,1403/08/14,126,SO,3,22,40.0,12.8,9.1,131.0,124.3,0.717975907,20,0,11,2024,124.0,130.0,127.0,125.64385761038541
21,2024-11-04 20:00:00,1403/08/14,127,SO,3,22,43.0,12.8,9.1,131.0,124.3,0.652197034,21,0,11,2024,126.0,130.0,127.0,126.0598991542824
22,2024-11-04 21:00:00,1403/08/14,128,SO,3,19,40.0,12.8,9.1,131.0,125.1,0.585586056,22,0,11,2024,127.0,131.0,128.0,125.57499337331934
23,2024-11-04 22:00:00,1403/08/14,128,SO,3,18,58.0,12.9,9.2,131.0,125.1,0.522868726,23,0,11,2024,128.0,132.0,129.0,127.24555996846348
24,2024-11-04 23:00:00,1403/08/15,128,SO,3,17,57.0,13.1,9.2,131.0,125.9,0.470692761,24,0,11,2024,128.0,132.0,130.0,127.19852903824348
1,2024-11-05 00:00:00,1403/08/15,129,SO,3,16,61.0,12.9,9.2,131.0,126.7,0.430983438,1,1,11,2024,129.0,130.0,132.0,126.0770791533201
2,2024-11-05 01:00:00,1403/08/15,129,SO,3,15,60.0,12.9,9.2,131.0,126.7,0.40463175,2,1,11,2024,129.0,130.0,125.0,125.72103013635964
3,2024-11-05 02:00:00,1403/08/15,130,SO,3,15,61.0,13.3,9.3,131.0,126.7,0.388739964,3,1,11,2024,129.0,130.0,125.0,125.70568318877028
4,2024-11-05 03:00:00,1403/08/15,130,SO,3,14,60.0,13.3,9.3,131.0,127.5,0.380338437,4,1,11,2024,130.0,130.0,125.0,125.7002929219795
5,2024-11-05 04:00:00,1403/08/15,130,SO,3,14,67.0,13.3,9.3,131.0,127.5,0.384107708,5,1,11,2024,131.0,131.0,125.0,125.00725814961427
6,2024-11-05 05:00:00,1403/08/15,130,SO,3,13,68.0,13.3,9.3,131.0,127.5,0.402987625,6,1,11,2024,132.0,132.0,125.0,124.91428793171721
7,2024-11-05 06:00:00,1403/08/15,133,SO,3,14,65.0,13.1,9.3,131.0,126.7,0.434847935,7,1,11,2024,132.0,133.0,125.0,124.86835531576307
8,2024-11-05 07:00:00,1403/08/15,131,SO,3,19,54.0,13.1,9.3,131.0,124.3,0.479714149,8,1,11,2024,131.0,132.0,125.0,124.4965096104874
9,2024-11-05 08:00:00,1403/08/15,128,SO,3,22,16.0,13.1,9.3,131.0,122.6,0.541045816,9,1,11,2024,128.0,129.0,125.0,124.2779283027345
10,2024-11-05 09:00:00,1403/08/15,127,SO,3,23,15.0,13.1,9.3,131.0,121.8,0.599420532,10,1,11,2024,125.0,126.0,124.0,123.7111083673574
11,2024-11-05 10:00:00,1403/08/15,126,SO,3,23,15.0,12.0,8.9,131.0,121.8,0.634425633,11,1,11,2024,123.0,124.0,126.0,124.85494367196837
12,2024-11-05 11:00:00,1403/08/15,125,SO,3,25,14.0,12.0,8.9,131.0,121.0,0.650329132,12,1,11,2024,121.0,122.0,125.0,124.38070934824418
13,2024-11-05 12:00:00,1403/08/15,124,SO,3,26,14.0,12.0,8.9,131.0,121.0,0.649720028,13,1,11,2024,120.0,120.0,125.0,124.24123380798058
14,2024-11-05 13:00:00,1403/08/15,123,SO,3,28,18.0,12.0,8.9,131.0,121.0,0.643980699,14,1,11,2024,120.0,120.0,123.0,123.80061578765799
15,2024-11-05 14:00:00,1403/08/15,121,SO,3,29,20.0,12.7,8.9,131.0,121.8,0.663872695,15,1,11,2024,120.0,120.0,120.0,123.97427149665688
16,2024-11-05 15:00:00,1403/08/15,122,SO,3,27,29.0,12.7,8.9,131.0,122.6,0.69616166,16,1,11,2024,120.0,120.0,124.0,124.2353865547089
17,2024-11-05 16:00:00,1403/08/15,122,SO,3,26,29.0,12.7,8.9,131.0,123.4,0.724714549,17,1,11,2024,121.0,121.0,127.0,125.49257760606486
18,2024-11-05 17:00:00,1403/08/15,125,SO,3,25,39.0,12.7,8.9,131.0,124.3,0.751033716,18,1,11,2024,124.0,122.0,130.0,126.10797861524489
19,2024-11-05 18:00:00,1403/08/15,125,SO,3,25,39.0,12.8,9.1,131.0,125.1,0.760602819,19,1,11,2024,124.0,123.0,130.0,126.2049790606196
20,2024-11-05 19:00:00,1403/08/15,126,SO,3,20,44.0,12.8,9.1,131.0,125.9,0.718827727,20,1,11,2024,126.0,124.0,130.0,127.20508541327051
21,2024-11-05 20:00:00,1403/08/15,127,SO,3,19,49.0,12.8,9.1,131.0,125.9,0.652658747,21,1,11,2024,127.0,126.0,130.0,127.20508541327051
22,2024-11-05 21:00:00,1403/08/15,127,SO,3,18,51.0,12.8,9.1,131.0,126.7,0.585532009,22,1,11,2024,128.0,127.0,131.0,127.20508541327051
23,2024-11-05 22:00:00,1403/08/15,127,SO,3,19,49.0,12.4,8.9,131.0,126.7,0.522208018,23,1,11,2024,128.0,128.0,132.0,127.60107718215355
24,2024-11-05 23:00:00,1403/08/16,128,SO,3,18,48.0,12.9,9.2,131.0,126.7,0.469715237,24,1,11,2024,128.0,128.0,132.0,127.45611764273312
1,2024-11-06 00:00:00,1403/08/16,120,SO,3,17,48.0,12.4,8.9,131.0,127.5,0.429513158,1,2,11,2024,129.0,129.0,130.0,126.73372279043284
2,2024-11-06 01:00:00,1403/08/16,120,SO,3,16,49.0,12.4,8.9,131.0,127.5,0.402657375,2,2,11,2024,129.0,129.0,130.0,126.40888768409025
3,2024-11-06 02:00:00,1403/08/16,120,SO,3,15,56.0,12.2,8.8,131.0,127.5,0.386751482,3,2,11,2024,130.0,129.0,130.0,125.97878255723995
4,2024-11-06 03:00:00,1403/08/16,120,SO,3,14,54.0,12.2,8.8,131.0,127.5,0.378093025,4,2,11,2024,130.0,130.0,130.0,124.81546144175658
5,2024-11-06 04:00:00,1403/08/16,120,SO,3,14,57.0,12.2,8.8,131.0,128.4,0.381097268,5,2,11,2024,130.0,131.0,131.0,124.35437544699106
6,2024-11-06 05:00:00,1403/08/16,120,SO,3,13,60.0,12.2,8.8,131.0,128.4,0.398957504,6,2,11,2024,130.0,132.0,132.0,123.82752345800819
7,2024-11-06 06:00:00,1403/08/16,120,SO,3,14,54.0,13.0,9.3,131.0,127.5,0.429591014,7,2,11,2024,133.0,132.0,133.0,123.13999999999999
8,2024-11-06 07:00:00,1403/08/16,120,SO,3,18,53.0,13.0,9.3,131.0,125.1,0.472413386,8,2,11,2024,131.0,131.0,132.0,123.13999999999999
9,2024-11-06 08:00:00,1403/08/16,120,SO,3,23,19.0,13.0,9.3,131.0,123.4,0.531922889,9,2,11,2024,128.0,128.0,129.0,123.13999999999999
10,2024-11-06 09:00:00,1403/08/16,115,SO,3,25,5.0,13.0,9.3,131.0,122.6,0.589027796,10,2,11,2024,127.0,125.0,126.0,123.13999999999999
11,2024-11-06 10:00:00,1403/08/16,112,SO,3,26,8.0,13.0,8.3,131.0,121.8,0.623785092,11,2,11,2024,126.0,123.0,124.0,123.13999999999999
12,2024-11-06 11:00:00,1403/08/16,112,SO,3,28,12.0,13.0,8.3,131.0,121.0,0.639418394,12,2,11,2024,125.0,121.0,122.0,123.13999999999999
13,2024-11-06 12:00:00,1403/08/16,112,SO,3,30,8.0,13.0,8.3,131.0,121.0,0.638545154,13,2,11,2024,124.0,120.0,120.0,123.13999999999999
14,2024-11-06 13:00:00,1403/08/16,112,SO,3,30,10.0,13.0,8.3,131.0,121.0,0.632876018,14,2,11,2024,123.0,120.0,120.0,123.13999999999999
15,2024-11-06 14:00:00,1403/08/16,112,SO,3,31,14.0,11.9,8.4,131.0,121.8,0.653191267,15,2,11,2024,121.0,120.0,120.0,123.13999999999999
16,2024-11-06 15:00:00,1403/08/16,112,SO,3,29,21.0,11.9,8.4,131.0,122.6,0.685362976,16,2,11,2024,122.0,120.0,120.0,123.13999999999999
17,2024-11-06 16:00:00,1403/08/16,112,SO,3,26,29.0,11.9,8.4,131.0,123.4,0.714059234,17,2,11,2024,122.0,121.0,121.0,123.13999999999999
18,2024-11-06 17:00:00,1403/08/16,114,SO,3,26,33.0,11.9,8.4,131.0,124.3,0.740490428,18,2,11,2024,125.0,124.0,122.0,123.13999999999999
19,2024-11-06 18:00:00,1403/08/16,114,SO,3,24,37.0,12.4,8.9,131.0,125.1,0.749857841,19,2,11,2024,125.0,124.0,123.0,123.13999999999999
20,2024-11-06 19:00:00,1403/08/16,117,SO,3,22,41.0,12.4,8.9,131.0,125.9,0.708844692,20,2,11,2024,126.0,126.0,124.0,123.13999999999999
21,2024-11-06 20:00:00,1403/08/16,118,SO,3,21,39.0,12.4,8.9,131.0,125.9,0.644328967,21,2,11,2024,127.0,127.0,126.0,123.13999999999999
22,2024-11-06 21:00:00,1403/08/16,112,SO,3,20,38.0,12.4,8.9,131.0,126.7,0.578972108,22,2,11,2024,127.0,128.0,127.0,123.13999999999999
23,2024-11-06 22:00:00,1403/08/16,111,SO,3,20,38.0,11.6,8.4,131.0,126.7,0.517603776,23,2,11,2024,127.0,128.0,128.0,123.13999999999999
24,2024-11-06 23:00:00,1403/08/17,120,SO,3,19,38.0,12.4,8.9,131.0,126.7,0.466213316,24,2,11,2024,128.0,128.0,128.0,123.13999999999999
1,2024-11-07 00:00:00,1403/08/17,122,SO,3,17,44.0,11.6,8.4,131.0,127.5,0.426734185,1,3,11,2024,120.0,129.0,129.0,123.13999999999999
2,2024-11-07 01:00:00,1403/08/17,119,SO,3,16,47.0,11.6,8.4,131.0,127.5,0.400157067,2,3,11,2024,120.0,129.0,129.0,123.13999999999999
3,2024-11-07 02:00:00,1403/08/17,115,SO,3,15,48.0,8.6,8.4,131.0,127.5,0.384208967,3,3,11,2024,120.0,130.0,129.0,123.13999999999999
4,2024-11-07 03:00:00,1403/08/17,114,SO,3,14,48.0,8.6,8.4,131.0,127.5,0.37462819,4,3,11,2024,120.0,130.0,130.0,123.13999999999999
5,2024-11-07 04:00:00,1403/08/17,116,SO,3,14,50.0,8.6,8.4,131.0,128.4,0.376202349,5,3,11,2024,120.0,130.0,131.0,123.13999999999999
6,2024-11-07 05:00:00,1403/08/17,118,SO,3,14,52.0,8.6,8.4,131.0,128.4,0.39156946,6,3,11,2024,120.0,130.0,132.0,123.13999999999999
7,2024-11-07 06:00:00,1403/08/17,120,SO,3,14,56.0,12.0,8.6,131.0,127.5,0.418855016,7,3,11,2024,120.0,133.0,132.0,123.13999999999999
8,2024-11-07 07:00:00,1403/08/17,114,SO,3,19,49.0,12.0,8.6,131.0,125.1,0.457314057,8,3,11,2024,120.0,131.0,131.0,123.13999999999999
9,2024-11-07 08:00:00,1403/08/17,114,SO,3,22,20.0,12.0,8.6,131.0,123.4,0.511161488,9,3,11,2024,120.0,128.0,128.0,123.13999999999999
10,2024-11-07 09:00:00,1403/08/17,114,SO,3,25,5.0,12.0,8.6,131.0,122.6,0.562973299,10,3,11,2024,115.0,127.0,125.0,123.13999999999999
11,2024-11-07 10:00:00,1403/08/17,114,SO,3,28,12.0,12.7,9.0,131.0,121.8,0.595731491,11,3,11,2024,112.0,126.0,123.0,123.13999999999999
12,2024-11-07 11:00:00,1403/08/17,123,SO,3,29,12.0,12.7,9.0,131.0,121.0,0.611172696,12,3,11,2024,112.0,125.0,121.0,123.13999999999999
13,2024-11-07 12:00:00,1403/08/17,122,SO,3,31,10.0,12.7,9.0,131.0,121.0,0.610698952,13,3,11,2024,112.0,124.0,120.0,123.13999999999999
14,2024-11-07 13:00:00,1403/08/17,122,SO,3,31,7.0,12.7,9.0,131.0,121.0,0.606126318,14,3,11,2024,112.0,123.0,120.0,123.13999999999999
15,2024-11-07 14:00:00,1403/08/17,120,SO,3,30,13.0,12.7,9.0,131.0,121.8,0.62655574,15,3,11,2024,112.0,121.0,120.0,123.13999999999999
16,2024-11-07 15:00:00,1403/08/17,120,SO,3,28,24.0,12.7,9.0,131.0,122.6,0.658338909,16,3,11,2024,112.0,122.0,120.0,123.13999999999999
17,2024-11-07 16:00:00,1403/08/17,122,SO,3,26,30.0,13.0,9.2,131.0,123.4,0.687624924,17,3,11,2024,112.0,122.0,121.0,123.13999999999999
18,2024-11-07 17:00:00,1403/08/17,125,SO,3,23,36.0,13.0,9.2,131.0,124.3,0.715671186,18,3,11,2024,114.0,125.0,124.0,123.13999999999999
19,2024-11-07 18:00:00,1403/08/17,127,SO,3,22,38.0,13.0,9.2,131.0,125.1,0.728736973,19,3,11,2024,114.0,125.0,124.0,123.13999999999999
20,2024-11-07 19:00:00,1403/08/17,127,SO,3,20,43.0,13.0,9.2,131.0,125.9,0.693345131,20,3,11,2024,117.0,126.0,126.0,123.13999999999999
21,2024-11-07 20:00:00,1403/08/17,128,SO,3,19,46.0,13.0,9.2,131.0,125.9,0.633683283,21,3,11,2024,118.0,127.0,127.0,123.13999999999999
22,2024-11-07 21:00:00,1403/08/17,128,SO,3,18,41.0,13.0,9.2,131.0,126.7,0.570739824,22,3,11,2024,112.0,127.0,128.0,123.13999999999999
23,2024-11-07 22:00:00,1403/08/17,129,SO,3,18,43.0,13.0,9.2,131.0,126.7,0.511200321,23,3,11,2024,111.0,127.0,128.0,123.13999999999999
24,2024-11-07 23:00:00,1403/08/18,0,R,3,17,45.0,11.6,8.4,131.0,126.7,0.438964848,24,3,11,2024,120.0,128.0,128.0,123.13999999999999
1,2024-11-08 00:00:00,1403/08/18,0,R,3,16,47.0,13.0,9.2,131.0,127.5,0.402201528,1,4,11,2024,122.0,120.0,129.0,123.13999999999999
2,2024-11-08 01:00:00,1403/08/18,0,R,3,15,50.0,13.0,9.2,131.0,127.5,0.377450092,2,4,11,2024,119.0,120.0,129.0,123.13999999999999
3,2024-11-08 02:00:00,1403/08/18,0,R,3,14,51.0,13.0,9.2,131.0,127.5,0.363206367,3,4,11,2024,115.0,120.0,130.0,123.13999999999999
4,2024-11-08 03:00:00,1403/08/18,0,R,3,14,52.0,13.0,9.2,131.0,127.5,0.354915482,4,4,11,2024,114.0,120.0,130.0,123.13999999999999
5,2024-11-08 04:00:00,1403/08/18,0,R,3,13,53.0,13.0,9.2,131.0,128.4,0.356854641,5,4,11,2024,116.0,120.0,130.0,123.13999999999999
6,2024-11-08 05:00:00,1403/08/18,0,R,3,13,56.0,13.0,9.2,131.0,128.4,0.371505238,6,4,11,2024,118.0,120.0,130.0,123.13999999999999
7,2024-11-08 06:00:00,1403/08/18,0,R,3,13,58.0,13.0,9.2,131.0,127.5,0.397576943,7,4,11,2024,120.0,120.0,133.0,123.13999999999999
8,2024-11-08 07:00:00,1403/08/18,0,R,3,17,57.0,13.0,9.2,131.0,125.1,0.434017758,8,4,11,2024,114.0,120.0,131.0,123.13999999999999
9,2024-11-08 08:00:00,1403/08/18,0,R,3,22,23.0,13.0,9.2,131.0,123.4,0.484577847,9,4,11,2024,114.0,120.0,128.0,123.13999999999999
10,2024-11-08 09:00:00,1403/08/18,0,R,3,24,5.0,13.0,9.2,131.0,122.6,0.533671096,10,4,11,2024,114.0,115.0,127.0,123.13999999999999
11,2024-11-08 10:00:00,1403/08/18,0,R,3,27,8.0,13.0,9.2,131.0,121.8,0.56556981,11,4,11,2024,114.0,112.0,126.0,123.13999999999999
12,2024-11-08 11:00:00,1403/08/18,0,R,3,28,10.0,13.0,9.2,131.0,121.0,0.581095852,12,4,11,2024,123.0,112.0,125.0,123.13999999999999
13,2024-11-08 12:00:00,1403/08/18,0,R,3,30,8.0,13.0,9.2,131.0,121.0,0.581425684,13,4,11,2024,122.0,112.0,124.0,123.13999999999999
14,2024-11-08 13:00:00,1403/08/18,0,R,3,30,8.0,13.0,9.2,131.0,121.0,0.578141511,14,4,11,2024,122.0,112.0,123.0,123.13999999999999
15,2024-11-08 14:00:00,1403/08/18,0,R,3,30,12.0,12.2,8.8,131.0,121.8,0.598622701,15,4,11,2024,120.0,112.0,121.0,123.13999999999999
16,2024-11-08 15:00:00,1403/08/18,0,R,3,29,16.0,12.2,8.8,131.0,122.6,0.629867497,16,4,11,2024,120.0,112.0,122.0,123.13999999999999
17,2024-11-08 16:00:00,1403/08/18,0,R,3,25,29.0,12.2,8.8,131.0,123.4,0.659188587,17,4,11,2024,122.0,112.0,122.0,123.13999999999999
18,2024-11-08 17:00:00,1403/08/18,0,R,3,24,31.0,12.2,8.8,131.0,124.3,0.687275393,18,4,11,2024,125.0,114.0,125.0,123.13999999999999
19,2024-11-08 18:00:00,1403/08/18,0,R,3,22,37.0,12.2,8.8,131.0,125.1,0.7005419,19,4,11,2024,127.0,114.0,125.0,123.13999999999999
20,2024-11-08 19:00:00,1403/08/18,0,R,3,21,39.0,12.2,8.8,131.0,125.9,0.665963857,20,4,11,2024,127.0,117.0,126.0,123.13999999999999
21,2024-11-08 20:00:00,1403/08/18,0,R,3,19,41.0,12.2,8.8,131.0,125.9,0.608351808,21,4,11,2024,128.0,118.0,127.0,123.13999999999999
22,2024-11-08 21:00:00,1403/08/18,0,R,3,18,42.0,12.2,8.8,131.0,126.7,0.547275689,22,4,11,2024,128.0,112.0,127.0,123.13999999999999
23,2024-11-08 22:00:00,1403/08/18,0,R,3,18,48.0,12.2,8.8,131.0,126.7,0.490029947,23,4,11,2024,129.0,111.0,127.0,123.13999999999999
24,2024-11-08 23:00:00,1403/08/19,0,R,3,18,45.0,13.0,9.2,131.0,126.7,0.463533744,24,4,11,2024,0.0,120.0,128.0,123.13999999999999
1,2024-11-09 00:00:00,1403/08/19,0,R,3,15,50.0,12.2,8.8,131.0,128.4,0.424574739,1,5,11,2024,0.0,122.0,120.0,123.13999999999999
2,2024-11-09 01:00:00,1403/08/19,0,R,3,16,48.0,12.2,8.8,131.0,129.2,0.398409451,2,5,11,2024,0.0,119.0,120.0,123.13999999999999
3,2024-11-09 02:00:00,1403/08/19,0,R,3,14,55.0,12.2,8.8,131.0,129.2,0.383587317,3,5,11,2024,0.0,115.0,120.0,123.13999999999999
4,2024-11-09 03:00:00,1403/08/19,0,R,3,13,54.0,12.2,8.8,131.0,129.2,0.375669368,4,5,11,2024,0.0,114.0,120.0,123.13999999999999
5,2024-11-09 04:00:00,1403/08/19,0,R,3,13,60.0,12.2,8.8,131.0,129.2,0.379576377,5,5,11,2024,0.0,116.0,120.0,123.13999999999999
6,2024-11-09 05:00:00,1403/08/19,0,R,3,12,65.0,12.2,8.8,131.0,129.2,0.397534114,6,5,11,2024,0.0,118.0,120.0,123.13999999999999
7,2024-11-09 06:00:00,1403/08/19,90,SO,3,13,54.0,12.2,8.8,131.0,128.4,0.428635512,7,5,11,2024,0.0,120.0,120.0,123.13999999999999
8,2024-11-09 07:00:00,1403/08/19,127,SO,3,17,51.0,12.2,8.8,131.0,125.9,0.471843935,8,5,11,2024,0.0,114.0,120.0,123.13999999999999
9,2024-11-09 08:00:00,1403/08/19,126,SO,3,22,28.0,12.2,8.8,131.0,123.4,0.531228702,9,5,11,2024,0.0,114.0,120.0,123.13999999999999
10,2024-11-09 09:00:00,1403/08/19,120,SO,3,23,6.0,12.2,8.8,131.0,122.6,0.588208761,10,5,11,2024,0.0,114.0,115.0,123.13999999999999
11,2024-11-09 10:00:00,1403/08/19,121,SO,3,26,11.0,13.2,8.9,131.0,121.8,0.624231306,11,5,11,2024,0.0,114.0,112.0,123.13999999999999
12,2024-11-09 11:00:00,1403/08/19,119,SO,3,28,8.0,13.2,8.9,131.0,121.8,0.640598591,12,5,11,2024,0.0,123.0,112.0,123.13999999999999
13,2024-11-09 12:00:00,1403/08/19,118,SO,3,29,10.0,13.2,8.9,131.0,121.8,0.640050791,13,5,11,2024,0.0,122.0,112.0,123.13999999999999
14,2024-11-09 13:00:00,1403/08/19,118,SO,3,30,10.0,13.2,8.9,131.0,121.8,0.635692702,14,5,11,2024,0.0,122.0,112.0,123.13999999999999
15,2024-11-09 14:00:00,1403/08/19,118,SO,3,30,13.0,10.8,7.8,131.0,122.6,0.658556142,15,5,11,2024,0.0,120.0,112.0,123.13999999999999
16,2024-11-09 15:00:00,1403/08/19,118,SO,3,27,20.0,10.8,7.8,131.0,123.4,0.693118689,16,5,11,2024,0.0,120.0,112.0,123.13999999999999
17,2024-11-09 16:00:00,1403/08/19,115,SO,3,25,28.0,10.8,7.8,131.0,125.1,0.723969523,17,5,11,2024,0.0,122.0,112.0,123.13999999999999
18,2024-11-09 17:00:00,1403/08/19,115,SO,3,24,30.0,10.8,7.8,131.0,125.1,0.752388951,18,5,11,2024,0.0,125.0,114.0,123.13999999999999
19,2024-11-09 18:00:00,1403/08/19,115,SO,3,22,32.0,12.7,8.7,131.0,125.9,0.763702383,19,5,11,2024,0.0,127.0,114.0,123.13999999999999
20,2024-11-09 19:00:00,1403/08/19,110,SO,3,21,33.0,12.7,8.7,131.0,125.9,0.72090485,20,5,11,2024,0.0,127.0,117.0,123.13999999999999
21,2024-11-09 20:00:00,1403/08/19,110,SO,3,20,37.0,12.7,8.7,131.0,125.9,0.654403948,21,5,11,2024,0.0,128.0,118.0,123.13999999999999
22,2024-11-09 21:00:00,1403/08/19,110,SO,3,18,35.0,12.7,8.7,131.0,126.7,0.585754567,22,5,11,2024,0.0,128.0,112.0,123.13999999999999
23,2024-11-09 22:00:00,1403/08/19,110,SO,3,18,35.0,12.0,8.7,131.0,126.7,0.522266157,23,5,11,2024,0.0,129.0,111.0,123.13999999999999
24,2024-11-09 23:00:00,1403/08/20,113,SO,3,17,35.0,12.2,8.8,131.0,126.7,0.468716797,24,5,11,2024,0.0,0.0,120.0,123.13999999999999
1,2024-11-10 00:00:00,1403/08/20,113,SO,3,15,42.0,12.0,8.7,131.0,128.4,0.428455995,1,6,11,2024,0.0,0.0,122.0,123.13999999999999
2,2024-11-10 01:00:00,1403/08/20,0,FQ,3,14,47.0,12.0,8.7,131.0,129.2,0.401547638,2,6,11,2024,0.0,0.0,119.0,123.13999999999999
3,2024-11-10 02:00:00,1403/08/20,0,FQ,3,14,48.0,12.0,8.7,131.0,129.2,0.386712207,3,6,11,2024,0.0,0.0,115.0,123.13999999999999
4,2024-11-10 03:00:00,1403/08/20,0,FQ,3,13,51.0,12.0,8.7,131.0,129.2,0.379520525,4,6,11,2024,0.0,0.0,114.0,123.13999999999999
5,2024-11-10 04:00:00,1403/08/20,0,FQ,3,12,54.0,8.7,6.9,131.0,129.2,0.384383092,5,6,11,2024,0.0,0.0,116.0,123.13999999999999
6,2024-11-10 05:00:00,1403/08/20,0,FQ,3,12,54.0,8.7,6.9,131.0,129.2,0.403629609,6,6,11,2024,0.0,0.0,118.0,123.13999999999999
7,2024-11-10 06:00:00,1403/08/20,0,FQ,3,12,54.0,8.7,6.9,131.0,128.4,0.436913254,7,6,11,2024,90.0,0.0,120.0,123.13999999999999
8,2024-11-10 07:00:00,1403/08/20,80,SO,3,19,43.0,8.7,6.9,131.0,125.9,0.482495325,8,6,11,2024,127.0,0.0,114.0,123.13999999999999
9,2024-11-10 08:00:00,1403/08/20,125,SO,3,22,17.0,8.7,6.9,131.0,123.4,0.544504144,9,6,11,2024,126.0,0.0,114.0,123.13999999999999
10,2024-11-10 09:00:00,1403/08/20,124,SO,3,24,5.0,8.7,6.9,131.0,122.6,0.603794024,10,6,11,2024,120.0,0.0,114.0,123.13999999999999
11,2024-11-10 10:00:00,1403/08/20,121,SO,3,29,4.0,12.7,8.9,131.0,121.8,0.641191103,11,6,11,2024,121.0,0.0,114.0,123.13999999999999
12,2024-11-10 11:00:00,1403/08/20,118,LF1,3,30,7.0,12.7,8.9,131.0,121.8,0.657468368,12,6,11,2024,119.0,0.0,123.0,123.13999999999999
13,2024-11-10 12:00:00,1403/08/20,118,LF1,3,30,7.0,12.7,8.9,131.0,121.8,0.65686385,13,6,11,2024,118.0,0.0,122.0,123.13999999999999
14,2024-11-10 13:00:00,1403/08/20,118,LF1,3,31,7.0,12.7,8.9,131.0,121.8,0.652080994,14,6,11,2024,118.0,0.0,122.0,123.13999999999999
15,2024-11-10 14:00:00,1403/08/20,118,LF1,3,30,11.0,12.7,8.9,131.0,122.6,0.6765346,15,6,11,2024,118.0,0.0,120.0,123.13999999999999
16,2024-11-10 15:00:00,1403/08/20,118,LF1,3,28,18.0,12.7,8.9,131.0,123.4,0.712500234,16,6,11,2024,118.0,0.0,120.0,123.13999999999999
17,2024-11-10 16:00:00,1403/08/20,120,LF1,3,26,24.0,12.7,8.9,131.0,125.1,0.744004127,17,6,11,2024,115.0,0.0,122.0,123.13999999999999
18,2024-11-10 17:00:00,1403/08/20,120,SO,3,28,23.0,12.7,8.9,131.0,125.1,0.77241439,18,6,11,2024,115.0,0.0,125.0,123.13999999999999
19,2024-11-10 18:00:00,1403/08/20,120,SO,3,22,25.0,13.0,9.1,131.0,125.9,0.782139081,19,6,11,2024,115.0,0.0,127.0,123.13999999999999
20,2024-11-10 19:00:00,1403/08/20,121,SO,3,21,28.0,13.0,9.1,131.0,125.9,0.735769955,20,6,11,2024,110.0,0.0,127.0,123.13999999999999
21,2024-11-10 20:00:00,1403/08/20,122,SO,3,21,32.0,13.0,9.1,131.0,125.9,0.665284154,21,6,11,2024,110.0,0.0,128.0,123.13999999999999
22,2024-11-10 21:00:00,1403/08/20,123,SO,3,19,33.0,13.0,9.1,131.0,126.7,0.592712353,22,6,11,2024,110.0,0.0,128.0,123.13999999999999
23,2024-11-10 22:00:00,1403/08/20,124,SO,3,17,35.0,13.3,9.2,131.0,126.7,0.526096383,23,6,11,2024,110.0,0.0,129.0,123.13999999999999
24,2024-11-10 23:00:00,1403/08/22,125,SO,3,16,35.0,12.0,8.7,131.0,126.7,0.473162226,24,6,11,2024,113.0,0.0,0.0,123.13999999999999
1,2024-11-12 00:00:00,1403/08/22,70,SO,3,15,55.0,7.9,6.3,131.0,128.4,0.430756981,1,1,11,2024,113.0,0.0,0.0,123.13999999999999
2,2024-11-12 01:00:00,1403/08/22,70,SO,3,14,59.0,7.9,6.3,131.0,129.2,0.40276937,2,1,11,2024,0.0,0.0,0.0,123.13999999999999
3,2024-11-12 02:00:00,1403/08/22,70,SO,3,14,59.0,7.9,6.3,131.0,129.2,0.387906375,3,1,11,2024,0.0,0.0,0.0,123.13999999999999
4,2024-11-12 03:00:00,1403/08/22,70,SO,3,12,65.0,7.9,6.3,131.0,129.2,0.382467346,4,1,11,2024,0.0,0.0,0.0,123.13999999999999
5,2024-11-12 04:00:00,1403/08/22,70,SO,3,12,63.0,7.9,6.3,131.0,129.2,0.390212065,5,1,11,2024,0.0,0.0,0.0,123.13999999999999
6,2024-11-12 05:00:00,1403/08/22,70,SO,3,11,61.0,7.9,6.3,131.0,129.2,0.413819083,6,1,11,2024,0.0,0.0,0.0,123.13999999999999
7,2024-11-12 06:00:00,1403/08/22,70,SO,3,12,61.0,13.2,9.3,131.0,128.4,0.452954916,7,1,11,2024,0.0,90.0,0.0,123.13999999999999
8,2024-11-12 07:00:00,1403/08/22,130,SO,3,16,55.0,13.2,9.3,131.0,125.9,0.506081983,8,1,11,2024,80.0,127.0,0.0,123.13999999999999
9,2024-11-12 08:00:00,1403/08/22,127,SO,3,21,14.0,13.2,9.3,131.0,123.4,0.575756211,9,1,11,2024,125.0,126.0,0.0,123.13999999999999
10,2024-11-12 09:00:00,1403/08/22,123,SO,3,25,5.0,13.2,9.3,131.0,122.6,0.641637734,10,1,11,2024,124.0,120.0,0.0,123.13999999999999
11,2024-11-12 10:00:00,1403/08/22,121,SO,3,27,5.0,12.7,9.0,131.0,121.8,0.679945388,11,1,11,2024,121.0,121.0,0.0,123.13999999999999
12,2024-11-12 11:00:00,1403/08/22,119,SO,3,28,5.0,12.7,9.0,131.0,121.8,0.694008542,12,1,11,2024,118.0,119.0,0.0,123.13999999999999
13,2024-11-12 12:00:00,1403/08/22,119,SO,3,29,5.0,12.7,9.0,131.0,121.8,0.690584271,13,1,11,2024,118.0,118.0,0.0,123.13999999999999
14,2024-11-12 13:00:00,1403/08/22,118,SO,3,29,7.0,12.7,9.0,131.0,121.8,0.684488287,14,1,11,2024,118.0,118.0,0.0,123.13999999999999
15,2024-11-12 14:00:00,1403/08/22,119,SO,3,29,7.0,12.9,9.0,131.0,122.6,0.709635713,15,1,11,2024,118.0,118.0,0.0,123.13999999999999
16,2024-11-12 15:00:00,1403/08/22,119,SO,3,27,20.0,12.9,9.0,131.0,123.4,0.74649717,16,1,11,2024,118.0,118.0,0.0,123.13999999999999
17,2024-11-12 16:00:00,1403/08/22,121,SO,3,24,35.0,12.9,9.0,131.0,125.1,0.778187062,17,1,11,2024,120.0,115.0,0.0,123.13999999999999
18,2024-11-12 17:00:00,1403/08/22,121,SO,3,24,36.0,12.9,9.0,131.0,125.1,0.804423871,18,1,11,2024,120.0,115.0,0.0,123.13999999999999
19,2024-11-12 18:00:00,1403/08/22,122,SO,3,21,42.0,13.0,9.1,131.0,125.9,0.809274653,19,1,11,2024,120.0,115.0,0.0,123.13999999999999
20,2024-11-12 19:00:00,1403/08/22,124,SO,3,21,44.0,13.0,9.1,131.0,125.9,0.754352888,20,1,11,2024,121.0,110.0,0.0,123.13999999999999
21,2024-11-12 20:00:00,1403/08/22,124,SO,3,20,47.0,13.0,9.1,131.0,125.9,0.678850886,21,1,11,2024,122.0,110.0,0.0,123.13999999999999
22,2024-11-12 21:00:00,1403/08/22,126,SO,3,17,55.0,13.0,9.1,131.0,126.7,0.601462984,22,1,11,2024,123.0,110.0,0.0,123.13999999999999
23,2024-11-12 22:00:00,1403/08/22,126,SO,3,18,52.0,13.0,9.1,131.0,126.7,0.531402454,23,1,11,2024,124.0,110.0,0.0,123.13999999999999
24,2024-11-12 23:00:00,1403/08/23,126,SO,3,18,21.0,7.9,6.3,131.0,126.7,0.473316365,24,1,11,2024,125.0,113.0,0.0,123.13999999999999
1,2024-11-13 00:00:00,1403/08/23,126,SO,3,16,48.0,13.0,9.1,131.0,128.4,0.430406157,1,2,11,2024,70.0,113.0,0.0,123.13999999999999
2,2024-11-13 01:00:00,1403/08/23,127,SO,3,14,50.0,13.0,9.1,131.0,129.2,0.40178699,2,2,11,2024,70.0,0.0,0.0,123.13999999999999
3,2024-11-13 02:00:00,1403/08/23,129,SO,3,13,51.0,13.4,9.3,131.0,129.2,0.386679663,3,2,11,2024,70.0,0.0,0.0,123.13999999999999
4,2024-11-13 03:00:00,1403/08/23,129,SO,3,13,55.0,13.4,9.3,131.0,129.2,0.380873788,4,2,11,2024,70.0,0.0,0.0,123.13999999999999
5,2024-11-13 04:00:00,1403/08/23,130,SO,3,12,58.0,13.4,9.3,131.0,129.2,0.38826284,5,2,11,2024,70.0,0.0,0.0,123.13999999999999
6,2024-11-13 05:00:00,1403/08/23,130,SO,3,12,61.0,13.4,9.3,131.0,129.2,0.411245272,6,2,11,2024,70.0,0.0,0.0,123.13999999999999
7,2024-11-13 06:00:00,1403/08/23,130,SO,3,12,62.0,13.5,9.3,131.0,128.4,0.449429104,7,2,11,2024,70.0,0.0,90.0,123.13999999999999
8,2024-11-13 07:00:00,1403/08/23,129,SO,3,16,55.0,13.5,9.3,131.0,125.9,0.501264149,8,2,11,2024,130.0,80.0,127.0,123.13999999999999
9,2024-11-13 08:00:00,1403/08/23,127,SO,3,19,37.0,13.5,9.3,131.0,123.4,0.569823734,9,2,11,2024,127.0,125.0,126.0,123.13999999999999
10,2024-11-13 09:00:00,1403/08/23,125,SO,3,23,21.0,13.5,9.3,131.0,122.6,0.634270438,10,2,11,2024,123.0,124.0,120.0,123.13999999999999
11,2024-11-13 10:00:00,1403/08/23,123,SO,3,25,6.0,13.5,8.3,131.0,121.8,0.67110592,11,2,11,2024,121.0,121.0,121.0,123.13999999999999
12,2024-11-13 11:00:00,1403/08/23,122,SO,3,27,8.0,13.5,8.3,131.0,121.8,0.683613719,12,2,11,2024,119.0,118.0,119.0,123.13999999999999
13,2024-11-13 12:00:00,1403/08/23,120,SO,3,28,11.0,13.5,8.3,131.0,121.8,0.678603994,13,2,11,2024,119.0,118.0,118.0,123.13999999999999
14,2024-11-13 13:00:00,1403/08/23,120,SO,3,28,13.0,13.5,8.3,131.0,121.8,0.671111289,14,2,11,2024,118.0,118.0,118.0,123.13999999999999
15,2024-11-13 14:00:00,1403/08/23,120,SO,3,27,16.0,13.0,9.0,131.0,122.6,0.694543245,15,2,11,2024,119.0,118.0,118.0,123.13999999999999
16,2024-11-13 15:00:00,1403/08/23,120,SO,3,26,20.0,13.0,9.0,131.0,123.4,0.729302211,16,2,11,2024,119.0,118.0,118.0,123.13999999999999
17,2024-11-13 16:00:00,1403/08/23,122,SO,3,25,27.0,13.0,9.0,131.0,125.1,0.758794514,17,2,11,2024,121.0,120.0,115.0,123.13999999999999
18,2024-11-13 17:00:00,1403/08/23,124,SO,3,23,38.0,13.0,9.0,131.0,125.1,0.783239149,18,2,11,2024,121.0,120.0,115.0,123.28195838275298
19,2024-11-13 18:00:00,1403/08/23,124,SO,3,22,36.0,3.2,9.1,131.0,125.9,0.786696271,19,2,11,2024,122.0,120.0,115.0,123.96002176711407
20,2024-11-13 19:00:00,1403/08/23,124,SO,3,19,38.0,3.2,9.1,131.0,125.9,0.733420654,20,2,11,2024,124.0,121.0,110.0,124.13101772206296
21,2024-11-13 20:00:00,1403/08/23,124,SO,3,18,41.0,3.2,9.1,131.0,125.9,0.661264297,21,2,11,2024,124.0,122.0,110.0,124.20179155845621
22,2024-11-13 21:00:00,1403/08/23,126,SO,3,16,45.0,3.2,9.1,131.0,126.7,0.58745712,22,2,11,2024,126.0,123.0,110.0,124.68126803780747
23,2024-11-13 22:00:00,1403/08/23,127,SO,3,15,51.0,12.0,8.3,131.0,126.7,0.520242226,23,2,11,2024,126.0,124.0,110.0,125.6581100745849
24,2024-11-13 23:00:00,1403/08/24,127,SO,3,15,52.0,13.0,9.1,131.0,126.7,0.464013817,24,2,11,2024,126.0,125.0,113.0,125.71849456275885
1,2024-11-14 00:00:00,1403/08/24,132,SO,3,13,52.0,12.0,8.3,131.0,130.0,0.422319695,1,3,11,2024,126.0,70.0,113.0,123.13999999999999
2,2024-11-14 01:00:00,1403/08/24,133,SO,3,13,57.0,12.0,8.3,131.0,130.0,0.394587594,2,3,11,2024,127.0,70.0,0.0,123.13999999999999
3,2024-11-14 02:00:00,1403/08/24,133,SO,3,12,58.0,13.0,9.4,131.0,130.8,0.379811924,3,3,11,2024,129.0,70.0,0.0,123.13999999999999
4,2024-11-14 03:00:00,1403/08/24,134,SO,3,11,61.0,13.0,9.4,131.0,130.8,0.373641813,4,3,11,2024,129.0,70.0,0.0,123.13999999999999
5,2024-11-14 04:00:00,1403/08/24,134,SO,3,12,63.0,13.0,9.4,131.0,130.8,0.37942575,5,3,11,2024,130.0,70.0,0.0,123.13999999999999
6,2024-11-14 05:00:00,1403/08/24,135,SO,3,11,65.0,13.0,9.4,131.0,130.8,0.399566814,6,3,11,2024,130.0,70.0,0.0,123.13999999999999
7,2024-11-14 06:00:00,1403/08/24,135,SO,3,11,59.0,13.1,9.4,131.0,130.8,0.433022617,7,3,11,2024,130.0,70.0,0.0,123.13999999999999
8,2024-11-14 07:00:00,1403/08/24,134,SO,3,16,55.0,13.1,9.4,131.0,128.4,0.478194259,8,3,11,2024,129.0,130.0,80.0,123.13999999999999
9,2024-11-14 08:00:00,1403/08/24,132,SO,3,19,26.0,13.1,9.4,131.0,126.7,0.537573844,9,3,11,2024,127.0,127.0,125.0,123.51845239209447
10,2024-11-14 09:00:00,1403/08/24,129,SO,3,21,8.0,13.1,9.4,131.0,125.9,0.594228325,10,3,11,2024,125.0,123.0,124.0,123.13999999999999
11,2024-11-14 10:00:00,1403/08/24,127,SO,3,23,6.0,13.1,9.4,131.0,125.1,0.627720781,11,3,11,2024,123.0,121.0,121.0,123.46532736822084
12,2024-11-14 11:00:00,1403/08/24,126,SO,3,25,12.0,13.1,9.4,131.0,125.1,0.639510339,12,3,11,2024,122.0,119.0,118.0,123.27986208092179
13,2024-11-14 12:00:00,1403/08/24,127,SO,3,26,14.0,13.0,9.2,131.0,125.1,0.635560503,13,3,11,2024,120.0,119.0,118.0,123.44361256195123
14,2024-11-14 13:00:00,1403/08/24,127,SO,3,25,15.0,13.0,9.2,131.0,125.9,0.629433234,14,3,11,2024,120.0,118.0,118.0,123.48248314426431
15,2024-11-14 14:00:00,1403/08/24,126,SO,3,25,17.0,13.0,9.2,131.0,125.9,0.650848813,15,3,11,2024,120.0,119.0,118.0,124.41435228027638
16,2024-11-14 15:00:00,1403/08/24,127,SO,3,23,27.0,13.0,9.2,131.0,127.5,0.682931207,16,3,11,2024,120.0,119.0,118.0,124.88986739773769
17,2024-11-14 16:00:00,1403/08/24,128,SO,3,21,30.0,13.0,9.2,131.0,129.2,0.712340667,17,3,11,2024,122.0,121.0,120.0,125.36640471049137
18,2024-11-14 17:00:00,1403/08/24,130,SO,3,18,32.0,13.0,9.2,131.0,130.0,0.73775474,18,3,11,2024,124.0,121.0,120.0,126.1431060883404
19,2024-11-14 18:00:00,1403/08/24,131,SO,3,17,32.0,13.0,9.4,131.0,130.0,0.744334897,19,3,11,2024,124.0,122.0,120.0,126.68213164349181
20,2024-11-14 19:00:00,1403/08/24,132,SO,3,16,35.0,13.0,9.4,131.0,130.0,0.699519032,20,3,11,2024,124.0,124.0,121.0,127.61905965101253
21,2024-11-14 20:00:00,1403/08/24,133,SO,3,15,39.0,13.0,9.4,131.0,130.0,0.635640385,21,3,11,2024,124.0,124.0,122.0,127.93854346150515
22,2024-11-14 21:00:00,1403/08/24,134,SO,3,15,45.0,13.0,9.4,131.0,130.0,0.567918848,22,3,11,2024,126.0,126.0,123.0,128.354585005402
23,2024-11-14 22:00:00,1403/08/24,134,SO,3,14,45.0,13.0,9.4,131.0,130.8,0.505266288,23,3,11,2024,127.0,126.0,124.0,128.75583639429092
24,2024-11-14 23:00:00,1403/08/25,134,SO,3,13,49.0,12.0,8.3,131.0,130.8,0.430720224,24,3,11,2024,127.0,126.0,125.0,129.88784022655054
1,2024-11-15 00:00:00,1403/08/25,136,SO,3,12,55.0,13.5,9.5,131.0,130.0,0.39250462,1,4,11,2024,132.0,126.0,70.0,131.83046081653748
2,2024-11-15 01:00:00,1403/08/25,136,SO,3,11,55.0,13.5,9.5,131.0,130.0,0.367026491,2,4,11,2024,133.0,127.0,70.0,131.5443848932188
3,2024-11-15 02:00:00,1403/08/25,136,SO,3,9,55.0,13.5,9.5,131.0,130.8,0.353605348,3,4,11,2024,133.0,129.0,70.0,131.71454425683297
4,2024-11-15 03:00:00,1403/08/25,135,SO,3,8,61.0,13.5,9.5,131.0,130.8,0.348242458,4,4,11,2024,134.0,129.0,70.0,131.67777290274796
5,2024-11-15 04:00:00,1403/08/25,133,SO,3,8,60.0,13.5,9.5,131.0,130.8,0.353771707,5,4,11,2024,134.0,130.0,70.0,131.12451611751777
6,2024-11-15 05:00:00,1403/08/25,114,SO,3,7,59.0,13.5,9.5,131.0,130.8,0.372396207,6,4,11,2024,135.0,130.0,70.0,123.13999999999999
7,2024-11-15 06:00:00,1403/08/25,114,SO,3,7,58.0,12.3,8.8,131.0,130.8,0.402826565,7,4,11,2024,135.0,130.0,70.0,123.13999999999999
8,2024-11-15 07:00:00,1403/08/25,115,SO,3,12,34.0,12.3,8.8,131.0,128.4,0.443699904,8,4,11,2024,134.0,129.0,130.0,124.09671899137352
9,2024-11-15 08:00:00,1403/08/25,115,SO,3,15,23.0,12.3,8.8,131.0,126.7,0.496519531,9,4,11,2024,132.0,127.0,127.0,123.6412524474457
10,2024-11-15 09:00:00,1403/08/25,115,SO,3,20,15.0,12.3,8.8,131.0,125.9,0.546295328,10,4,11,2024,129.0,125.0,123.0,123.13999999999999
11,2024-11-15 10:00:00,1403/08/25,115,SO,3,21,14.0,12.0,8.5,131.0,125.1,0.576367221,11,4,11,2024,127.0,123.0,121.0,123.13999999999999
12,2024-11-15 11:00:00,1403/08/25,110,SO,3,23,13.0,12.0,8.5,131.0,125.1,0.587692695,12,4,11,2024,126.0,122.0,119.0,123.13999999999999
13,2024-11-15 12:00:00,1403/08/25,90,SO,3,24,11.0,12.0,8.5,131.0,125.1,0.585066325,13,4,11,2024,127.0,120.0,119.0,123.13999999999999
14,2024-11-15 13:00:00,1403/08/25,90,SO,3,24,9.0,12.0,8.5,131.0,125.9,0.580136643,14,4,11,2024,127.0,120.0,118.0,123.13999999999999
15,2024-11-15 14:00:00,1403/08/25,90,SO,3,25,12.0,10.0,7.4,131.0,125.9,0.600324464,15,4,11,2024,126.0,120.0,119.0,123.13999999999999
16,2024-11-15 15:00:00,1403/08/25,90,SO,3,23,17.0,10.0,7.4,131.0,127.5,0.630149165,16,4,11,2024,127.0,120.0,119.0,123.13999999999999
17,2024-11-15 16:00:00,1403/08/25,90,SO,3,20,31.0,10.0,7.4,131.0,129.2,0.658025338,17,4,11,2024,128.0,122.0,121.0,123.13999999999999
18,2024-11-15 17:00:00,1403/08/25,90,SO,3,18,35.0,10.0,7.4,131.0,130.0,0.68270269,18,4,11,2024,130.0,124.0,121.0,123.13999999999999
19,2024-11-15 18:00:00,1403/08/25,70,LG3,3,17,40.0,7.6,6.2,131.0,130.0,0.690911876,19,4,11,2024,131.0,124.0,122.0,123.13999999999999
20,2024-11-15 19:00:00,1403/08/25,70,LG3,3,15,44.0,7.6,6.2,131.0,130.0,0.651098983,20,4,11,2024,132.0,124.0,124.0,123.13999999999999
21,2024-11-15 20:00:00,1403/08/25,75,LG3,3,14,47.0,7.6,6.2,131.0,130.0,0.593098371,21,4,11,2024,133.0,124.0,124.0,123.13999999999999
22,2024-11-15 21:00:00,1403/08/25,120,LG3,3,14,50.0,7.6,6.2,131.0,130.0,0.530920905,22,4,11,2024,134.0,126.0,126.0,123.13999999999999
23,2024-11-15 22:00:00,1403/08/25,120,LG3,3,12,54.0,12.2,8.7,131.0,130.8,0.472742249,23,4,11,2024,134.0,127.0,126.0,123.13999999999999
24,2024-11-15 23:00:00,1403/08/26,120,LG3,3,10,62.0,13.5,9.5,131.0,130.8,0.444627807,24,4,11,2024,134.0,127.0,126.0,123.13999999999999
1,2024-11-16 00:00:00,1403/08/26,120,LG3,3,9,63.0,12.2,8.7,131.0,130.0,0.405458536,1,5,11,2024,136.0,132.0,126.0,123.13999999999999
2,2024-11-16 01:00:00,1403/08/26,120,LG3,3,9,61.0,12.2,8.7,131.0,130.0,0.379399354,2,5,11,2024,136.0,133.0,127.0,123.13999999999999
3,2024-11-16 02:00:00,1403/08/26,120,LG3,3,8,62.0,12.8,9.0,131.0,130.8,0.365685472,3,5,11,2024,136.0,133.0,129.0,123.13999999999999
4,2024-11-16 03:00:00,1403/08/26,124,LG3,3,7,63.0,12.8,9.0,131.0,130.8,0.360652594,4,5,11,2024,135.0,134.0,129.0,123.13999999999999
5,2024-11-16 04:00:00,1403/08/26,124,LG3,3,6,68.0,12.8,9.0,131.0,130.8,0.366675294,5,5,11,2024,133.0,134.0,130.0,123.13999999999999
6,2024-11-16 05:00:00,1403/08/26,124,LG3,3,6,67.0,12.8,9.0,131.0,130.8,0.386394634,6,5,11,2024,114.0,135.0,130.0,123.13999999999999
7,2024-11-16 06:00:00,1403/08/26,124,LG3,3,6,64.0,12.7,9.2,131.0,130.8,0.418417898,7,5,11,2024,114.0,135.0,130.0,123.13999999999999
8,2024-11-16 07:00:00,1403/08/26,124,LG3,3,11,56.0,12.7,9.2,131.0,128.4,0.461994809,8,5,11,2024,115.0,134.0,129.0,123.13999999999999
9,2024-11-16 08:00:00,1403/08/26,124,LG3,3,15,12.0,12.7,9.2,131.0,126.7,0.518312962,9,5,11,2024,115.0,132.0,127.0,123.13999999999999
10,2024-11-16 09:00:00,1403/08/26,110,LG3,3,18,4.0,12.7,9.2,131.0,125.9,0.571340461,10,5,11,2024,115.0,129.0,125.0,123.13999999999999
11,2024-11-16 10:00:00,1403/08/26,90,LG3,3,22,4.0,12.9,9.2,131.0,125.1,0.602383719,11,5,11,2024,115.0,127.0,123.0,123.13999999999999
12,2024-11-16 11:00:00,1403/08/26,118,LF1,3,22,8.0,12.9,9.2,131.0,125.1,0.61316128,12,5,11,2024,110.0,126.0,122.0,123.13999999999999
13,2024-11-16 12:00:00,1403/08/26,116,LF1,3,24,5.0,12.9,9.2,131.0,125.1,0.609531276,13,5,11,2024,90.0,127.0,120.0,123.13999999999999
14,2024-11-16 13:00:00,1403/08/26,116,LF1,3,25,5.0,12.9,9.2,131.0,125.9,0.604305889,14,5,11,2024,90.0,127.0,120.0,123.13999999999999
15,2024-11-16 14:00:00,1403/08/26,116,LF1,3,24,10.0,12.1,8.7,131.0,125.9,0.626596946,15,5,11,2024,90.0,126.0,120.0,123.13999999999999
16,2024-11-16 15:00:00,1403/08/26,116,LF1,3,23,16.0,12.1,8.7,131.0,127.5,0.658740485,16,5,11,2024,90.0,127.0,120.0,123.13999999999999
17,2024-11-16 16:00:00,1403/08/26,116,LF1,3,20,26.0,12.1,8.7,131.0,129.2,0.689273253,17,5,11,2024,90.0,128.0,122.0,123.13999999999999
18,2024-11-16 17:00:00,1403/08/26,130,SO,3,18,29.0,12.1,8.7,131.0,130.0,0.715914285,18,5,11,2024,90.0,130.0,124.0,123.13999999999999
19,2024-11-16 18:00:00,1403/08/26,131,SO,3,17,29.0,11.4,8.4,131.0,130.0,0.723468508,19,5,11,2024,70.0,131.0,124.0,123.13999999999999
20,2024-11-16 19:00:00,1403/08/26,115,SO,3,15,29.0,11.4,8.4,131.0,130.0,0.679647695,20,5,11,2024,70.0,132.0,124.0,123.13999999999999
21,2024-11-16 20:00:00,1403/08/26,115,SO,3,14,30.0,11.4,8.4,131.0,130.0,0.617504919,21,5,11,2024,75.0,133.0,124.0,123.13999999999999
22,2024-11-16 21:00:00,1403/08/26,115,SO,3,12,24.0,11.4,8.4,131.0,130.0,0.551607021,22,5,11,2024,120.0,134.0,126.0,123.13999999999999
23,2024-11-16 22:00:00,1403/08/26,115,SO,3,11,30.0,7.9,6.4,131.0,130.8,0.490192419,23,5,11,2024,120.0,134.0,127.0,123.13999999999999
24,2024-11-16 23:00:00,1403/08/27,80,SO,3,10,40.0,12.2,8.7,131.0,130.8,0.43901662,24,5,11,2024,120.0,134.0,127.0,123.13999999999999
1,2024-11-17 00:00:00,1403/08/27,70,SO,3,10,40.0,7.9,6.4,131.0,130.0,0.400472293,1,6,11,2024,120.0,136.0,132.0,123.13999999999999
2,2024-11-17 01:00:00,1403/08/27,70,SO,3,10,41.0,7.9,6.4,131.0,130.0,0.37475385,2,6,11,2024,120.0,136.0,133.0,123.13999999999999
3,2024-11-17 02:00:00,1403/08/27,70,SO,3,9,44.0,7.6,6.2,131.0,130.8,0.361568681,3,6,11,2024,120.0,136.0,133.0,123.13999999999999
4,2024-11-17 03:00:00,1403/08/27,70,SO,3,9,47.0,7.6,6.2,131.0,130.8,0.357419107,4,6,11,2024,124.0,135.0,134.0,123.13999999999999
5,2024-11-17 04:00:00,1403/08/27,70,SO,3,8,49.0,7.6,6.2,131.0,130.8,0.364198404,5,6,11,2024,124.0,133.0,134.0,123.13999999999999
6,2024-11-17 05:00:00,1403/08/27,70,SO,3,8,50.0,7.6,6.2,131.0,130.8,0.384674232,6,6,11,2024,124.0,114.0,135.0,123.13999999999999
7,2024-11-17 06:00:00,1403/08/27,70,SO,3,8,42.0,7.5,6.2,131.0,130.8,0.41739962,7,6,11,2024,124.0,114.0,135.0,123.13999999999999
8,2024-11-17 07:00:00,1403/08/27,70,SO,3,11,40.0,7.5,6.2,131.0,128.4,0.461264867,8,6,11,2024,124.0,115.0,134.0,123.13999999999999
9,2024-11-17 08:00:00,1403/08/27,70,SO,3,19,6.0,7.5,6.2,131.0,126.7,0.517515195,9,6,11,2024,124.0,115.0,132.0,123.13999999999999
10,2024-11-17 09:00:00,1403/08/27,70,SO,3,21,4.0,7.5,6.2,131.0,125.9,0.569899535,10,6,11,2024,110.0,115.0,129.0,123.13999999999999
11,2024-11-17 10:00:00,1403/08/27,70,LG3,3,24,4.0,7.5,6.2,131.0,125.1,0.600040596,11,6,11,2024,90.0,115.0,127.0,123.13999999999999
12,2024-11-17 11:00:00,1403/08/27,70,LG3,3,26,7.0,7.5,6.2,131.0,125.1,0.611179766,12,6,11,2024,118.0,110.0,126.0,123.13999999999999
13,2024-11-17 12:00:00,1403/08/27,70,LG3,3,25,6.0,7.5,6.2,131.0,125.1,0.608750785,13,6,11,2024,116.0,90.0,127.0,123.13999999999999
14,2024-11-17 13:00:00,1403/08/27,70,LG3,3,26,9.0,7.5,6.2,131.0,125.9,0.604775155,14,6,11,2024,116.0,90.0,127.0,123.13999999999999
15,2024-11-17 14:00:00,1403/08/27,70,LG3,3,24,15.0,7.5,6.2,131.0,125.9,0.627814448,15,6,11,2024,116.0,90.0,126.0,123.13999999999999
16,2024-11-17 15:00:00,1403/08/27,70,LG3,3,22,20.0,7.5,6.2,131.0,127.5,0.660279588,16,6,11,2024,116.0,90.0,127.0,123.13999999999999
17,2024-11-17 16:00:00,1403/08/27,125,LG3,3,21,26.0,7.5,6.2,131.0,129.2,0.690394265,17,6,11,2024,116.0,90.0,128.0,123.13999999999999
18,2024-11-17 17:00:00,1403/08/27,127,SO,3,19,28.0,7.5,6.2,131.0,130.0,0.716192527,18,6,11,2024,130.0,90.0,130.0,123.13999999999999
19,2024-11-17 18:00:00,1403/08/27,127,SO,3,19,35.0,13.0,9.3,131.0,130.0,0.722647603,19,6,11,2024,131.0,70.0,131.0,123.13999999999999
20,2024-11-17 19:00:00,1403/08/27,129,SO,3,17,33.0,13.0,9.3,131.0,130.0,0.67765237,20,6,11,2024,115.0,70.0,132.0,123.13999999999999
21,2024-11-17 20:00:00,1403/08/27,130,SO,3,16,36.0,13.0,9.3,131.0,130.0,0.614224995,21,6,11,2024,115.0,75.0,133.0,123.13999999999999
22,2024-11-17 21:00:00,1403/08/27,130,SO,3,15,34.0,13.0,9.3,131.0,130.0,0.548036241,22,6,11,2024,115.0,120.0,134.0,123.13999999999999
23,2024-11-17 22:00:00,1403/08/27,132,SO,3,12,41.0,13.3,9.4,131.0,130.8,0.486556085,23,6,11,2024,115.0,120.0,134.0,123.13999999999999
24,2024-11-17 23:00:00,1403/08/28,131,SO,3,12,38.0,7.9,6.4,131.0,130.8,0.435274129,24,6,11,2024,80.0,120.0,134.0,123.13999999999999
1,2024-11-18 00:00:00,1403/08/28,132,SO,3,11,41.0,13.3,9.4,131.0,131.6,0.396904859,1,0,11,2024,70.0,120.0,136.0,123.13999999999999
2,2024-11-18 01:00:00,1403/08/28,133,SO,3,11,43.0,13.3,9.4,131.0,132.5,0.371611227,2,0,11,2024,70.0,120.0,136.0,123.13999999999999
3,2024-11-18 02:00:00,1403/08/28,100,SO,3,10,43.0,10.0,8.0,131.0,132.5,0.358573258,3,0,11,2024,70.0,120.0,136.0,123.13999999999999
4,2024-11-18 03:00:00,1403/08/28,100,SO,3,9,46.0,10.0,8.0,131.0,132.5,0.354906805,4,0,11,2024,70.0,124.0,135.0,123.13999999999999
5,2024-11-18 04:00:00,1403/08/28,100,SO,3,9,51.0,10.0,8.0,131.0,132.5,0.362131053,5,0,11,2024,70.0,124.0,133.0,123.13999999999999
6,2024-11-18 05:00:00,1403/08/28,100,SO,3,9,50.0,10.0,8.0,131.0,132.5,0.382851941,6,0,11,2024,70.0,124.0,114.0,123.13999999999999
7,2024-11-18 06:00:00,1403/08/28,100,SO,3,9,49.0,11.8,8.4,131.0,131.6,0.415499227,7,0,11,2024,70.0,124.0,114.0,123.13999999999999
8,2024-11-18 07:00:00,1403/08/28,100,SO,3,12,45.0,11.8,8.4,131.0,128.4,0.459060113,8,0,11,2024,70.0,124.0,115.0,123.13999999999999
9,2024-11-18 08:00:00,1403/08/28,100,SO,3,17,20.0,11.8,8.4,131.0,126.7,0.513614196,9,0,11,2024,70.0,124.0,115.0,123.13999999999999
10,2024-11-18 09:00:00,1403/08/28,80,SO,3,22,4.0,11.8,8.4,131.0,125.1,0.563949571,10,0,11,2024,70.0,110.0,115.0,123.13999999999999
11,2024-11-18 10:00:00,1403/08/28,80,LG3,3,23,4.0,7.0,5.7,131.0,124.3,0.59255458,11,0,11,2024,70.0,90.0,115.0,123.13999999999999
12,2024-11-18 11:00:00,1403/08/28,60,LG3,3,26,8.0,7.0,5.7,131.0,123.4,0.603366764,12,0,11,2024,70.0,118.0,110.0,123.13999999999999
13,2024-11-18 12:00:00,1403/08/28,80,LG3,3,27,4.0,7.0,5.7,131.0,123.4,0.60141742,13,0,11,2024,70.0,116.0,90.0,123.13999999999999
14,2024-11-18 13:00:00,1403/08/28,70,LG3,3,27,7.0,7.0,5.7,131.0,123.4,0.598418662,14,0,11,2024,70.0,116.0,90.0,123.13999999999999
15,2024-11-18 14:00:00,1403/08/28,60,LG3,3,26,15.0,7.0,5.7,131.0,123.4,0.621625187,15,0,11,2024,70.0,116.0,90.0,123.13999999999999
16,2024-11-18 15:00:00,1403/08/28,60,LG3,3,26,15.0,7.0,5.7,131.0,125.1,0.653832814,16,0,11,2024,70.0,116.0,90.0,123.13999999999999
17,2024-11-18 16:00:00,1403/08/28,60,LG3,3,22,23.0,7.0,5.7,131.0,127.5,0.684076597,17,0,11,2024,125.0,116.0,90.0,123.13999999999999
18,2024-11-18 17:00:00,1403/08/28,128,SO,3,20,25.0,7.0,5.7,131.0,128.4,0.710595635,18,0,11,2024,127.0,130.0,90.0,123.13999999999999
19,2024-11-18 18:00:00,1403/08/28,129,SO,3,19,26.0,13.2,9.3,131.0,128.4,0.718060617,19,0,11,2024,127.0,131.0,70.0,123.13999999999999
20,2024-11-18 19:00:00,1403/08/28,131,SO,3,17,28.0,13.2,9.3,131.0,129.2,0.673964731,20,0,11,2024,129.0,115.0,70.0,123.13999999999999
21,2024-11-18 20:00:00,1403/08/28,131,SO,3,16,30.0,13.2,9.3,131.0,129.2,0.610927756,21,0,11,2024,130.0,115.0,75.0,123.13999999999999
22,2024-11-18 21:00:00,1403/08/28,115,SO,3,15,32.0,13.2,9.3,131.0,130.0,0.544389639,22,0,11,2024,130.0,115.0,120.0,123.13999999999999
23,2024-11-18 22:00:00,1403/08/28,70,SO,3,14,31.0,8.0,6.2,131.0,130.0,0.482271593,23,0,11,2024,132.0,115.0,120.0,123.13999999999999
24,2024-11-18 23:00:00,1403/08/29,70,SO,3,13,33.0,13.3,9.4,131.0,130.8,0.431296091,24,0,11,2024,131.0,80.0,120.0,123.13999999999999
1,2024-11-19 00:00:00,1403/08/29,70,SO,3,12,41.0,8.0,6.2,131.0,130.8,0.393317828,1,1,11,2024,132.0,70.0,120.0,123.13999999999999
2,2024-11-19 01:00:00,1403/08/29,70,SO,3,12,46.0,8.0,6.2,131.0,131.6,0.368578124,2,1,11,2024,133.0,70.0,120.0,123.13999999999999
3,2024-11-19 02:00:00,1403/08/29,70,SO,3,11,42.0,8.0,6.2,131.0,132.5,0.356235816,3,1,11,2024,100.0,70.0,120.0,123.13999999999999
4,2024-11-19 03:00:00,1403/08/29,73,SO,3,10,43.0,8.0,6.2,131.0,132.5,0.353742045,4,1,11,2024,100.0,70.0,124.0,123.13999999999999
5,2024-11-19 04:00:00,1403/08/29,74,SO,3,10,43.0,8.0,6.2,131.0,132.5,0.362029537,5,1,11,2024,100.0,70.0,124.0,123.13999999999999
6,2024-11-19 05:00:00,1403/08/29,75,SO,3,10,43.0,8.0,6.2,131.0,132.5,0.384343908,6,1,11,2024,100.0,70.0,124.0,123.13999999999999
7,2024-11-19 06:00:00,1403/08/29,75,SO,3,10,43.0,8.5,6.7,131.0,131.6,0.419201068,7,1,11,2024,100.0,70.0,124.0,123.13999999999999
8,2024-11-19 07:00:00,1403/08/29,75,SO,3,14,42.0,8.5,6.7,131.0,128.4,0.465227918,8,1,11,2024,100.0,70.0,124.0,123.13999999999999
9,2024-11-19 08:00:00,1403/08/29,75,SO,3,20,42.0,8.5,6.7,131.0,126.7,0.522188811,9,1,11,2024,100.0,70.0,124.0,123.13999999999999
10,2024-11-19 09:00:00,1403/08/29,65,SO,3,23,7.0,8.5,6.7,131.0,125.1,0.573778261,10,1,11,2024,80.0,70.0,110.0,123.13999999999999
11,2024-11-19 10:00:00,1403/08/29,100,LG3,3,25,7.0,11.0,8.0,131.0,124.3,0.601603623,11,1,11,2024,80.0,70.0,90.0,123.13999999999999
12,2024-11-19 11:00:00,1403/08/29,100,LG3,3,27,13.0,11.0,8.0,131.0,123.4,0.611740038,12,1,11,2024,60.0,70.0,118.0,123.13999999999999
13,2024-11-19 12:00:00,1403/08/29,80,LG3,3,27,10.0,11.0,8.0,131.0,123.4,0.608989105,13,1,11,2024,80.0,70.0,116.0,123.13999999999999
14,2024-11-19 13:00:00,1403/08/29,80,LG3,3,27,11.0,11.0,8.0,131.0,123.4,0.605642388,14,1,11,2024,70.0,70.0,116.0,123.13999999999999
15,2024-11-19 14:00:00,1403/08/29,70,LG3,3,26,13.0,7.7,6.2,131.0,123.4,0.629996065,15,1,11,2024,60.0,70.0,116.0,123.13999999999999
16,2024-11-19 15:00:00,1403/08/29,70,LG3,3,25,19.0,7.7,6.2,131.0,125.1,0.663681063,16,1,11,2024,60.0,70.0,116.0,123.13999999999999
17,2024-11-19 16:00:00,1403/08/29,70,LG3,3,22,28.0,7.7,6.2,131.0,127.5,0.694559244,17,1,11,2024,60.0,125.0,116.0,123.13999999999999
18,2024-11-19 17:00:00,1403/08/29,128,SO,3,20,34.0,7.7,6.2,131.0,128.4,0.721818974,18,1,11,2024,128.0,127.0,130.0,123.13999999999999
19,2024-11-19 18:00:00,1403/08/29,129,SO,3,19,34.0,13.3,9.3,131.0,128.4,0.729062766,19,1,11,2024,129.0,127.0,131.0,123.13999999999999
20,2024-11-19 19:00:00,1403/08/29,131,SO,3,17,40.0,13.3,9.3,131.0,129.2,0.68277335,20,1,11,2024,131.0,129.0,115.0,123.13999999999999
21,2024-11-19 20:00:00,1403/08/29,132,SO,3,16,41.0,13.3,9.3,131.0,129.2,0.617675988,21,1,11,2024,131.0,130.0,115.0,123.13999999999999
22,2024-11-19 21:00:00,1403/08/29,115,SO,3,15,40.0,13.3,9.3,131.0,130.0,0.549753558,22,1,11,2024,115.0,130.0,115.0,123.13999999999999
23,2024-11-19 22:00:00,1403/08/29,118,SO,3,14,41.0,12.3,8.8,131.0,130.0,0.486195124,23,1,11,2024,70.0,132.0,115.0,123.13999999999999
24,2024-11-19 23:00:00,1403/08/30,118,SO,3,13,45.0,8.0,6.2,131.0,130.0,0.434157428,24,1,11,2024,70.0,131.0,80.0,123.13999999999999
1,2024-11-20 00:00:00,1403/08/30,65,SO,3,12,50.0,12.3,8.8,131.0,130.8,0.39562179,1,2,11,2024,70.0,132.0,70.0,123.13999999999999
2,2024-11-20 01:00:00,1403/08/30,65,SO,3,12,47.0,12.3,8.8,131.0,131.6,0.370633712,2,2,11,2024,70.0,133.0,70.0,123.13999999999999
3,2024-11-20 02:00:00,1403/08/30,65,SO,3,11,54.0,7.3,6.0,131.0,132.5,0.357812358,3,2,11,2024,70.0,100.0,70.0,123.13999999999999
4,2024-11-20 03:00:00,1403/08/30,65,SO,3,11,56.0,7.3,6.0,131.0,132.5,0.35494783,4,2,11,2024,73.0,100.0,70.0,123.13999999999999
5,2024-11-20 04:00:00,1403/08/30,65,SO,3,11,58.0,7.3,6.0,131.0,132.5,0.362637142,5,2,11,2024,74.0,100.0,70.0,123.13999999999999
6,2024-11-20 05:00:00,1403/08/30,65,SO,3,10,58.0,7.3,6.0,131.0,132.5,0.384464401,6,2,11,2024,75.0,100.0,70.0,123.13999999999999
7,2024-11-20 06:00:00,1403/08/30,65,SO,3,11,49.0,13.4,9.2,131.0,131.6,0.419180999,7,2,11,2024,75.0,100.0,70.0,123.13999999999999
8,2024-11-20 07:00:00,1403/08/30,120,SO,3,15,43.0,13.4,9.2,131.0,128.4,0.464895671,8,2,11,2024,75.0,100.0,70.0,123.13999999999999
9,2024-11-20 08:00:00,1403/08/30,120,SO,3,18,13.0,13.4,9.2,131.0,126.7,0.521897011,9,2,11,2024,75.0,100.0,70.0,123.13999999999999
10,2024-11-20 09:00:00,1403/08/30,120,SO,3,21,15.0,13.4,9.2,131.0,125.1,0.574765526,10,2,11,2024,65.0,80.0,70.0,123.13999999999999
11,2024-11-20 10:00:00,1403/08/30,115,LG3,3,24,8.0,13.4,9.2,131.0,124.3,0.602920986,11,2,11,2024,100.0,80.0,70.0,123.13999999999999
12,2024-11-20 11:00:00,1403/08/30,115,LG3,3,24,13.0,13.4,9.2,131.0,123.4,0.612088373,12,2,11,2024,100.0,60.0,70.0,123.13999999999999
13,2024-11-20 12:00:00,1403/08/30,115,LG3,3,26,7.0,13.4,9.2,131.0,123.4,0.608640486,13,2,11,2024,80.0,80.0,70.0,123.13999999999999
14,2024-11-20 13:00:00,1403/08/30,115,LG3,3,26,9.0,13.4,9.2,131.0,123.4,0.605440237,14,2,11,2024,80.0,70.0,70.0,123.13999999999999
15,2024-11-20 14:00:00,1403/08/30,115,LG3,3,26,14.0,13.0,9.0,131.0,123.4,0.629727785,15,2,11,2024,70.0,60.0,70.0,123.13999999999999
16,2024-11-20 15:00:00,1403/08/30,115,LG3,3,24,15.0,13.0,9.0,131.0,125.1,0.663863121,16,2,11,2024,70.0,60.0,70.0,123.13999999999999
17,2024-11-20 16:00:00,1403/08/30,115,LG3,3,22,25.0,13.0,9.0,131.0,127.5,0.695059059,17,2,11,2024,70.0,60.0,125.0,123.13999999999999
18,2024-11-20 17:00:00,1403/08/30,128,SO,3,19,32.0,13.0,9.0,131.0,128.4,0.722757814,18,2,11,2024,128.0,128.0,127.0,123.13999999999999
19,2024-11-20 18:00:00,1403/08/30,129,SO,3,18,29.0,13.2,9.3,131.0,128.4,0.728863554,19,2,11,2024,129.0,129.0,127.0,123.13999999999999
20,2024-11-20 19:00:00,1403/08/30,130,SO,3,17,30.0,13.2,9.3,131.0,129.2,0.682624582,20,2,11,2024,131.0,131.0,129.0,123.13999999999999
21,2024-11-20 20:00:00,1403/08/30,130,SO,3,15,32.0,13.2,9.3,131.0,129.2,0.618033943,21,2,11,2024,132.0,131.0,130.0,123.13999999999999
22,2024-11-20 21:00:00,1403/08/30,133,SO,3,13,39.0,13.2,9.3,131.0,130.0,0.550954737,22,2,11,2024,115.0,115.0,130.0,123.13999999999999
23,2024-11-20 22:00:00,1403/08/30,80,SO,3,13,37.0,8.6,6.7,131.0,130.0,0.487864081,23,2,11,2024,118.0,70.0,132.0,123.13999999999999
24,2024-11-20 23:00:00,1403/09/01,80,SO,3,14,36.0,12.3,8.8,137.0,130.0,0.436011049,24,2,11,2024,118.0,70.0,131.0,128.78
1,2024-11-21 00:00:00,1403/09/01,80,SO,3,12,43.0,8.6,6.7,137.0,130.8,0.397164359,1,3,11,2024,65.0,70.0,132.0,128.78
2,2024-11-21 01:00:00,1403/09/01,80,SO,3,11,47.0,8.6,6.7,137.0,131.6,0.37183287,2,3,11,2024,65.0,70.0,133.0,128.78
3,2024-11-21 02:00:00,1403/09/01,80,SO,3,10,50.0,9.0,7.0,137.0,132.5,0.358619328,3,3,11,2024,65.0,70.0,100.0,128.78
4,2024-11-21 03:00:00,1403/09/01,80,SO,3,10,51.5,9.0,7.0,137.0,132.5,0.355174157,4,3,11,2024,65.0,73.0,100.0,128.78
5,2024-11-21 04:00:00,1403/09/01,80,SO,3,12,49.0,9.0,7.0,137.0,132.5,0.361866196,5,3,11,2024,65.0,74.0,100.0,128.78
6,2024-11-21 05:00:00,1403/09/01,80,SO,3,11,55.5,9.0,7.0,137.0,132.5,0.382305838,6,3,11,2024,65.0,75.0,100.0,128.78
7,2024-11-21 06:00:00,1403/09/01,80,SO,3,10,51.0,9.0,6.9,137.0,131.6,0.414940916,7,3,11,2024,65.0,75.0,100.0,128.78
8,2024-11-21 07:00:00,1403/09/01,80,SO,3,14,39.0,9.0,6.9,137.0,128.4,0.457498472,8,3,11,2024,120.0,75.0,100.0,128.78
9,2024-11-21 08:00:00,1403/09/01,115,SO,3,21,8.0,9.0,6.9,137.0,126.7,0.509738659,9,3,11,2024,120.0,75.0,100.0,128.78
10,2024-11-21 09:00:00,1403/09/01,128,SO,3,21,6.0,9.0,6.9,137.0,125.1,0.558550758,10,3,11,2024,120.0,65.0,80.0,128.78
11,2024-11-21 10:00:00,1403/09/01,122,SO,3,23,15.0,13.0,9.0,137.0,124.3,0.585087262,11,3,11,2024,115.0,100.0,80.0,128.78
12,2024-11-21 11:00:00,1403/09/01,127,SO,3,25,10.0,13.0,9.0,137.0,123.4,0.594051837,12,3,11,2024,115.0,100.0,60.0,128.78
13,2024-11-21 12:00:00,1403/09/01,120,SO,3,26,9.0,13.0,9.0,137.0,123.4,0.590947601,13,3,11,2024,115.0,80.0,80.0,128.78
14,2024-11-21 13:00:00,1403/09/01,123,SO,3,27,11.0,13.0,9.0,137.0,123.4,0.588438208,14,3,11,2024,115.0,80.0,70.0,128.78
15,2024-11-21 14:00:00,1403/09/01,120,SO,3,26,15.0,13.0,8.8,137.0,123.4,0.611003759,15,3,11,2024,115.0,70.0,60.0,128.78
16,2024-11-21 15:00:00,1403/09/01,120,SO,3,26,18.0,13.0,8.8,137.0,125.1,0.643014475,16,3,11,2024,115.0,70.0,60.0,128.78
17,2024-11-21 16:00:00,1403/09/01,118,SO,3,23,23.0,13.0,8.8,137.0,127.5,0.673195862,17,3,11,2024,115.0,70.0,60.0,128.78
18,2024-11-21 17:00:00,1403/09/01,129,SO,3,19,33.0,13.0,8.8,137.0,128.4,0.701347993,18,3,11,2024,128.0,128.0,128.0,128.78
19,2024-11-21 18:00:00,1403/09/01,118,SO,3,19,33.0,13.0,9.0,137.0,128.4,0.709788696,19,3,11,2024,129.0,129.0,129.0,128.78
20,2024-11-21 19:00:00,1403/09/01,112,SO,3,17,35.0,13.0,9.0,137.0,129.2,0.669184218,20,3,11,2024,130.0,131.0,131.0,128.78
21,2024-11-21 20:00:00,1403/09/01,114,SO,3,15,36.0,13.0,9.0,137.0,129.2,0.609441416,21,3,11,2024,130.0,132.0,131.0,128.78
22,2024-11-21 21:00:00,1403/09/01,114,SO,3,14,37.0,13.0,9.0,137.0,130.0,0.546092277,22,3,11,2024,133.0,115.0,115.0,128.78
23,2024-11-21 22:00:00,1403/09/01,114,SO,3,14,39.0,13.0,9.0,137.0,130.0,0.485237677,23,3,11,2024,80.0,118.0,70.0,128.78
24,2024-11-21 23:00:00,1403/09/03,114,SO,3,13,45.0,8.6,6.7,137.0,130.0,0.435835925,24,3,11,2024,80.0,118.0,70.0,128.78
1,2024-11-23 00:00:00,1403/09/03,0,PM,3,12,59.0,13.0,9.0,137.0,130.8,0.39731698,1,5,11,2024,80.0,65.0,70.0,128.78
2,2024-11-23 01:00:00,1403/09/03,0,PM,3,10,60.0,13.0,9.0,137.0,131.6,0.371835294,2,5,11,2024,80.0,65.0,70.0,128.78
3,2024-11-23 02:00:00,1403/09/03,0,PM,3,10,60.0,13.0,9.0,137.0,132.5,0.358546845,3,5,11,2024,80.0,65.0,70.0,128.78
4,2024-11-23 03:00:00,1403/09/03,0,PM,3,9,60.0,13.0,9.0,137.0,132.5,0.355307733,4,5,11,2024,80.0,65.0,73.0,128.78
5,2024-11-23 04:00:00,1403/09/03,0,PM,3,8,62.0,13.0,9.0,137.0,132.5,0.362288756,5,5,11,2024,80.0,65.0,74.0,128.78
6,2024-11-23 05:00:00,1403/09/03,0,PM,3,8,62.0,13.0,9.0,137.0,132.5,0.383129042,6,5,11,2024,80.0,65.0,75.0,128.78
7,2024-11-23 06:00:00,1403/09/03,0,PM,3,7,64.0,13.0,9.0,137.0,131.6,0.417201962,7,5,11,2024,80.0,65.0,75.0,128.78
8,2024-11-23 07:00:00,1403/09/03,0,PM,3,12,47.0,13.0,9.0,137.0,128.4,0.46153685,8,5,11,2024,80.0,120.0,75.0,128.78
9,2024-11-23 08:00:00,1403/09/03,0,PM,3,16,15.0,13.0,9.0,137.0,126.7,0.515754376,9,5,11,2024,115.0,120.0,75.0,128.78
10,2024-11-23 09:00:00,1403/09/03,0,PM,3,19,4.0,13.0,9.0,137.0,125.1,0.567547417,10,5,11,2024,128.0,120.0,65.0,128.78
11,2024-11-23 10:00:00,1403/09/03,0,PM,3,22,3.0,13.0,9.0,137.0,124.3,0.595075307,11,5,11,2024,122.0,115.0,100.0,128.78
12,2024-11-23 11:00:00,1403/09/03,0,PM,3,24,8.0,13.0,9.0,137.0,123.4,0.603696668,12,5,11,2024,127.0,115.0,100.0,128.78
13,2024-11-23 12:00:00,1403/09/03,0,PM,3,25,7.0,13.0,9.0,137.0,123.4,0.600084393,13,5,11,2024,120.0,115.0,80.0,128.78
14,2024-11-23 13:00:00,1403/09/03,0,PM,3,26,5.0,13.0,9.0,137.0,123.4,0.597592886,14,5,11,2024,123.0,115.0,80.0,128.78
15,2024-11-23 14:00:00,1403/09/03,0,PM,3,26,7.0,13.0,9.0,137.0,123.4,0.622292008,15,5,11,2024,120.0,115.0,70.0,128.78
16,2024-11-23 15:00:00,1403/09/03,0,PM,3,25,10.0,13.0,9.0,137.0,125.1,0.657790606,16,5,11,2024,120.0,115.0,70.0,128.78
17,2024-11-23 16:00:00,1403/09/03,0,PM,3,22,16.0,13.0,9.0,137.0,127.5,0.691129269,17,5,11,2024,118.0,115.0,70.0,128.78
18,2024-11-23 17:00:00,1403/09/03,0,PM,3,19,21.0,13.0,9.0,137.0,128.4,0.721723141,18,5,11,2024,129.0,128.0,128.0,128.78
19,2024-11-23 18:00:00,1403/09/03,0,PM,3,18,32.0,13.0,9.0,137.0,128.4,0.73093001,19,5,11,2024,118.0,129.0,129.0,128.78
20,2024-11-23 19:00:00,1403/09/03,0,PM,3,19,32.0,13.0,9.0,137.0,129.2,0.688566935,20,5,11,2024,112.0,130.0,131.0,128.78
21,2024-11-23 20:00:00,1403/09/03,0,PM,3,15,41.0,13.0,9.0,137.0,129.2,0.62631136,21,5,11,2024,114.0,130.0,132.0,128.78
22,2024-11-23 21:00:00,1403/09/03,0,PM,3,15,40.0,13.0,9.0,137.0,130.0,0.559676264,22,5,11,2024,114.0,133.0,115.0,128.78
23,2024-11-23 22:00:00,1403/09/03,0,PM,3,13,42.0,13.0,9.0,137.0,130.0,0.496430457,23,5,11,2024,114.0,80.0,118.0,128.78
24,2024-11-23 23:00:00,1403/09/04,0,PM,3,12,47.0,13.0,9.0,137.0,130.0,0.443128299,24,5,11,2024,114.0,80.0,118.0,128.78
1,2024-11-24 00:00:00,1403/09/04,0,PM,3,10,51.0,13.0,9.0,137.0,0.0,0.402929411,1,6,11,2024,0.0,80.0,65.0,128.78
2,2024-11-24 01:00:00,1403/09/04,0,PM,3,9,52.0,13.0,9.0,137.0,0.0,0.376270919,2,6,11,2024,0.0,80.0,65.0,128.78
3,2024-11-24 02:00:00,1403/09/04,0,PM,3,8,55.0,13.0,9.0,137.0,0.0,0.362491231,3,6,11,2024,0.0,80.0,65.0,128.78
4,2024-11-24 03:00:00,1403/09/04,0,PM,3,8,58.0,13.0,9.0,137.0,0.0,0.359185292,4,6,11,2024,0.0,80.0,65.0,128.78
5,2024-11-24 04:00:00,1403/09/04,0,PM,3,7,60.0,13.0,9.0,137.0,0.0,0.3668076,5,6,11,2024,0.0,80.0,65.0,128.78
6,2024-11-24 05:00:00,1403/09/04,0,PM,3,6,61.0,13.0,9.0,137.0,0.0,0.388622883,6,6,11,2024,0.0,80.0,65.0,128.78
7,2024-11-24 06:00:00,1403/09/04,0,PM,3,6,62.0,13.0,9.0,137.0,0.0,0.423969118,7,6,11,2024,0.0,80.0,65.0,128.78
8,2024-11-24 07:00:00,1403/09/04,0,PM,3,11,45.0,13.0,9.0,137.0,0.0,0.469837169,8,6,11,2024,0.0,80.0,120.0,128.78
9,2024-11-24 08:00:00,1403/09/04,0,PM,3,15,24.0,13.0,9.0,137.0,0.0,0.525848623,9,6,11,2024,0.0,115.0,120.0,128.78
10,2024-11-24 09:00:00,1403/09/04,0,PM,3,17,15.0,13.0,9.0,137.0,0.0,0.578931158,10,6,11,2024,0.0,128.0,120.0,128.78
11,2024-11-24 10:00:00,1403/09/04,0,PM,3,21,5.0,13.0,9.0,137.0,0.0,0.606997454,11,6,11,2024,0.0,122.0,115.0,128.78
12,2024-11-24 11:00:00,1403/09/04,0,PM,3,24,7.0,13.0,9.0,137.0,0.0,0.615531461,12,6,11,2024,0.0,127.0,115.0,128.78
13,2024-11-24 12:00:00,1403/09/04,0,PM,3,25,3.0,13.0,9.0,137.0,0.0,0.61191794,13,6,11,2024,0.0,120.0,115.0,128.78
14,2024-11-24 13:00:00,1403/09/04,0,PM,3,25,6.0,13.0,9.0,137.0,0.0,0.609326093,14,6,11,2024,0.0,123.0,115.0,128.78
15,2024-11-24 14:00:00,1403/09/04,0,PM,3,24,9.0,13.0,9.0,137.0,0.0,0.634684816,15,6,11,2024,0.0,120.0,115.0,128.78
16,2024-11-24 15:00:00,1403/09/04,0,PM,3,24,14.0,13.0,9.0,137.0,0.0,0.671372246,16,6,11,2024,0.0,120.0,115.0,128.78
17,2024-11-24 16:00:00,1403/09/04,0,PM,3,21,19.0,13.0,9.0,137.0,0.0,0.705388638,17,6,11,2024,0.0,118.0,115.0,128.78
18,2024-11-24 17:00:00,1403/09/04,0,PM,3,18,21.0,13.0,9.0,137.0,0.0,0.736460661,18,6,11,2024,0.0,129.0,128.0,128.78
19,2024-11-24 18:00:00,1403/09/04,0,PM,3,18,22.0,13.0,9.0,137.0,0.0,0.745573158,19,6,11,2024,0.0,118.0,129.0,128.78
20,2024-11-24 19:00:00,1403/09/04,0,PM,3,16,26.0,13.0,9.0,137.0,0.0,0.701885612,20,6,11,2024,0.0,112.0,130.0,128.78
21,2024-11-24 20:00:00,1403/09/04,0,PM,3,13,30.0,13.0,9.0,137.0,0.0,0.637430893,21,6,11,2024,0.0,114.0,130.0,128.78
22,2024-11-24 21:00:00,1403/09/04,0,PM,3,13,30.0,13.0,9.0,137.0,0.0,0.567963873,22,6,11,2024,0.0,114.0,133.0,128.78
23,2024-11-24 22:00:00,1403/09/04,0,PM,3,12,35.0,13.0,9.0,137.0,0.0,0.50232348,23,6,11,2024,0.0,114.0,80.0,128.78
24,2024-11-24 23:00:00,1403/09/05,0,PM,3,11,36.0,13.0,9.0,137.0,0.0,0.447098788,24,6,11,2024,0.0,114.0,80.0,128.78
1,2024-11-25 00:00:00,1403/09/05,0,PM,3,13,36.0,13.0,9.0,137.0,0.0,0.405651685,1,0,11,2024,0.0,0.0,80.0,128.78
2,2024-11-25 01:00:00,1403/09/05,0,PM,3,14,34.0,13.0,9.0,137.0,0.0,0.377865952,2,0,11,2024,0.0,0.0,80.0,128.78
3,2024-11-25 02:00:00,1403/09/05,0,PM,3,16,36.0,13.0,9.0,137.0,0.0,0.363934611,3,0,11,2024,0.0,0.0,80.0,128.78
4,2024-11-25 03:00:00,1403/09/05,0,PM,3,14,40.0,13.0,9.0,137.0,0.0,0.360921828,4,0,11,2024,0.0,0.0,80.0,128.78
5,2024-11-25 04:00:00,1403/09/05,0,PM,3,15,45.0,13.0,9.0,137.0,0.0,0.369390336,5,0,11,2024,0.0,0.0,80.0,128.78
6,2024-11-25 05:00:00,1403/09/05,0,PM,3,16,50.0,13.0,9.0,137.0,0.0,0.391979461,6,0,11,2024,0.0,0.0,80.0,128.78
7,2024-11-25 06:00:00,1403/09/05,0,PM,3,16,55.0,13.0,9.0,137.0,0.0,0.428370886,7,0,11,2024,0.0,0.0,80.0,128.78
8,2024-11-25 07:00:00,1403/09/05,0,PM,3,14,70.0,13.0,9.0,137.0,0.0,0.47533759,8,0,11,2024,0.0,0.0,80.0,128.78
9,2024-11-25 08:00:00,1403/09/05,0,PM,3,15,66.0,13.0,9.0,137.0,0.0,0.53209736,9,0,11,2024,0.0,0.0,115.0,128.78
10,2024-11-25 09:00:00,1403/09/05,0,PM,3,15,62.0,13.0,9.0,137.0,0.0,0.584269209,10,0,11,2024,0.0,0.0,128.0,128.78
11,2024-11-25 10:00:00,1403/09/05,0,PM,3,16,61.0,13.0,9.0,137.0,0.0,0.612488309,11,0,11,2024,0.0,0.0,122.0,128.78
12,2024-11-25 11:00:00,1403/09/05,0,PM,3,17,60.0,13.0,9.0,137.0,0.0,0.62134757,12,0,11,2024,0.0,0.0,127.0,128.78
13,2024-11-25 12:00:00,1403/09/05,0,PM,3,17,62.0,13.0,9.0,137.0,0.0,0.617971118,13,0,11,2024,0.0,0.0,120.0,128.78
14,2024-11-25 13:00:00,1403/09/05,0,PM,3,17,63.0,13.0,9.0,137.0,0.0,0.615341654,14,0,11,2024,0.0,0.0,123.0,128.78
15,2024-11-25 14:00:00,1403/09/05,0,PM,3,17,63.0,13.0,9.0,137.0,0.0,0.642097727,15,0,11,2024,0.0,0.0,120.0,128.78
16,2024-11-25 15:00:00,1403/09/05,0,PM,3,17,63.0,13.0,9.0,137.0,0.0,0.679312772,16,0,11,2024,0.0,0.0,120.0,128.78
17,2024-11-25 16:00:00,1403/09/05,0,PM,3,17,66.0,13.0,9.0,137.0,0.0,0.714028207,17,0,11,2024,0.0,0.0,118.0,128.78
18,2024-11-25 17:00:00,1403/09/05,0,PM,3,16,72.0,13.0,9.0,137.0,0.0,0.746061227,18,0,11,2024,0.0,0.0,129.0,128.78
19,2024-11-25 18:00:00,1403/09/05,0,PM,3,16,78.0,13.0,9.0,137.0,0.0,0.756163222,19,0,11,2024,0.0,0.0,118.0,128.78
20,2024-11-25 19:00:00,1403/09/05,0,PM,3,15,85.0,13.0,9.0,137.0,0.0,0.710774103,20,0,11,2024,0.0,0.0,112.0,128.78
21,2024-11-25 20:00:00,1403/09/05,0,PM,3,15,85.0,13.0,9.0,137.0,0.0,0.644837377,21,0,11,2024,0.0,0.0,114.0,128.78
22,2024-11-25 21:00:00,1403/09/05,0,PM,3,15,87.0,13.0,9.0,137.0,0.0,0.572958309,22,0,11,2024,0.0,0.0,114.0,128.78
23,2024-11-25 22:00:00,1403/09/05,0,PM,3,15,88.0,13.0,9.0,137.0,0.0,0.505369886,23,0,11,2024,0.0,0.0,114.0,128.78
24,2024-11-25 23:00:00,1403/09/06,0,PM,3,14,88.0,13.0,9.0,137.0,0.0,0.44875414,24,0,11,2024,0.0,0.0,114.0,128.78
1,2024-11-26 00:00:00,1403/09/06,0,PM,3,13,85.0,13.0,9.0,137.0,0.0,0.406796471,1,1,11,2024,0.0,0.0,0.0,128.78
2,2024-11-26 01:00:00,1403/09/06,0,PM,3,13,89.0,13.0,9.0,137.0,0.0,0.378603833,2,1,11,2024,0.0,0.0,0.0,128.78
3,2024-11-26 02:00:00,1403/09/06,0,PM,3,13,86.0,13.0,9.0,137.0,0.0,0.364773402,3,1,11,2024,0.0,0.0,0.0,128.78
4,2024-11-26 03:00:00,1403/09/06,0,PM,3,14,81.0,13.0,9.0,137.0,0.0,0.36225505,4,1,11,2024,0.0,0.0,0.0,128.78
5,2024-11-26 04:00:00,1403/09/06,0,PM,3,14,77.0,13.0,9.0,137.0,0.0,0.372025908,5,1,11,2024,0.0,0.0,0.0,128.78
6,2024-11-26 05:00:00,1403/09/06,0,PM,3,14,82.0,13.0,9.0,137.0,0.0,0.396317058,6,1,11,2024,0.0,0.0,0.0,128.78
7,2024-11-26 06:00:00,1403/09/06,0,PM,3,14,71.0,13.0,9.0,137.0,0.0,0.435201593,7,1,11,2024,0.0,0.0,0.0,128.78
8,2024-11-26 07:00:00,1403/09/06,0,PM,3,15,76.0,13.0,9.0,137.0,0.0,0.485296796,8,1,11,2024,0.0,0.0,0.0,128.78
9,2024-11-26 08:00:00,1403/09/06,0,PM,3,16,65.0,13.0,9.0,137.0,0.0,0.545491763,9,1,11,2024,0.0,0.0,0.0,128.78
10,2024-11-26 09:00:00,1403/09/06,0,PM,3,20,44.0,13.0,9.0,137.0,0.0,0.599398599,10,1,11,2024,0.0,0.0,0.0,128.78
11,2024-11-26 10:00:00,1403/09/06,0,PM,3,20,50.0,13.0,9.0,137.0,0.0,0.627882492,11,1,11,2024,0.0,0.0,0.0,128.78
12,2024-11-26 11:00:00,1403/09/06,0,PM,3,19,57.0,13.0,9.0,137.0,0.0,0.636083711,12,1,11,2024,0.0,0.0,0.0,128.78
13,2024-11-26 12:00:00,1403/09/06,0,PM,3,18,60.0,13.0,9.0,137.0,0.0,0.632267025,13,1,11,2024,0.0,0.0,0.0,128.78
14,2024-11-26 13:00:00,1403/09/06,0,PM,3,17,61.0,13.0,9.0,137.0,0.0,0.629489201,14,1,11,2024,0.0,0.0,0.0,128.78
15,2024-11-26 14:00:00,1403/09/06,0,PM,3,17,62.0,13.0,9.0,137.0,0.0,0.657195389,15,1,11,2024,0.0,0.0,0.0,128.78
16,2024-11-26 15:00:00,1403/09/06,0,PM,3,18,65.0,13.0,9.0,137.0,0.0,0.695407562,16,1,11,2024,0.0,0.0,0.0,128.78
17,2024-11-26 16:00:00,1403/09/06,0,PM,3,17,70.0,13.0,9.0,137.0,0.0,0.730415687,17,1,11,2024,0.0,0.0,0.0,128.78
18,2024-11-26 17:00:00,1403/09/06,0,PM,3,16,76.0,13.0,9.0,137.0,0.0,0.761849944,18,1,11,2024,0.0,0.0,0.0,128.78
19,2024-11-26 18:00:00,1403/09/06,0,PM,3,14,78.0,13.0,9.0,137.0,0.0,0.770240822,19,1,11,2024,0.0,0.0,0.0,128.78
20,2024-11-26 19:00:00,1403/09/06,0,PM,3,14,78.0,13.0,9.0,137.0,0.0,0.721834964,20,1,11,2024,0.0,0.0,0.0,128.78
21,2024-11-26 20:00:00,1403/09/06,0,PM,3,14,78.0,13.0,9.0,137.0,0.0,0.654389811,21,1,11,2024,0.0,0.0,0.0,128.78
22,2024-11-26 21:00:00,1403/09/06,0,PM,3,14,77.0,13.0,9.0,137.0,0.0,0.581363941,22,1,11,2024,0.0,0.0,0.0,128.78
23,2024-11-26 22:00:00,1403/09/06,0,PM,3,14,80.0,13.0,9.0,137.0,0.0,0.512372128,23,1,11,2024,0.0,0.0,0.0,128.78
24,2024-11-26 23:00:00,1403/09/07,0,PM,3,14,79.0,13.0,9.0,137.0,0.0,0.454624591,24,1,11,2024,0.0,0.0,0.0,128.78
1,2024-11-27 00:00:00,1403/09/07,0,PM,3,14,84.0,13.0,9.0,137.0,0.0,0.411733862,1,2,11,2024,0.0,0.0,0.0,128.78
2,2024-11-27 01:00:00,1403/09/07,0,PM,3,14,89.0,13.0,9.0,137.0,0.0,0.382723657,2,2,11,2024,0.0,0.0,0.0,128.78
3,2024-11-27 02:00:00,1403/09/07,0,PM,3,14,94.0,13.0,9.0,137.0,0.0,0.368213913,3,2,11,2024,0.0,0.0,0.0,128.78
4,2024-11-27 03:00:00,1403/09/07,0,PM,3,14,96.0,13.0,9.0,137.0,0.0,0.365282514,4,2,11,2024,0.0,0.0,0.0,128.78
5,2024-11-27 04:00:00,1403/09/07,0,PM,3,14,99.0,13.0,9.0,137.0,0.0,0.3747457,5,2,11,2024,0.0,0.0,0.0,128.78
6,2024-11-27 05:00:00,1403/09/07,0,PM,3,14,99.0,13.0,9.0,137.0,0.0,0.399088315,6,2,11,2024,0.0,0.0,0.0,128.78
7,2024-11-27 06:00:00,1403/09/07,0,PM,3,14,99.0,13.0,9.0,137.0,0.0,0.438092091,7,2,11,2024,0.0,0.0,0.0,128.78
8,2024-11-27 07:00:00,1403/09/07,0,PM,3,14,100.0,13.0,9.0,137.0,0.0,0.488575419,8,2,11,2024,0.0,0.0,0.0,128.78
9,2024-11-27 08:00:00,1403/09/07,0,PM,3,15,100.0,13.0,9.0,137.0,0.0,0.549961464,9,2,11,2024,0.0,0.0,0.0,128.78
10,2024-11-27 09:00:00,1403/09/07,0,PM,3,15,100.0,13.0,9.0,137.0,0.0,0.60512597,10,2,11,2024,0.0,0.0,0.0,128.78
11,2024-11-27 10:00:00,1403/09/07,0,PM,3,15,99.0,13.0,9.0,137.0,0.0,0.634477478,11,2,11,2024,0.0,0.0,0.0,128.78
12,2024-11-27 11:00:00,1403/09/07,0,PM,3,14,99.0,13.0,9.0,137.0,0.0,0.642773003,12,2,11,2024,0.0,0.0,0.0,128.78
13,2024-11-27 12:00:00,1403/09/07,0,PM,3,13,99.0,13.0,9.0,137.0,0.0,0.638703514,13,2,11,2024,0.0,0.0,0.0,128.78
14,2024-11-27 13:00:00,1403/09/07,0,PM,3,14,99.0,13.0,9.0,137.0,0.0,0.635783322,14,2,11,2024,0.0,0.0,0.0,128.78
15,2024-11-27 14:00:00,1403/09/07,0,PM,3,14,92.0,13.0,9.0,137.0,0.0,0.663703394,15,2,11,2024,0.0,0.0,0.0,128.78
16,2024-11-27 15:00:00,1403/09/07,0,PM,3,14,90.0,13.0,9.0,137.0,0.0,0.702070205,16,2,11,2024,0.0,0.0,0.0,128.78
17,2024-11-27 16:00:00,1403/09/07,0,PM,3,14,95.0,13.0,9.0,137.0,0.0,0.737644252,17,2,11,2024,0.0,0.0,0.0,128.78
18,2024-11-27 17:00:00,1403/09/07,0,PM,3,14,98.0,13.0,9.0,137.0,0.0,0.769442356,18,2,11,2024,0.0,0.0,0.0,128.78
19,2024-11-27 18:00:00,1403/09/07,0,PM,3,14,99.0,13.0,9.0,137.0,0.0,0.776794678,19,2,11,2024,0.0,0.0,0.0,128.78
20,2024-11-27 19:00:00,1403/09/07,0,PM,3,14,99.0,13.0,9.0,137.0,0.0,0.727590304,20,2,11,2024,0.0,0.0,0.0,128.78
21,2024-11-27 20:00:00,1403/09/07,0,PM,3,14,100.0,13.0,9.0,137.0,0.0,0.659603872,21,2,11,2024,0.0,0.0,0.0,128.78
22,2024-11-27 21:00:00,1403/09/07,0,PM,3,14,100.0,13.0,9.0,137.0,0.0,0.585585696,22,2,11,2024,0.0,0.0,0.0,128.78
23,2024-11-27 22:00:00,1403/09/07,0,PM,3,14,100.0,13.0,9.0,137.0,0.0,0.515505911,23,2,11,2024,0.0,0.0,0.0,128.78
24,2024-11-27 23:00:00,1403/09/08,0,PM,3,13,100.0,13.0,9.0,137.0,0.0,0.457186939,24,2,11,2024,0.0,0.0,0.0,128.78
1,2024-11-28 00:00:00,1403/09/08,0,PM,3,14,100.0,13.0,9.0,137.0,0.0,0.413704641,1,3,11,2024,0.0,0.0,0.0,128.78
2,2024-11-28 01:00:00,1403/09/08,0,PM,3,13,100.0,13.0,9.0,137.0,0.0,0.384226022,2,3,11,2024,0.0,0.0,0.0,128.78
3,2024-11-28 02:00:00,1403/09/08,0,PM,3,13,100.0,13.0,9.0,137.0,0.0,0.369299657,3,3,11,2024,0.0,0.0,0.0,128.78
4,2024-11-28 03:00:00,1403/09/08,0,PM,3,12,99.0,13.0,9.0,137.0,0.0,0.365452227,4,3,11,2024,0.0,0.0,0.0,128.78
5,2024-11-28 04:00:00,1403/09/08,0,PM,3,12,99.0,13.0,9.0,137.0,0.0,0.373009476,5,3,11,2024,0.0,0.0,0.0,128.78
6,2024-11-28 05:00:00,1403/09/08,0,PM,3,11,100.0,13.0,9.0,137.0,0.0,0.394917958,6,3,11,2024,0.0,0.0,0.0,128.78
7,2024-11-28 06:00:00,1403/09/08,0,PM,3,10,100.0,13.0,9.0,137.0,0.0,0.430367558,7,3,11,2024,0.0,0.0,0.0,128.78
8,2024-11-28 07:00:00,1403/09/08,0,PM,3,13,99.0,13.0,9.0,137.0,0.0,0.475708941,8,3,11,2024,0.0,0.0,0.0,128.78
9,2024-11-28 08:00:00,1403/09/08,0,PM,3,14,36.0,13.0,9.0,137.0,0.0,0.53105407,9,3,11,2024,0.0,0.0,0.0,128.78
10,2024-11-28 09:00:00,1403/09/08,0,PM,3,16,14.0,13.0,9.0,137.0,0.0,0.582185746,10,3,11,2024,0.0,0.0,0.0,128.78
11,2024-11-28 10:00:00,1403/09/08,0,PM,3,18,9.0,13.0,9.0,137.0,0.0,0.611014784,11,3,11,2024,0.0,0.0,0.0,128.78
12,2024-11-28 11:00:00,1403/09/08,0,PM,3,18,20.0,13.0,9.0,137.0,0.0,0.620103407,12,3,11,2024,0.0,0.0,0.0,128.78
13,2024-11-28 12:00:00,1403/09/08,0,PM,3,19,17.0,13.0,9.0,137.0,0.0,0.617123022,13,3,11,2024,0.0,0.0,0.0,128.78
14,2024-11-28 13:00:00,1403/09/08,0,PM,3,18,27.0,13.0,9.0,137.0,0.0,0.615384155,14,3,11,2024,0.0,0.0,0.0,128.78
15,2024-11-28 14:00:00,1403/09/08,0,PM,3,19,22.0,13.0,9.0,137.0,0.0,0.642343303,15,3,11,2024,0.0,0.0,0.0,128.78
16,2024-11-28 15:00:00,1403/09/08,0,PM,3,18,43.0,13.0,9.0,137.0,0.0,0.678795801,16,3,11,2024,0.0,0.0,0.0,128.78
17,2024-11-28 16:00:00,1403/09/08,0,PM,3,15,61.0,13.0,9.0,137.0,0.0,0.714266055,17,3,11,2024,0.0,0.0,0.0,128.78
18,2024-11-28 17:00:00,1403/09/08,0,PM,3,13,88.0,13.0,9.0,137.0,0.0,0.747994072,18,3,11,2024,0.0,0.0,0.0,128.78
19,2024-11-28 18:00:00,1403/09/08,0,PM,3,12,93.0,13.0,9.0,137.0,0.0,0.75923941,19,3,11,2024,0.0,0.0,0.0,128.78
20,2024-11-28 19:00:00,1403/09/08,0,PM,3,12,97.0,13.0,9.0,137.0,0.0,0.714510529,20,3,11,2024,0.0,0.0,0.0,128.78
21,2024-11-28 20:00:00,1403/09/08,0,PM,3,11,95.0,13.0,9.0,137.0,0.0,0.650889783,21,3,11,2024,0.0,0.0,0.0,128.78
22,2024-11-28 21:00:00,1403/09/08,0,PM,3,10,98.0,13.0,9.0,137.0,0.0,0.579990868,22,3,11,2024,0.0,0.0,0.0,128.78
23,2024-11-28 22:00:00,1403/09/08,0,PM,3,9,99.0,13.0,9.0,137.0,0.0,0.511207355,23,3,11,2024,0.0,0.0,0.0,128.78
24,2024-11-28 23:00:00,1403/09/09,0,PM,3,9,99.0,13.0,9.0,137.0,0.0,0.431899152,24,3,11,2024,0.0,0.0,0.0,128.78
1,2024-11-29 00:00:00,1403/09/09,0,PM,3,9,99.0,13.0,9.0,137.0,0.0,0.391034313,1,4,11,2024,0.0,0.0,0.0,128.78
2,2024-11-29 01:00:00,1403/09/09,0,PM,3,9,99.0,13.0,9.0,137.0,0.0,0.363145986,2,4,11,2024,0.0,0.0,0.0,128.78
3,2024-11-29 02:00:00,1403/09/09,0,PM,3,9,100.0,13.0,9.0,137.0,0.0,0.348875894,3,4,11,2024,0.0,0.0,0.0,128.78
4,2024-11-29 03:00:00,1403/09/09,0,PM,3,8,100.0,13.0,9.0,137.0,0.0,0.345345571,4,4,11,2024,0.0,0.0,0.0,128.78
5,2024-11-29 04:00:00,1403/09/09,0,PM,3,8,100.0,13.0,9.0,137.0,0.0,0.352529362,5,4,11,2024,0.0,0.0,0.0,128.78
6,2024-11-29 05:00:00,1403/09/09,0,PM,3,8,100.0,13.0,9.0,137.0,0.0,0.373171981,6,4,11,2024,0.0,0.0,0.0,128.78
7,2024-11-29 06:00:00,1403/09/09,0,PM,3,8,100.0,13.0,9.0,137.0,0.0,0.406406345,7,4,11,2024,0.0,0.0,0.0,128.78
8,2024-11-29 07:00:00,1403/09/09,0,PM,3,8,99.0,13.0,9.0,137.0,0.0,0.449178574,8,4,11,2024,0.0,0.0,0.0,128.78
9,2024-11-29 08:00:00,1403/09/09,0,PM,3,8,89.0,13.0,9.0,137.0,0.0,0.501371656,9,4,11,2024,0.0,0.0,0.0,128.78
10,2024-11-29 09:00:00,1403/09/09,0,PM,3,10,30.0,13.0,9.0,137.0,0.0,0.549775549,10,4,11,2024,0.0,0.0,0.0,128.78
11,2024-11-29 10:00:00,1403/09/09,0,PM,3,11,28.0,12.4,9.1,137.0,0.0,0.578044861,11,4,11,2024,0.0,0.0,0.0,128.78
12,2024-11-29 11:00:00,1403/09/09,0,PM,3,13,15.0,12.4,9.1,137.0,0.0,0.587795987,12,4,11,2024,0.0,0.0,0.0,128.78
13,2024-11-29 12:00:00,1403/09/09,0,PM,3,15,10.0,12.4,9.1,137.0,0.0,0.585594703,13,4,11,2024,0.0,0.0,0.0,128.78
14,2024-11-29 13:00:00,1403/09/09,0,PM,3,16,20.0,12.4,9.1,137.0,0.0,0.584107591,14,4,11,2024,0.0,0.0,0.0,128.78
15,2024-11-29 14:00:00,1403/09/09,0,PM,3,17,28.0,12.4,9.1,137.0,0.0,0.609421557,15,4,11,2024,0.0,0.0,0.0,128.78
16,2024-11-29 15:00:00,1403/09/09,0,PM,3,17,28.0,12.4,9.1,137.0,0.0,0.6427416,16,4,11,2024,0.0,0.0,0.0,128.78
17,2024-11-29 16:00:00,1403/09/09,0,PM,3,14,51.0,12.4,9.1,137.0,0.0,0.675602097,17,4,11,2024,0.0,0.0,0.0,128.78
18,2024-11-29 17:00:00,1403/09/09,0,PM,3,13,72.0,12.4,9.1,137.0,0.0,0.706506854,18,4,11,2024,0.0,0.0,0.0,128.78
19,2024-11-29 18:00:00,1403/09/09,0,PM,3,11,88.0,12.4,9.1,137.0,0.0,0.716672373,19,4,11,2024,0.0,0.0,0.0,128.78
20,2024-11-29 19:00:00,1403/09/09,0,PM,3,10,93.0,12.4,9.1,137.0,0.0,0.674485638,20,4,11,2024,0.0,0.0,0.0,128.78
21,2024-11-29 20:00:00,1403/09/09,0,PM,3,10,99.0,12.4,9.1,137.0,0.0,0.614775815,21,4,11,2024,0.0,0.0,0.0,128.78
22,2024-11-29 21:00:00,1403/09/09,0,PM,3,9,99.0,12.4,9.1,137.0,0.0,0.547824017,22,4,11,2024,0.0,0.0,0.0,128.78
23,2024-11-29 22:00:00,1403/09/09,0,PM,3,8,99.0,12.4,9.1,137.0,0.0,0.483026764,23,4,11,2024,0.0,0.0,0.0,128.78
24,2024-11-29 23:00:00,1403/09/10,0,PM,3,7,99.0,13.0,9.0,137.0,0.0,0.449854255,24,4,11,2024,0.0,0.0,0.0,128.78
1,2024-11-30 00:00:00,1403/09/10,0,FP,3,7,99.0,12.4,9.1,137.0,0.0,0.407405937,1,5,11,2024,0.0,0.0,0.0,128.78
2,2024-11-30 01:00:00,1403/09/10,0,FP,3,6,99.0,12.4,9.1,137.0,0.0,0.378726094,2,5,11,2024,0.0,0.0,0.0,128.78
3,2024-11-30 02:00:00,1403/09/10,0,FP,3,5,99.0,12.4,9.1,137.0,0.0,0.364067949,3,5,11,2024,0.0,0.0,0.0,128.78
4,2024-11-30 03:00:00,1403/09/10,0,FP,3,5,99.0,12.4,9.1,137.0,0.0,0.360764393,4,5,11,2024,0.0,0.0,0.0,128.78
5,2024-11-30 04:00:00,1403/09/10,0,FP,3,4,99.0,12.4,9.1,137.0,0.0,0.36899539,5,5,11,2024,0.0,0.0,0.0,128.78
6,2024-11-30 05:00:00,1403/09/10,0,FP,3,4,99.0,12.4,9.1,137.0,0.0,0.391404666,6,5,11,2024,0.0,0.0,0.0,128.78
7,2024-11-30 06:00:00,1403/09/10,0,FP,3,4,99.0,12.4,9.1,137.0,0.0,0.427117236,7,5,11,2024,0.0,0.0,0.0,128.78
8,2024-11-30 07:00:00,1403/09/10,0,FP,3,6,99.0,12.4,9.1,137.0,0.0,0.473433494,8,5,11,2024,0.0,0.0,0.0,128.78
9,2024-11-30 08:00:00,1403/09/10,0,FP,3,9,25.0,12.4,9.1,137.0,0.0,0.53027574,9,5,11,2024,0.0,0.0,0.0,128.78
10,2024-11-30 09:00:00,1403/09/10,0,FP,3,12,8.0,12.4,9.1,137.0,0.0,0.583352313,10,5,11,2024,0.0,0.0,0.0,128.78
11,2024-11-30 10:00:00,1403/09/10,0,FP,3,14,5.0,12.4,9.1,137.0,0.0,0.613187076,11,5,11,2024,0.0,0.0,0.0,128.78
12,2024-11-30 11:00:00,1403/09/10,0,FP,3,15,13.0,12.4,9.1,137.0,0.0,0.623345189,12,5,11,2024,0.0,0.0,0.0,128.78
13,2024-11-30 12:00:00,1403/09/10,0,FP,3,17,7.0,12.4,9.1,137.0,0.0,0.621304663,13,5,11,2024,0.0,0.0,0.0,128.78
14,2024-11-30 13:00:00,1403/09/10,0,FP,3,18,7.0,12.4,9.1,137.0,0.0,0.619997481,14,5,11,2024,0.0,0.0,0.0,128.78
15,2024-11-30 14:00:00,1403/09/10,0,FP,3,18,13.0,12.4,9.1,137.0,0.0,0.647466356,15,5,11,2024,0.0,0.0,0.0,128.78
16,2024-11-30 15:00:00,1403/09/10,0,FP,3,17,28.0,12.4,9.1,137.0,0.0,0.683763716,16,5,11,2024,0.0,0.0,0.0,128.78
17,2024-11-30 16:00:00,1403/09/10,0,FP,3,13,56.0,12.4,9.1,137.0,0.0,0.718651821,17,5,11,2024,0.0,0.0,0.0,128.78
18,2024-11-30 17:00:00,1403/09/10,0,FP,3,11,72.0,12.4,9.1,137.0,0.0,0.749495725,18,5,11,2024,0.0,0.0,0.0,128.78
19,2024-11-30 18:00:00,1403/09/10,0,FP,3,11,86.0,12.4,9.1,137.0,0.0,0.758300428,19,5,11,2024,0.0,0.0,0.0,128.78
20,2024-11-30 19:00:00,1403/09/10,0,FP,3,10,87.0,12.4,9.1,137.0,0.0,0.711427447,20,5,11,2024,0.0,0.0,0.0,128.78
21,2024-11-30 20:00:00,1403/09/10,0,FP,3,10,89.0,12.4,9.1,137.0,0.0,0.646309639,21,5,11,2024,0.0,0.0,0.0,128.78
22,2024-11-30 21:00:00,1403/09/10,0,FP,3,9,92.0,12.4,9.1,137.0,0.0,0.575494484,22,5,11,2024,0.0,0.0,0.0,128.78
23,2024-11-30 22:00:00,1403/09/10,0,FP,3,8,97.0,12.4,9.1,137.0,0.0,0.507841622,23,5,11,2024,0.0,0.0,0.0,128.78
24,2024-11-30 23:00:00,1403/09/11,0,FP,3,8,99.0,12.4,9.1,137.0,0.0,0.450471089,24,5,11,2024,0.0,0.0,0.0,128.78
1,2024-12-01 00:00:00,1403/09/11,0,FP,3,7,99.40000153,12.4,9.1,137.0,0.0,0.407750958,1,6,12,2024,0.0,0.0,0.0,128.78
2,2024-12-01 01:00:00,1403/09/11,0,FP,3,7,99.40000153,12.4,9.1,137.0,0.0,0.3793132,2,6,12,2024,0.0,0.0,0.0,128.78
3,2024-12-01 02:00:00,1403/09/11,0,FP,3,7,99.40000153,12.4,9.1,137.0,0.0,0.364723335,3,6,12,2024,0.0,0.0,0.0,128.78
4,2024-12-01 03:00:00,1403/09/11,0,FP,3,7,99.40000153,12.4,9.1,137.0,0.0,0.361707321,4,6,12,2024,0.0,0.0,0.0,128.78
5,2024-12-01 04:00:00,1403/09/11,0,FP,3,6,99.40000153,12.4,9.1,137.0,0.0,0.370556818,5,6,12,2024,0.0,0.0,0.0,128.78
6,2024-12-01 05:00:00,1403/09/11,0,FP,3,6,99.40000153,12.4,9.1,137.0,0.0,0.394171628,6,6,12,2024,0.0,0.0,0.0,128.78
7,2024-12-01 06:00:00,1403/09/11,0,FP,3,6,99.40000153,12.4,9.1,137.0,0.0,0.431450576,7,6,12,2024,0.0,0.0,0.0,128.78
8,2024-12-01 07:00:00,1403/09/11,0,FP,3,6,100.0,12.4,9.1,137.0,0.0,0.479886121,8,6,12,2024,0.0,0.0,0.0,128.78
9,2024-12-01 08:00:00,1403/09/11,0,FP,3,7,100.0,12.4,9.1,137.0,0.0,0.5391151,9,6,12,2024,0.0,0.0,0.0,128.78
10,2024-12-01 09:00:00,1403/09/11,0,FP,3,8,77.0,12.4,9.1,137.0,0.0,0.59423677,10,6,12,2024,0.0,0.0,0.0,128.78
11,2024-12-01 10:00:00,1403/09/11,0,FP,3,8,69.0,12.4,9.1,137.0,0.0,0.62447779,11,6,12,2024,0.0,0.0,0.0,128.78
12,2024-12-01 11:00:00,1403/09/11,0,FP,3,12,24.0,12.4,9.1,137.0,0.0,0.634570706,12,6,12,2024,0.0,0.0,0.0,128.78
13,2024-12-01 12:00:00,1403/09/11,0,FP,3,14,16.0,12.4,9.1,137.0,0.0,0.631977943,13,6,12,2024,0.0,0.0,0.0,128.78
14,2024-12-01 13:00:00,1403/09/11,0,FP,3,12,16.0,12.4,9.1,137.0,0.0,0.630170964,14,6,12,2024,0.0,0.0,0.0,128.78
15,2024-12-01 14:00:00,1403/09/11,0,FP,3,16,19.0,12.4,9.1,137.0,0.0,0.658371609,15,6,12,2024,0.0,0.0,0.0,128.78
16,2024-12-01 15:00:00,1403/09/11,0,FP,3,16,32.0,12.4,9.1,137.0,0.0,0.695567499,16,6,12,2024,0.0,0.0,0.0,128.78
17,2024-12-01 16:00:00,1403/09/11,0,FP,3,12,37.0,12.4,9.1,137.0,0.0,0.730849346,17,6,12,2024,0.0,0.0,0.0,128.78
18,2024-12-01 17:00:00,1403/09/11,0,FP,3,10,51.0,12.4,9.1,137.0,0.0,0.761704268,18,6,12,2024,0.0,0.0,0.0,128.78
19,2024-12-01 18:00:00,1403/09/11,0,FP,3,10,60.0,12.4,9.1,137.0,0.0,0.769258942,19,6,12,2024,0.0,0.0,0.0,128.78
20,2024-12-01 19:00:00,1403/09/11,0,FP,3,10,84.0,12.4,9.1,137.0,0.0,0.719692705,20,6,12,2024,0.0,0.0,0.0,128.78
21,2024-12-01 20:00:00,1403/09/11,0,FP,3,11,90.0,12.4,9.1,137.0,0.0,0.651313887,21,6,12,2024,0.0,0.0,0.0,128.78
22,2024-12-01 21:00:00,1403/09/11,0,FP,3,8,90.0,12.4,9.1,137.0,0.0,0.57739039,22,6,12,2024,0.0,0.0,0.0,128.78
23,2024-12-01 22:00:00,1403/09/11,0,FP,3,7,92.0,12.4,9.1,137.0,0.0,0.507526013,23,6,12,2024,0.0,0.0,0.0,128.78
24,2024-12-01 23:00:00,1403/09/12,0,FP,3,6,95.0,12.4,9.1,137.0,0.0,0.449157523,24,6,12,2024,0.0,0.0,0.0,128.78
1,2024-12-02 00:00:00,1403/09/12,0,FP,3,5,98.0,12.4,9.1,137.0,0.0,0.405907199,1,0,12,2024,0.0,0.0,0.0,128.78
2,2024-12-02 01:00:00,1403/09/12,0,FP,3,5,98.0,12.4,9.1,137.0,0.0,0.377515183,2,0,12,2024,0.0,0.0,0.0,128.78
3,2024-12-02 02:00:00,1403/09/12,0,FP,3,5,98.0,12.4,9.1,137.0,0.0,0.363191509,3,0,12,2024,0.0,0.0,0.0,128.78
4,2024-12-02 03:00:00,1403/09/12,0,FP,3,4,99.0,12.4,9.1,137.0,0.0,0.360943972,4,0,12,2024,0.0,0.0,0.0,128.78
5,2024-12-02 04:00:00,1403/09/12,0,FP,3,4,100.0,12.4,9.1,137.0,0.0,0.3705495,5,0,12,2024,0.0,0.0,0.0,128.78
6,2024-12-02 05:00:00,1403/09/12,0,FP,3,3,93.0,12.4,9.1,137.0,0.0,0.394639348,6,0,12,2024,0.0,0.0,0.0,128.78
7,2024-12-02 06:00:00,1403/09/12,0,FP,3,3,94.0,12.4,9.1,137.0,0.0,0.43223032,7,0,12,2024,0.0,0.0,0.0,128.78
8,2024-12-02 07:00:00,1403/09/12,0,FP,3,5,85.0,12.4,9.1,137.0,0.0,0.480933114,8,0,12,2024,0.0,0.0,0.0,128.78
9,2024-12-02 08:00:00,1403/09/12,0,FP,3,10,16.0,12.4,9.1,137.0,0.0,0.539070075,9,0,12,2024,0.0,0.0,0.0,128.78
10,2024-12-02 09:00:00,1403/09/12,0,FP,3,12,9.0,12.4,9.1,137.0,0.0,0.592618371,10,0,12,2024,0.0,0.0,0.0,128.78
11,2024-12-02 10:00:00,1403/09/12,0,FP,3,16,6.0,12.4,9.1,137.0,0.0,0.621643831,11,0,12,2024,0.0,0.0,0.0,128.78
12,2024-12-02 11:00:00,1403/09/12,0,FP,3,17,10.0,12.4,9.1,137.0,0.0,0.63139567,12,0,12,2024,0.0,0.0,0.0,128.78
13,2024-12-02 12:00:00,1403/09/12,0,FP,3,18,8.0,12.4,9.1,137.0,0.0,0.628532434,13,0,12,2024,0.0,0.0,0.0,128.78
14,2024-12-02 13:00:00,1403/09/12,0,FP,3,19,15.0,12.4,9.1,137.0,0.0,0.627136933,14,0,12,2024,0.0,0.0,0.0,128.78
15,2024-12-02 14:00:00,1403/09/12,0,FP,3,19,21.0,12.4,9.1,137.0,0.0,0.655407211,15,0,12,2024,0.0,0.0,0.0,128.78
16,2024-12-02 15:00:00,1403/09/12,0,FP,3,18,32.0,12.4,9.1,137.0,0.0,0.692395318,16,0,12,2024,0.0,0.0,0.0,128.78
17,2024-12-02 16:00:00,1403/09/12,0,FP,3,15,38.0,12.4,9.1,137.0,0.0,0.726855195,17,0,12,2024,0.0,0.0,0.0,128.78
18,2024-12-02 17:00:00,1403/09/12,0,FP,3,12,47.0,12.4,9.1,137.0,0.0,0.757243701,18,0,12,2024,0.0,0.0,0.0,128.78
19,2024-12-02 18:00:00,1403/09/12,0,FP,3,12,72.0,12.4,9.1,137.0,0.0,0.765525318,19,0,12,2024,0.0,0.0,0.0,128.78
20,2024-12-02 19:00:00,1403/09/12,0,FP,3,12,82.0,12.4,9.1,137.0,0.0,0.716753103,20,0,12,2024,0.0,0.0,0.0,128.78
21,2024-12-02 20:00:00,1403/09/12,0,FP,3,9,85.0,12.4,9.1,137.0,0.0,0.649098536,21,0,12,2024,0.0,0.0,0.0,128.78
22,2024-12-02 21:00:00,1403/09/12,0,FP,3,8,83.0,12.4,9.1,137.0,0.0,0.57633721,22,0,12,2024,0.0,0.0,0.0,128.78
23,2024-12-02 22:00:00,1403/09/12,0,FP,3,7,85.0,12.4,9.1,137.0,0.0,0.507102499,23,0,12,2024,0.0,0.0,0.0,128.78
24,2024-12-02 23:00:00,1403/09/13,0,FP,3,6,85.0,12.4,9.1,137.0,0.0,0.448757128,24,0,12,2024,0.0,0.0,0.0,128.78
1,2024-12-03 00:00:00,1403/09/13,0,FP,3,6,91.0,12.4,9.1,137.0,0.0,0.405492077,1,1,12,2024,0.0,0.0,0.0,128.78
2,2024-12-03 01:00:00,1403/09/13,0,FP,3,5,94.0,12.4,9.1,137.0,0.0,0.377383808,2,1,12,2024,0.0,0.0,0.0,128.78
3,2024-12-03 02:00:00,1403/09/13,0,FP,3,5,92.0,12.4,9.1,137.0,0.0,0.36315754,3,1,12,2024,0.0,0.0,0.0,128.78
4,2024-12-03 03:00:00,1403/09/13,0,FP,3,5,95.0,12.4,9.1,137.0,0.0,0.361343489,4,1,12,2024,0.0,0.0,0.0,128.78
5,2024-12-03 04:00:00,1403/09/13,0,FP,3,4,94.0,12.4,9.1,137.0,0.0,0.372072099,5,1,12,2024,0.0,0.0,0.0,128.78
6,2024-12-03 05:00:00,1403/09/13,0,FP,3,4,94.0,12.4,9.1,137.0,0.0,0.398047788,6,1,12,2024,0.0,0.0,0.0,128.78
7,2024-12-03 06:00:00,1403/09/13,0,FP,3,4,91.0,12.4,9.1,137.0,0.0,0.438223815,7,1,12,2024,0.0,0.0,0.0,128.78
8,2024-12-03 07:00:00,1403/09/13,0,FP,3,8,62.0,12.4,9.1,137.0,0.0,0.490811945,8,1,12,2024,0.0,0.0,0.0,128.78
9,2024-12-03 08:00:00,1403/09/13,0,FP,3,11,15.0,12.4,9.1,137.0,0.0,0.554032696,9,1,12,2024,0.0,0.0,0.0,128.78
10,2024-12-03 09:00:00,1403/09/13,0,FP,3,13,6.0,12.4,9.1,137.0,0.0,0.611803948,10,1,12,2024,0.0,0.0,0.0,128.78
11,2024-12-03 10:00:00,1403/09/13,0,FP,3,17,4.0,12.4,9.1,137.0,0.0,0.642461235,11,1,12,2024,0.0,0.0,0.0,128.78
12,2024-12-03 11:00:00,1403/09/13,0,FP,3,19,15.0,12.4,9.1,137.0,0.0,0.652232772,12,1,12,2024,0.0,0.0,0.0,128.78
13,2024-12-03 12:00:00,1403/09/13,0,FP,3,20,15.0,12.4,9.1,137.0,0.0,0.648961092,13,1,12,2024,0.0,0.0,0.0,128.78
14,2024-12-03 13:00:00,1403/09/13,0,FP,3,20,14.0,12.4,9.1,137.0,0.0,0.64664002,14,1,12,2024,0.0,0.0,0.0,128.78
15,2024-12-03 14:00:00,1403/09/13,0,FP,3,19,17.0,12.4,9.1,137.0,0.0,0.675038583,15,1,12,2024,0.0,0.0,0.0,128.78
16,2024-12-03 15:00:00,1403/09/13,0,FP,3,19,24.0,12.4,9.1,137.0,0.0,0.711667507,16,1,12,2024,0.0,0.0,0.0,128.78
17,2024-12-03 16:00:00,1403/09/13,0,FP,3,15,33.0,12.4,9.1,137.0,0.0,0.744519231,17,1,12,2024,0.0,0.0,0.0,128.78
18,2024-12-03 17:00:00,1403/09/13,0,FP,3,14,40.0,12.4,9.1,137.0,0.0,0.771348423,18,1,12,2024,0.0,0.0,0.0,128.78
19,2024-12-03 18:00:00,1403/09/13,0,FP,3,13,42.0,12.4,9.1,137.0,0.0,0.774843584,19,1,12,2024,0.0,0.0,0.0,128.78
20,2024-12-03 19:00:00,1403/09/13,0,FP,3,13,50.0,12.4,9.1,137.0,0.0,0.722446753,20,1,12,2024,0.0,0.0,0.0,128.78
21,2024-12-03 20:00:00,1403/09/13,0,FP,3,12,62.0,12.4,9.1,137.0,0.0,0.653357099,21,1,12,2024,0.0,0.0,0.0,128.78
22,2024-12-03 21:00:00,1403/09/13,0,FP,3,7,64.0,12.4,9.1,137.0,0.0,0.579819486,22,1,12,2024,0.0,0.0,0.0,128.78
23,2024-12-03 22:00:00,1403/09/13,0,FP,3,6,65.0,12.4,9.1,137.0,0.0,0.510359854,23,1,12,2024,0.0,0.0,0.0,128.78
24,2024-12-03 23:00:00,1403/09/14,0,FP,3,6,74.0,12.4,9.1,137.0,0.0,0.451807718,24,1,12,2024,0.0,0.0,0.0,128.78
1,2024-12-04 00:00:00,1403/09/14,0,FP,3,5,80.0,12.4,9.1,137.0,0.0,0.408070796,1,2,12,2024,0.0,0.0,0.0,128.78
2,2024-12-04 01:00:00,1403/09/14,0,FP,3,5,78.0,12.4,9.1,137.0,0.0,0.379389422,2,2,12,2024,0.0,0.0,0.0,128.78
3,2024-12-04 02:00:00,1403/09/14,0,FP,3,4,77.0,12.4,9.1,137.0,0.0,0.364697088,3,2,12,2024,0.0,0.0,0.0,128.78
4,2024-12-04 03:00:00,1403/09/14,0,FP,3,4,77.0,12.4,9.1,137.0,0.0,0.362277676,4,2,12,2024,0.0,0.0,0.0,128.78
5,2024-12-04 04:00:00,1403/09/14,0,FP,3,3,77.0,12.4,9.1,137.0,0.0,0.372317803,5,2,12,2024,0.0,0.0,0.0,128.78
6,2024-12-04 05:00:00,1403/09/14,0,FP,3,4,77.0,12.4,9.1,137.0,0.0,0.397012924,6,2,12,2024,0.0,0.0,0.0,128.78
7,2024-12-04 06:00:00,1403/09/14,0,FP,3,3,77.0,12.4,9.1,137.0,0.0,0.435596184,7,2,12,2024,0.0,0.0,0.0,128.78
8,2024-12-04 07:00:00,1403/09/14,0,FP,3,7,70.0,12.4,9.1,137.0,0.0,0.48652108,8,2,12,2024,0.0,0.0,0.0,128.78
9,2024-12-04 08:00:00,1403/09/14,0,FP,3,10,17.0,12.4,9.1,137.0,0.0,0.54756168,9,2,12,2024,0.0,0.0,0.0,128.78
10,2024-12-04 09:00:00,1403/09/14,0,FP,3,13,5.0,12.4,9.1,137.0,0.0,0.603562313,10,2,12,2024,0.0,0.0,0.0,128.78
11,2024-12-04 10:00:00,1403/09/14,0,FP,3,16,4.0,12.4,9.1,137.0,0.0,0.63407751,11,2,12,2024,0.0,0.0,0.0,128.78
12,2024-12-04 11:00:00,1403/09/14,0,FP,3,18,10.0,12.4,9.1,137.0,0.0,0.643707393,12,2,12,2024,0.0,0.0,0.0,128.78
13,2024-12-04 12:00:00,1403/09/14,0,FP,3,20,9.0,12.4,9.1,137.0,0.0,0.639240524,13,2,12,2024,0.0,0.0,0.0,128.78
14,2024-12-04 13:00:00,1403/09/14,0,FP,3,20,10.0,12.4,9.1,137.0,0.0,0.636760897,14,2,12,2024,0.0,0.0,0.0,128.78
15,2024-12-04 14:00:00,1403/09/14,0,FP,3,19,11.0,12.4,9.1,137.0,0.0,0.663591693,15,2,12,2024,0.0,0.0,0.0,128.78
16,2024-12-04 15:00:00,1403/09/14,0,FP,3,18,23.0,12.4,9.1,137.0,0.0,0.698836538,16,2,12,2024,0.0,0.0,0.0,128.78
17,2024-12-04 16:00:00,1403/09/14,0,FP,3,15,36.0,12.4,9.1,137.0,0.0,0.730310034,17,2,12,2024,0.0,0.0,0.0,128.78
18,2024-12-04 17:00:00,1403/09/14,0,FP,3,13,44.0,12.4,9.1,137.0,0.0,0.756229474,18,2,12,2024,0.0,0.0,0.0,128.78
19,2024-12-04 18:00:00,1403/09/14,0,FP,3,13,47.0,12.4,9.1,137.0,0.0,0.758253231,19,2,12,2024,0.0,0.0,0.0,128.78
20,2024-12-04 19:00:00,1403/09/14,0,FP,3,12,47.0,12.4,9.1,137.0,0.0,0.707861454,20,2,12,2024,0.0,0.0,0.0,128.78
21,2024-12-04 20:00:00,1403/09/14,0,FP,3,12,44.0,12.4,9.1,137.0,0.0,0.642326117,21,2,12,2024,0.0,0.0,0.0,128.78
22,2024-12-04 21:00:00,1403/09/14,0,FP,3,11,44.0,12.4,9.1,137.0,0.0,0.573120049,22,2,12,2024,0.0,0.0,0.0,128.78
23,2024-12-04 22:00:00,1403/09/14,0,FP,3,10,55.0,12.4,9.1,137.0,0.0,0.50683266,23,2,12,2024,0.0,0.0,0.0,128.78
24,2024-12-04 23:00:00,1403/09/15,0,FP,3,10,59.0,12.4,9.1,137.0,0.0,0.450491749,24,2,12,2024,0.0,0.0,0.0,128.78
1,2024-12-05 00:00:00,1403/09/15,0,FP,3,8,66.0,12.4,9.1,137.0,0.0,0.40775706,1,3,12,2024,0.0,0.0,0.0,128.78
2,2024-12-05 01:00:00,1403/09/15,0,FP,3,7,65.0,12.4,9.1,137.0,0.0,0.37927606,2,3,12,2024,0.0,0.0,0.0,128.78
3,2024-12-05 02:00:00,1403/09/15,0,FP,3,7,66.0,12.4,9.1,137.0,0.0,0.364127775,3,3,12,2024,0.0,0.0,0.0,128.78
4,2024-12-05 03:00:00,1403/09/15,0,FP,3,6,65.0,12.4,9.1,137.0,0.0,0.360827065,4,3,12,2024,0.0,0.0,0.0,128.78
5,2024-12-05 04:00:00,1403/09/15,0,FP,3,6,68.0,12.4,9.1,137.0,0.0,0.368842653,5,3,12,2024,0.0,0.0,0.0,128.78
6,2024-12-05 05:00:00,1403/09/15,0,FP,3,6,70.0,12.4,9.1,137.0,0.0,0.390807811,6,3,12,2024,0.0,0.0,0.0,128.78
7,2024-12-05 06:00:00,1403/09/15,0,FP,3,5,72.0,12.4,9.1,137.0,0.0,0.425739549,7,3,12,2024,0.0,0.0,0.0,128.78
8,2024-12-05 07:00:00,1403/09/15,0,FP,3,8,55.0,12.4,9.1,137.0,0.0,0.472073929,8,3,12,2024,0.0,0.0,0.0,128.78
9,2024-12-05 08:00:00,1403/09/15,0,FP,3,12,14.0,12.4,9.1,137.0,0.0,0.52762784,9,3,12,2024,0.0,0.0,0.0,128.78
10,2024-12-05 09:00:00,1403/09/15,0,FP,3,15,4.0,12.4,9.1,137.0,0.0,0.580053858,10,3,12,2024,0.0,0.0,0.0,128.78
11,2024-12-05 10:00:00,1403/09/15,0,FP,3,18,4.0,12.4,9.1,137.0,0.0,0.610193594,11,3,12,2024,0.0,0.0,0.0,128.78
12,2024-12-05 11:00:00,1403/09/15,0,FP,3,20,5.0,12.4,9.1,137.0,0.0,0.620322576,12,3,12,2024,0.0,0.0,0.0,128.78
13,2024-12-05 12:00:00,1403/09/15,0,FP,3,21,5.0,12.4,9.1,137.0,0.0,0.615976322,13,3,12,2024,0.0,0.0,0.0,128.78
14,2024-12-05 13:00:00,1403/09/15,0,FP,3,21,5.0,12.4,9.1,137.0,0.0,0.613698744,14,3,12,2024,0.0,0.0,0.0,128.78
15,2024-12-05 14:00:00,1403/09/15,0,FP,3,21,10.0,12.4,9.1,137.0,0.0,0.638099042,15,3,12,2024,0.0,0.0,0.0,128.78
16,2024-12-05 15:00:00,1403/09/15,0,FP,3,20,22.0,12.4,9.1,137.0,0.0,0.670707702,16,3,12,2024,0.0,0.0,0.0,128.78
17,2024-12-05 16:00:00,1403/09/15,0,FP,3,18,32.0,12.4,9.1,137.0,0.0,0.701195827,17,3,12,2024,0.0,0.0,0.0,128.78
18,2024-12-05 17:00:00,1403/09/15,0,FP,3,14,43.0,12.4,9.1,137.0,0.0,0.72826518,18,3,12,2024,0.0,0.0,0.0,128.78
19,2024-12-05 18:00:00,1403/09/15,0,FP,3,12,51.0,12.4,9.1,137.0,0.0,0.732605914,19,3,12,2024,0.0,0.0,0.0,128.78
20,2024-12-05 19:00:00,1403/09/15,0,FP,3,11,49.0,12.4,9.1,137.0,0.0,0.688700492,20,3,12,2024,0.0,0.0,0.0,128.78
21,2024-12-05 20:00:00,1403/09/15,0,FP,3,10,61.0,12.4,9.1,137.0,0.0,0.628793033,21,3,12,2024,0.0,0.0,0.0,128.78
22,2024-12-05 21:00:00,1403/09/15,0,FP,3,10,55.0,12.4,9.1,137.0,0.0,0.56349077,22,3,12,2024,0.0,0.0,0.0,128.78
23,2024-12-05 22:00:00,1403/09/15,0,FP,3,11,65.0,12.4,9.1,137.0,0.0,0.499640394,23,3,12,2024,0.0,0.0,0.0,128.78
24,2024-12-05 23:00:00,1403/09/16,0,FP,3,10,60.0,12.4,9.1,137.0,0.0,0.423960462,24,3,12,2024,0.0,0.0,0.0,128.78
1,2024-12-06 00:00:00,1403/09/16,0,FP,3,11,62.0,12.4,9.1,137.0,0.0,0.384381793,1,4,12,2024,0.0,0.0,0.0,128.78
2,2024-12-06 01:00:00,1403/09/16,0,FP,3,11,65.0,12.4,9.1,137.0,0.0,0.357815319,2,4,12,2024,0.0,0.0,0.0,128.78
3,2024-12-06 02:00:00,1403/09/16,0,FP,3,11,72.0,12.4,9.1,137.0,0.0,0.343888617,3,4,12,2024,0.0,0.0,0.0,128.78
4,2024-12-06 03:00:00,1403/09/16,0,FP,3,12,71.0,12.4,9.1,137.0,0.0,0.341111412,4,4,12,2024,0.0,0.0,0.0,128.78
5,2024-12-06 04:00:00,1403/09/16,0,FP,3,13,72.0,12.4,9.1,137.0,0.0,0.348490158,5,4,12,2024,0.0,0.0,0.0,128.78
6,2024-12-06 05:00:00,1403/09/16,0,FP,3,10,74.0,12.4,9.1,137.0,0.0,0.368714305,6,4,12,2024,0.0,0.0,0.0,128.78
7,2024-12-06 06:00:00,1403/09/16,0,FP,3,9,68.0,12.4,9.1,137.0,0.0,0.401281906,7,4,12,2024,0.0,0.0,0.0,128.78
8,2024-12-06 07:00:00,1403/09/16,0,FP,3,10,65.0,12.4,9.1,137.0,0.0,0.444401161,8,4,12,2024,0.0,0.0,0.0,128.78
9,2024-12-06 08:00:00,1403/09/16,0,FP,3,16,19.0,12.4,9.1,137.0,0.0,0.495940366,9,4,12,2024,0.0,0.0,0.0,128.78
10,2024-12-06 09:00:00,1403/09/16,0,FP,3,17,7.0,12.4,9.1,137.0,0.0,0.545114843,10,4,12,2024,0.0,0.0,0.0,128.78
11,2024-12-06 10:00:00,1403/09/16,0,FP,3,18,5.0,12.4,9.1,137.0,0.0,0.574292017,11,4,12,2024,0.0,0.0,0.0,128.78
12,2024-12-06 11:00:00,1403/09/16,0,FP,3,20,6.0,12.4,9.1,137.0,0.0,0.584304722,12,4,12,2024,0.0,0.0,0.0,128.78
13,2024-12-06 12:00:00,1403/09/16,0,FP,3,21,8.0,12.4,9.1,137.0,0.0,0.580497316,13,4,12,2024,0.0,0.0,0.0,128.78
14,2024-12-06 13:00:00,1403/09/16,0,FP,3,23,10.0,12.4,9.1,137.0,0.0,0.578307974,14,4,12,2024,0.0,0.0,0.0,128.78
15,2024-12-06 14:00:00,1403/09/16,0,FP,3,22,17.0,12.4,9.1,137.0,0.0,0.600628276,15,4,12,2024,0.0,0.0,0.0,128.78
16,2024-12-06 15:00:00,1403/09/16,0,FP,3,21,25.0,12.4,9.1,137.0,0.0,0.630249159,16,4,12,2024,0.0,0.0,0.0,128.78
17,2024-12-06 16:00:00,1403/09/16,0,FP,3,18,48.0,12.4,9.1,137.0,0.0,0.658713597,17,4,12,2024,0.0,0.0,0.0,128.78
18,2024-12-06 17:00:00,1403/09/16,0,FP,3,16,53.0,12.4,9.1,137.0,0.0,0.683995406,18,4,12,2024,0.0,0.0,0.0,128.78
19,2024-12-06 18:00:00,1403/09/16,0,FP,3,13,65.0,12.4,9.1,137.0,0.0,0.689459584,19,4,12,2024,0.0,0.0,0.0,128.78
20,2024-12-06 19:00:00,1403/09/16,0,FP,3,13,65.0,12.4,9.1,137.0,0.0,0.649624266,20,4,12,2024,0.0,0.0,0.0,128.78
21,2024-12-06 20:00:00,1403/09/16,100,LA,3,12,69.0,12.4,9.1,137.0,0.0,0.594028335,21,4,12,2024,0.0,0.0,0.0,128.78
22,2024-12-06 21:00:00,1403/09/16,135,LA,3,10,65.0,12.4,9.1,137.0,0.0,0.532735262,22,4,12,2024,0.0,0.0,0.0,128.78
23,2024-12-06 22:00:00,1403/09/16,133,LA,3,9,68.0,12.4,9.1,137.0,0.0,0.473412711,23,4,12,2024,0.0,0.0,0.0,128.78
24,2024-12-06 23:00:00,1403/09/17,129,LA,3,9,73.0,12.4,9.1,137.0,0.0,0.442977399,24,4,12,2024,0.0,0.0,0.0,128.78
1,2024-12-07 00:00:00,1403/09/17,129,LA,3,8,74.0,12.4,9.1,137.0,128.9,0.401742453,1,5,12,2024,0.0,0.0,0.0,128.78
2,2024-12-07 01:00:00,1403/09/17,131,LA,3,7,78.0,12.4,9.1,137.0,128.9,0.374235477,2,5,12,2024,0.0,0.0,0.0,128.78
3,2024-12-07 02:00:00,1403/09/17,45,LA,3,7,83.0,11.0,7.0,137.0,128.9,0.360021829,3,5,12,2024,0.0,0.0,0.0,128.78
4,2024-12-07 03:00:00,1403/09/17,45,LA,3,6,89.0,11.0,7.0,137.0,129.7,0.357308411,4,5,12,2024,0.0,0.0,0.0,128.78
5,2024-12-07 04:00:00,1403/09/17,60,LA,3,5,92.0,11.0,7.0,137.0,129.7,0.366165506,5,5,12,2024,0.0,0.0,0.0,128.78
6,2024-12-07 05:00:00,1403/09/17,70,LA,3,5,87.0,11.0,7.0,137.0,129.7,0.388981091,6,5,12,2024,0.0,0.0,0.0,128.78
7,2024-12-07 06:00:00,1403/09/17,70,LA,3,6,81.0,10.9,7.5,137.0,128.9,0.425444791,7,5,12,2024,0.0,0.0,0.0,128.78
8,2024-12-07 07:00:00,1403/09/17,70,LA,3,8,74.0,10.9,7.5,137.0,128.6,0.473820151,8,5,12,2024,0.0,0.0,0.0,128.78
9,2024-12-07 08:00:00,1403/09/17,70,LA,3,11,36.0,10.9,7.5,137.0,127.0,0.532256895,9,5,12,2024,0.0,0.0,0.0,128.78
10,2024-12-07 09:00:00,1403/09/17,70,LA,3,15,9.0,10.9,7.5,137.0,126.2,0.586978507,10,5,12,2024,0.0,0.0,0.0,128.78
11,2024-12-07 10:00:00,1403/09/17,70,LA,3,18,6.0,10.5,7.3,137.0,125.4,0.619026518,11,5,12,2024,0.0,0.0,0.0,128.78
12,2024-12-07 11:00:00,1403/09/17,70,LA,3,20,4.0,10.5,7.3,137.0,124.5,0.629124679,12,5,12,2024,0.0,0.0,0.0,128.78
13,2024-12-07 12:00:00,1403/09/17,70,LA,3,21,9.0,10.5,7.3,137.0,124.5,0.624542773,13,5,12,2024,0.0,0.0,0.0,128.78
14,2024-12-07 13:00:00,1403/09/17,70,LA,3,21,9.0,10.5,7.3,137.0,124.5,0.621101656,14,5,12,2024,0.0,0.0,0.0,128.78
15,2024-12-07 14:00:00,1403/09/17,90,LA,3,22,10.0,10.5,7.3,137.0,124.5,0.645017129,15,5,12,2024,0.0,0.0,0.0,128.78
16,2024-12-07 15:00:00,1403/09/17,95,LA,3,22,19.0,10.5,7.3,137.0,126.2,0.677318058,16,5,12,2024,0.0,0.0,0.0,128.78
17,2024-12-07 16:00:00,1403/09/17,100,LA,3,17,30.0,10.5,7.3,137.0,127.8,0.708378811,17,5,12,2024,0.0,0.0,0.0,128.78
18,2024-12-07 17:00:00,1403/09/17,100,LA,3,16,38.0,10.5,7.3,137.0,128.6,0.734887995,18,5,12,2024,0.0,0.0,0.0,128.78
19,2024-12-07 18:00:00,1403/09/17,105,LA,3,15,43.0,13.0,9.4,137.0,129.5,0.73854459,19,5,12,2024,0.0,0.0,0.0,128.78
20,2024-12-07 19:00:00,1403/09/17,129,LA,3,12,52.0,13.0,9.4,137.0,129.5,0.69316445,20,5,12,2024,0.0,0.0,0.0,128.78
21,2024-12-07 20:00:00,1403/09/17,130,LA,3,10,54.0,13.0,9.4,137.0,127.3,0.630647178,21,5,12,2024,100.0,0.0,0.0,128.78
22,2024-12-07 21:00:00,1403/09/17,130,LA,3,8,56.0,13.0,9.4,137.0,127.3,0.562430217,22,5,12,2024,135.0,0.0,0.0,128.78
23,2024-12-07 22:00:00,1403/09/17,129,LA,3,7,65.0,12.5,9.2,137.0,127.3,0.497973103,23,5,12,2024,133.0,0.0,0.0,128.78
24,2024-12-07 23:00:00,1403/09/18,129,LA,3,7,68.0,12.4,9.1,137.0,128.1,0.442898115,24,5,12,2024,129.0,0.0,0.0,128.78
1,2024-12-08 00:00:00,1403/09/18,130,LA,3,6,72.0,12.5,9.2,137.0,128.9,0.401018499,1,6,12,2024,129.0,0.0,0.0,128.78
2,2024-12-08 01:00:00,1403/09/18,129,LA,3,6,60.0,12.5,9.2,137.0,128.9,0.373396953,2,6,12,2024,131.0,0.0,0.0,128.78
3,2024-12-08 02:00:00,1403/09/18,110,LA,3,5,71.0,12.5,9.2,137.0,128.9,0.359452008,3,6,12,2024,45.0,0.0,0.0,128.78
4,2024-12-08 03:00:00,1403/09/18,110,LA,3,4,70.0,12.5,9.2,137.0,129.7,0.357333981,4,6,12,2024,45.0,0.0,0.0,128.78
5,2024-12-08 04:00:00,1403/09/18,110,LA,3,4,72.0,12.5,9.2,137.0,129.7,0.367056706,5,6,12,2024,60.0,0.0,0.0,128.78
6,2024-12-08 05:00:00,1403/09/18,110,LA,3,4,69.0,12.5,9.2,137.0,129.7,0.390803435,6,6,12,2024,70.0,0.0,0.0,128.78
7,2024-12-08 06:00:00,1403/09/18,110,LA,3,4,76.0,12.5,9.2,137.0,128.9,0.428020987,7,6,12,2024,70.0,0.0,0.0,128.78
8,2024-12-08 07:00:00,1403/09/18,110,LA,3,8,51.0,11.7,8.7,137.0,128.6,0.477114224,8,6,12,2024,70.0,0.0,0.0,128.78
9,2024-12-08 08:00:00,1403/09/18,110,LA,3,13,20.0,11.7,8.7,137.0,127.0,0.535311401,9,6,12,2024,70.0,0.0,0.0,128.78
10,2024-12-08 09:00:00,1403/09/18,110,LA,3,17,5.0,11.7,8.7,137.0,126.2,0.588005723,10,6,12,2024,70.0,0.0,0.0,128.78
11,2024-12-08 10:00:00,1403/09/18,110,LA,3,20,4.0,12.8,9.0,137.0,125.4,0.617651934,11,6,12,2024,70.0,0.0,0.0,128.78
12,2024-12-08 11:00:00,1403/09/18,110,LG3,3,21,8.0,12.8,9.0,137.0,124.5,0.62660353,12,6,12,2024,70.0,0.0,0.0,128.78
13,2024-12-08 12:00:00,1403/09/18,110,LG3,3,23,8.0,12.8,9.0,137.0,124.5,0.621004619,13,6,12,2024,70.0,0.0,0.0,128.78
14,2024-12-08 13:00:00,1403/09/18,115,LG3,3,24,8.0,12.8,9.0,137.0,124.5,0.61710319,14,6,12,2024,70.0,0.0,0.0,128.78
15,2024-12-08 14:00:00,1403/09/18,115,LG3,3,23,11.0,12.0,8.8,137.0,124.5,0.641322406,15,6,12,2024,90.0,0.0,0.0,128.78
16,2024-12-08 15:00:00,1403/09/18,115,LG3,3,21,15.0,12.0,8.8,137.0,126.2,0.674876633,16,6,12,2024,95.0,0.0,0.0,128.78
17,2024-12-08 16:00:00,1403/09/18,115,LG3,3,18,21.0,12.0,8.8,137.0,127.8,0.707013632,17,6,12,2024,100.0,0.0,0.0,128.78
18,2024-12-08 17:00:00,1403/09/18,124,LF1,3,14,27.0,12.0,8.8,137.0,128.6,0.734631293,18,6,12,2024,100.0,0.0,0.0,128.78
19,2024-12-08 18:00:00,1403/09/18,126,LF1,3,12,42.0,13.0,9.4,137.0,129.5,0.739180146,19,6,12,2024,105.0,0.0,0.0,128.78
20,2024-12-08 19:00:00,1403/09/18,128,LF1,3,10,43.0,13.0,9.4,137.0,129.5,0.692958833,20,6,12,2024,129.0,0.0,0.0,128.78
21,2024-12-08 20:00:00,1403/09/18,128,LF1,3,9,47.0,13.0,9.4,137.0,127.3,0.628585626,21,6,12,2024,130.0,100.0,0.0,128.78
22,2024-12-08 21:00:00,1403/09/18,123,LF1,3,8,49.0,13.0,9.4,137.0,127.3,0.559331344,22,6,12,2024,130.0,135.0,0.0,128.78
23,2024-12-08 22:00:00,1403/09/18,121,LF1,3,8,54.0,11.5,8.8,137.0,127.3,0.494808892,23,6,12,2024,129.0,133.0,0.0,128.78
24,2024-12-08 23:00:00,1403/09/19,119,LF1,3,7,57.0,12.5,9.2,137.0,128.1,0.439831574,24,6,12,2024,129.0,129.0,0.0,128.78
1,2024-12-09 00:00:00,1403/09/19,105,LF1,3,7,55.0,11.5,8.8,137.0,128.1,0.398393039,1,0,12,2024,130.0,129.0,0.0,128.78
2,2024-12-09 01:00:00,1403/09/19,90,LF1,3,7,60.0,11.5,8.8,137.0,128.1,0.371305316,2,0,12,2024,129.0,131.0,0.0,128.78
3,2024-12-09 02:00:00,1403/09/19,90,LF1,3,7,61.0,11.5,8.8,137.0,128.1,0.357771285,3,0,12,2024,110.0,45.0,0.0,128.78
4,2024-12-09 03:00:00,1403/09/19,90,LF1,3,6,60.0,11.5,8.8,137.0,128.9,0.356185683,4,0,12,2024,110.0,45.0,0.0,128.78
5,2024-12-09 04:00:00,1403/09/19,100,LF1,3,6,60.0,11.5,8.8,137.0,128.9,0.36656458,5,0,12,2024,110.0,60.0,0.0,128.78
6,2024-12-09 05:00:00,1403/09/19,100,LF1,3,5,63.0,11.5,8.8,137.0,128.9,0.391142804,6,0,12,2024,110.0,70.0,0.0,128.78
7,2024-12-09 06:00:00,1403/09/19,100,LF1,3,5,63.0,10.1,7.8,137.0,128.1,0.42931322,7,0,12,2024,110.0,70.0,0.0,128.78
8,2024-12-09 07:00:00,1403/09/19,100,LF1,3,8,53.0,10.1,7.8,137.0,128.6,0.478879564,8,0,12,2024,110.0,70.0,0.0,128.78
9,2024-12-09 08:00:00,1403/09/19,100,LF1,3,12,16.0,10.1,7.8,137.0,125.4,0.536775775,9,0,12,2024,110.0,70.0,0.0,128.78
10,2024-12-09 09:00:00,1403/09/19,100,LF1,3,16,7.0,10.1,7.8,137.0,124.5,0.588760239,10,0,12,2024,110.0,70.0,0.0,128.78
11,2024-12-09 10:00:00,1403/09/19,100,LG3,3,18,10.0,10.4,7.9,137.0,124.5,0.617634444,11,0,12,2024,110.0,70.0,0.0,128.78
12,2024-12-09 11:00:00,1403/09/19,100,LG3,3,19,10.0,10.4,7.9,137.0,123.7,0.625720267,12,0,12,2024,110.0,70.0,0.0,128.78
13,2024-12-09 12:00:00,1403/09/19,100,LG3,3,20,7.0,10.4,7.9,137.0,123.7,0.620918474,13,0,12,2024,110.0,70.0,0.0,128.78
14,2024-12-09 13:00:00,1403/09/19,100,LG3,3,21,8.0,10.4,7.9,137.0,123.7,0.617590567,14,0,12,2024,115.0,70.0,0.0,128.78
15,2024-12-09 14:00:00,1403/09/19,100,LG3,3,21,12.0,11.6,8.4,137.0,123.7,0.642890628,15,0,12,2024,115.0,90.0,0.0,128.78
16,2024-12-09 15:00:00,1403/09/19,100,LG3,3,21,20.0,11.6,8.4,137.0,126.2,0.677565385,16,0,12,2024,115.0,95.0,0.0,128.78
17,2024-12-09 16:00:00,1403/09/19,120,LG3,3,18,27.0,11.6,8.4,137.0,127.8,0.710717092,17,0,12,2024,115.0,100.0,0.0,128.78
18,2024-12-09 17:00:00,1403/09/19,120,LG3,3,14,37.0,11.6,8.4,137.0,127.8,0.7389055,18,0,12,2024,124.0,100.0,0.0,128.78
19,2024-12-09 18:00:00,1403/09/19,120,LG3,3,13,39.0,13.0,9.4,137.0,128.6,0.743863663,19,0,12,2024,126.0,105.0,0.0,128.78
20,2024-12-09 19:00:00,1403/09/19,125,LG3,3,11,49.0,13.0,9.4,137.0,128.6,0.696058621,20,0,12,2024,128.0,129.0,0.0,128.78
21,2024-12-09 20:00:00,1403/09/19,125,LG3,3,10,53.0,13.0,9.4,137.0,129.5,0.629287682,21,0,12,2024,128.0,130.0,100.0,128.78
22,2024-12-09 21:00:00,1403/09/19,125,LG3,3,9,59.0,13.0,9.4,137.0,129.5,0.557536747,22,0,12,2024,123.0,130.0,135.0,128.78
23,2024-12-09 22:00:00,1403/09/19,115,LG3,3,9,62.0,10.1,8.0,137.0,127.3,0.49198659,23,0,12,2024,121.0,129.0,133.0,128.78
24,2024-12-09 23:00:00,1403/09/20,105,LG3,3,9,60.0,11.5,8.8,137.0,127.3,0.43679273,24,0,12,2024,119.0,129.0,129.0,128.78
1,2024-12-10 00:00:00,1403/09/20,105,LG3,3,7,62.0,10.1,8.0,137.0,128.1,0.395632844,1,1,12,2024,105.0,130.0,129.0,128.78
2,2024-12-10 01:00:00,1403/09/20,100,LG3,3,7,65.0,10.1,8.0,137.0,128.1,0.368985149,2,1,12,2024,90.0,129.0,131.0,128.78
3,2024-12-10 02:00:00,1403/09/20,100,LG3,3,6,68.0,10.5,8.1,137.0,128.1,0.356303211,3,1,12,2024,90.0,110.0,45.0,128.78
4,2024-12-10 03:00:00,1403/09/20,100,LG3,3,6,69.0,10.5,8.1,137.0,128.9,0.355540266,4,1,12,2024,90.0,110.0,45.0,128.78
5,2024-12-10 04:00:00,1403/09/20,105,LG3,3,7,71.0,10.5,8.1,137.0,128.9,0.367129507,5,1,12,2024,100.0,110.0,60.0,128.78
6,2024-12-10 05:00:00,1403/09/20,105,LG3,3,6,71.0,10.5,8.1,137.0,128.9,0.393349167,6,1,12,2024,100.0,110.0,70.0,128.78
7,2024-12-10 06:00:00,1403/09/20,105,LG3,3,5,71.0,11.4,8.5,137.0,128.1,0.433604284,7,1,12,2024,100.0,110.0,70.0,128.78
8,2024-12-10 07:00:00,1403/09/20,105,LG3,3,8,60.0,11.4,8.5,137.0,128.6,0.485849419,8,1,12,2024,100.0,110.0,70.0,128.78
9,2024-12-10 08:00:00,1403/09/20,105,LG3,3,12,17.0,11.4,8.5,137.0,125.4,0.546465787,9,1,12,2024,100.0,110.0,70.0,128.78
10,2024-12-10 09:00:00,1403/09/20,105,LG3,3,15,7.0,11.4,8.5,137.0,124.5,0.600214125,10,1,12,2024,100.0,110.0,70.0,128.78
11,2024-12-10 10:00:00,1403/09/20,105,LG3,3,17,5.0,8.8,8.8,137.0,124.5,0.628972339,11,1,12,2024,100.0,110.0,70.0,128.78
12,2024-12-10 11:00:00,1403/09/20,105,LG3,3,19,12.0,8.8,8.8,137.0,123.7,0.636852506,12,1,12,2024,100.0,110.0,70.0,128.78
13,2024-12-10 12:00:00,1403/09/20,105,LG3,3,20,7.0,8.8,8.8,137.0,123.7,0.631496579,13,1,12,2024,100.0,110.0,70.0,128.78
14,2024-12-10 13:00:00,1403/09/20,105,LG3,3,21,7.0,8.8,8.8,137.0,123.7,0.627919985,14,1,12,2024,100.0,115.0,70.0,128.78
15,2024-12-10 14:00:00,1403/09/20,105,LG3,3,21,8.0,12.0,8.5,137.0,123.7,0.653561033,15,1,12,2024,100.0,115.0,90.0,128.78
16,2024-12-10 15:00:00,1403/09/20,105,LG3,3,20,32.0,12.0,8.5,137.0,126.2,0.688126068,16,1,12,2024,100.0,115.0,95.0,128.78
17,2024-12-10 16:00:00,1403/09/20,90,LG3,3,17,40.0,12.0,8.5,137.0,127.8,0.72031633,17,1,12,2024,120.0,115.0,100.0,128.78
18,2024-12-10 17:00:00,1403/09/20,126,LG3,3,15,50.0,12.0,8.5,137.0,127.8,0.747172049,18,1,12,2024,120.0,124.0,100.0,128.78
19,2024-12-10 18:00:00,1403/09/20,90,LG3,3,14,52.0,9.5,7.3,137.0,128.6,0.750368589,19,1,12,2024,120.0,126.0,105.0,128.78
20,2024-12-10 19:00:00,1403/09/20,90,LG3,3,12,64.0,9.5,7.3,137.0,128.6,0.699643024,20,1,12,2024,125.0,128.0,129.0,128.78
21,2024-12-10 20:00:00,1403/09/20,90,LG3,3,12,63.0,9.5,7.3,137.0,129.5,0.632154136,21,1,12,2024,125.0,128.0,130.0,128.78
22,2024-12-10 21:00:00,1403/09/20,90,LG3,3,11,60.0,9.5,7.3,137.0,129.5,0.560096224,22,1,12,2024,125.0,123.0,130.0,128.78
23,2024-12-10 22:00:00,1403/09/20,90,LG3,3,9,56.0,9.5,7.3,137.0,127.3,0.494147038,23,1,12,2024,115.0,121.0,129.0,128.78
24,2024-12-10 23:00:00,1403/09/21,90,LG3,3,8,72.0,10.1,8.0,137.0,127.3,0.438410204,24,1,12,2024,105.0,119.0,129.0,128.78
1,2024-12-11 00:00:00,1403/09/21,90,LG3,3,7,71.0,9.5,7.3,137.0,128.1,0.396996342,1,2,12,2024,105.0,105.0,130.0,128.78
2,2024-12-11 01:00:00,1403/09/21,90,LG3,3,6,75.0,9.5,7.3,137.0,128.1,0.369804512,2,2,12,2024,100.0,90.0,129.0,128.78
3,2024-12-11 02:00:00,1403/09/21,90,LG3,3,7,76.0,9.5,7.3,137.0,128.1,0.356342224,3,2,12,2024,100.0,90.0,110.0,128.78
4,2024-12-11 03:00:00,1403/09/21,90,LG3,3,6,78.0,9.5,7.3,137.0,128.9,0.354642206,4,2,12,2024,100.0,90.0,110.0,128.78
5,2024-12-11 04:00:00,1403/09/21,90,LG3,3,5,80.0,9.5,7.3,137.0,128.9,0.364971627,5,2,12,2024,105.0,100.0,110.0,128.78
6,2024-12-11 05:00:00,1403/09/21,90,LG3,3,5,82.0,9.5,7.3,137.0,128.9,0.38967836,6,2,12,2024,105.0,100.0,110.0,128.78
7,2024-12-11 06:00:00,1403/09/21,90,LG3,3,8,59.0,9.2,7.3,137.0,128.1,0.427651872,7,2,12,2024,105.0,100.0,110.0,128.78
8,2024-12-11 07:00:00,1403/09/21,90,LG3,3,8,59.0,9.2,7.3,137.0,128.6,0.477314353,8,2,12,2024,105.0,100.0,110.0,128.78
9,2024-12-11 08:00:00,1403/09/21,90,LG3,3,12,30.0,9.2,7.3,137.0,125.4,0.535023459,9,2,12,2024,105.0,100.0,110.0,128.78
10,2024-12-11 09:00:00,1403/09/21,90,LG3,3,15,11.0,9.2,7.3,137.0,124.5,0.587002035,10,2,12,2024,105.0,100.0,110.0,128.78
11,2024-12-11 10:00:00,1403/09/21,90,LG3,3,17,10.0,9.6,7.4,137.0,124.5,0.615145462,11,2,12,2024,105.0,100.0,110.0,128.78
12,2024-12-11 11:00:00,1403/09/21,90,LG3,3,20,10.0,9.6,7.4,137.0,123.7,0.623570279,12,2,12,2024,105.0,100.0,110.0,128.78
13,2024-12-11 12:00:00,1403/09/21,90,LG3,3,22,11.0,9.6,7.4,137.0,123.7,0.618535794,13,2,12,2024,105.0,100.0,110.0,128.78
14,2024-12-11 13:00:00,1403/09/21,90,LG3,3,23,20.0,9.6,7.4,137.0,123.7,0.614906637,14,2,12,2024,105.0,100.0,115.0,128.78
15,2024-12-11 14:00:00,1403/09/21,90,LG3,3,22,25.0,9.4,7.4,137.0,123.7,0.639679814,15,2,12,2024,105.0,100.0,115.0,128.78
16,2024-12-11 15:00:00,1403/09/21,90,LG3,3,21,30.0,9.4,7.4,137.0,126.2,0.6736045,16,2,12,2024,105.0,100.0,115.0,128.78
17,2024-12-11 16:00:00,1403/09/21,90,LG3,3,18,43.0,9.4,7.4,137.0,127.8,0.705165973,17,2,12,2024,90.0,120.0,115.0,128.78
18,2024-12-11 17:00:00,1403/09/21,123,LF1,3,15,56.0,9.4,7.4,137.0,127.8,0.731825524,18,2,12,2024,126.0,120.0,124.0,128.78
19,2024-12-11 18:00:00,1403/09/21,124,LF1,3,14,62.0,13.0,9.4,137.0,128.6,0.735003495,19,2,12,2024,90.0,120.0,126.0,128.78
20,2024-12-11 19:00:00,1403/09/21,128,LF1,3,14,66.0,13.0,9.4,137.0,128.6,0.685920941,20,2,12,2024,90.0,125.0,128.0,128.78
21,2024-12-11 20:00:00,1403/09/21,128,LF1,3,12,69.0,13.0,9.4,137.0,129.5,0.620931453,21,2,12,2024,90.0,125.0,128.0,128.78
22,2024-12-11 21:00:00,1403/09/21,129,LF1,3,12,67.0,13.0,9.4,137.0,129.5,0.552414959,22,2,12,2024,90.0,125.0,123.0,128.78
23,2024-12-11 22:00:00,1403/09/21,114,LF1,3,11,74.0,7.9,6.5,137.0,127.3,0.488251535,23,2,12,2024,90.0,115.0,121.0,128.78
24,2024-12-11 23:00:00,1403/09/22,75,LF1,3,10,75.0,9.5,7.3,137.0,127.3,0.434245102,24,2,12,2024,90.0,105.0,119.0,128.78
1,2024-12-12 00:00:00,1403/09/22,75,LF1,3,9,80.0,7.9,6.5,137.0,128.1,0.393817406,1,3,12,2024,90.0,105.0,105.0,128.78
2,2024-12-12 01:00:00,1403/09/22,75,LF1,3,8,84.0,7.9,6.5,137.0,128.1,0.366846999,2,3,12,2024,90.0,100.0,90.0,128.78
3,2024-12-12 02:00:00,1403/09/22,75,LF1,3,8,85.0,8.1,6.6,137.0,128.1,0.353001676,3,3,12,2024,90.0,100.0,90.0,128.78
4,2024-12-12 03:00:00,1403/09/22,75,LF1,3,7,84.0,8.1,6.6,137.0,128.9,0.350865934,4,3,12,2024,90.0,100.0,90.0,128.78
5,2024-12-12 04:00:00,1403/09/22,75,LF1,3,7,85.0,8.1,6.6,137.0,128.9,0.359544452,5,3,12,2024,90.0,105.0,100.0,128.78
6,2024-12-12 05:00:00,1403/09/22,75,LF1,3,7,81.0,8.1,6.6,137.0,128.9,0.381590473,6,3,12,2024,90.0,105.0,100.0,128.78
7,2024-12-12 06:00:00,1403/09/22,75,LF1,3,7,84.0,8.0,6.5,137.0,128.1,0.415802328,7,3,12,2024,90.0,105.0,100.0,128.78
8,2024-12-12 07:00:00,1403/09/22,75,LF1,3,8,70.0,8.0,6.5,137.0,128.6,0.460158025,8,3,12,2024,90.0,105.0,100.0,128.78
9,2024-12-12 08:00:00,1403/09/22,75,LF1,3,11,62.0,8.0,6.5,137.0,125.4,0.510846672,9,3,12,2024,90.0,105.0,100.0,128.78
10,2024-12-12 09:00:00,1403/09/22,75,LF1,3,13,42.0,8.0,6.5,137.0,124.5,0.557186138,10,3,12,2024,90.0,105.0,100.0,128.78
11,2024-12-12 10:00:00,1403/09/22,75,LG5,3,16,23.0,8.6,6.8,137.0,124.5,0.583021093,11,3,12,2024,90.0,105.0,100.0,128.78
12,2024-12-12 11:00:00,1403/09/22,80,LG5,3,17,15.0,8.6,6.8,137.0,123.7,0.59138306,12,3,12,2024,90.0,105.0,100.0,128.78
13,2024-12-12 12:00:00,1403/09/22,80,LG5,3,19,26.0,8.6,6.8,137.0,123.7,0.586802523,13,3,12,2024,90.0,105.0,100.0,128.78
14,2024-12-12 13:00:00,1403/09/22,80,LG5,3,19,26.0,8.6,6.8,137.0,123.7,0.584191242,14,3,12,2024,90.0,105.0,100.0,128.78
15,2024-12-12 14:00:00,1403/09/22,80,LG5,3,19,35.0,8.7,6.8,137.0,123.7,0.607657001,15,3,12,2024,90.0,105.0,100.0,128.78
16,2024-12-12 15:00:00,1403/09/22,80,LG5,3,18,39.0,8.7,6.8,137.0,126.2,0.639802959,16,3,12,2024,90.0,105.0,100.0,128.78
17,2024-12-12 16:00:00,1403/09/22,125,LG5,3,18,51.0,8.7,6.8,137.0,127.8,0.670350739,17,3,12,2024,90.0,90.0,120.0,128.78
18,2024-12-12 17:00:00,1403/09/22,127,LG5,3,14,56.0,8.7,6.8,137.0,127.8,0.698123624,18,3,12,2024,123.0,126.0,120.0,128.78
19,2024-12-12 18:00:00,1403/09/22,127,LG5,3,13,59.0,13.1,9.4,137.0,128.6,0.70427544,19,3,12,2024,124.0,90.0,120.0,128.78
20,2024-12-12 19:00:00,1403/09/22,129,LG5,3,12,72.0,13.1,9.4,137.0,128.6,0.661559037,20,3,12,2024,128.0,90.0,125.0,128.78
21,2024-12-12 20:00:00,1403/09/22,130,LG5,3,11,76.0,13.1,9.4,137.0,129.5,0.603021015,21,3,12,2024,128.0,90.0,125.0,128.78
22,2024-12-12 21:00:00,1403/09/22,130,LG5,3,10,80.0,13.1,9.4,137.0,129.5,0.539731268,22,3,12,2024,129.0,90.0,125.0,128.78
23,2024-12-12 22:00:00,1403/09/22,110,LG5,3,9,78.0,11.0,8.3,137.0,127.3,0.47912822,23,3,12,2024,114.0,90.0,115.0,128.78
24,2024-12-12 23:00:00,1403/09/23,110,LG5,3,9,80.0,7.9,6.5,137.0,127.3,0.407004215,24,3,12,2024,75.0,90.0,105.0,128.78
1,2024-12-13 00:00:00,1403/09/23,110,LG5,3,8,80.0,11.0,8.3,137.0,128.1,0.369810111,1,4,12,2024,75.0,90.0,105.0,128.78
2,2024-12-13 01:00:00,1403/09/23,110,LG5,3,8,85.0,11.0,8.3,137.0,128.1,0.344637347,2,4,12,2024,75.0,90.0,100.0,128.78
3,2024-12-13 02:00:00,1403/09/23,110,LG5,3,7,86.0,11.0,8.3,137.0,128.1,0.331679805,3,4,12,2024,75.0,90.0,100.0,128.78
4,2024-12-13 03:00:00,1403/09/23,110,LG5,3,7,86.0,11.0,8.3,137.0,128.9,0.329645085,4,4,12,2024,75.0,90.0,100.0,128.78
5,2024-12-13 04:00:00,1403/09/23,110,LG5,3,7,86.0,11.0,8.3,137.0,128.9,0.337639966,5,4,12,2024,75.0,90.0,105.0,128.78
6,2024-12-13 05:00:00,1403/09/23,110,LG5,3,6,87.0,11.0,8.3,137.0,128.9,0.357742301,6,4,12,2024,75.0,90.0,105.0,128.78
7,2024-12-13 06:00:00,1403/09/23,110,LG5,3,6,88.0,10.2,7.8,137.0,128.1,0.38942795,7,4,12,2024,75.0,90.0,105.0,128.78
8,2024-12-13 07:00:00,1403/09/23,100,LG5,3,8,79.0,10.2,7.8,137.0,128.6,0.430703137,8,4,12,2024,75.0,90.0,105.0,128.78
9,2024-12-13 08:00:00,1403/09/23,100,LG5,3,13,35.0,10.2,7.8,137.0,125.4,0.478017982,9,4,12,2024,75.0,90.0,105.0,128.78
10,2024-12-13 09:00:00,1403/09/23,100,LG5,3,14,16.0,10.2,7.8,137.0,124.5,0.521803726,10,4,12,2024,75.0,90.0,105.0,128.78
11,2024-12-13 10:00:00,1403/09/23,100,LG5,3,18,21.0,12.2,8.8,137.0,124.5,0.547347174,11,4,12,2024,75.0,90.0,105.0,128.78
12,2024-12-13 11:00:00,1403/09/23,100,LG5,3,18,19.0,12.2,8.8,137.0,123.7,0.556282186,12,4,12,2024,80.0,90.0,105.0,128.78
13,2024-12-13 12:00:00,1403/09/23,100,LG5,3,19,20.0,12.2,8.8,137.0,123.7,0.552772628,13,4,12,2024,80.0,90.0,105.0,128.78
14,2024-12-13 13:00:00,1403/09/23,100,LG5,3,19,19.0,12.2,8.8,137.0,123.7,0.551011145,14,4,12,2024,80.0,90.0,105.0,128.78
15,2024-12-13 14:00:00,1403/09/23,100,LG5,3,18,32.0,12.0,8.8,137.0,123.7,0.573554391,15,4,12,2024,80.0,90.0,105.0,128.78
16,2024-12-13 15:00:00,1403/09/23,100,LG5,3,18,32.0,12.0,8.8,137.0,126.2,0.603279504,16,4,12,2024,80.0,90.0,105.0,128.78
17,2024-12-13 16:00:00,1403/09/23,115,LG5,3,16,38.0,12.0,8.8,137.0,127.8,0.631902176,17,4,12,2024,125.0,90.0,90.0,128.78
18,2024-12-13 17:00:00,1403/09/23,127,LG5,3,13,42.0,12.0,8.8,137.0,127.8,0.658032699,18,4,12,2024,127.0,123.0,126.0,128.78
19,2024-12-13 18:00:00,1403/09/23,127,LG5,3,12,51.0,12.9,9.4,137.0,128.6,0.663997195,19,4,12,2024,127.0,124.0,90.0,128.78
20,2024-12-13 19:00:00,1403/09/23,128,LG5,3,11,59.0,12.9,9.4,137.0,128.6,0.62435541,20,4,12,2024,129.0,128.0,90.0,128.78
21,2024-12-13 20:00:00,1403/09/23,129,LG5,3,10,70.0,12.9,9.4,137.0,129.5,0.570003555,21,4,12,2024,130.0,128.0,90.0,128.78
22,2024-12-13 21:00:00,1403/09/23,125,LG5,3,9,75.0,12.9,9.4,137.0,129.5,0.510826068,22,4,12,2024,130.0,129.0,90.0,128.78
23,2024-12-13 22:00:00,1403/09/23,125,LG5,3,8,68.0,12.8,9.1,137.0,127.3,0.453968999,23,4,12,2024,110.0,114.0,90.0,128.78
24,2024-12-13 23:00:00,1403/09/24,126,LG5,3,7,69.0,11.0,8.3,137.0,127.3,0.425595765,24,4,12,2024,110.0,75.0,90.0,128.78
1,2024-12-14 00:00:00,1403/09/24,110,LG5,3,8,66.0,12.8,9.1,137.0,132.7,0.38695137,1,5,12,2024,110.0,75.0,90.0,128.78
2,2024-12-14 01:00:00,1403/09/24,85,LG5,3,8,70.0,12.8,9.1,137.0,132.7,0.360665792,2,5,12,2024,110.0,75.0,90.0,128.78
3,2024-12-14 02:00:00,1403/09/24,85,LG5,3,8,73.0,11.0,8.3,137.0,133.6,0.346925797,3,5,12,2024,110.0,75.0,90.0,128.78
4,2024-12-14 03:00:00,1403/09/24,110,LG5,3,8,66.0,11.0,8.3,137.0,133.6,0.3445442,4,5,12,2024,110.0,75.0,90.0,128.78
5,2024-12-14 04:00:00,1403/09/24,110,LG5,3,8,71.0,11.0,8.3,137.0,133.6,0.352373361,5,5,12,2024,110.0,75.0,90.0,128.78
6,2024-12-14 05:00:00,1403/09/24,110,LG5,3,7,77.0,11.0,8.3,137.0,133.6,0.372749855,6,5,12,2024,110.0,75.0,90.0,128.78
7,2024-12-14 06:00:00,1403/09/24,110,LG5,3,8,76.0,11.1,8.3,137.0,133.6,0.405208038,7,5,12,2024,110.0,75.0,90.0,128.78
8,2024-12-14 07:00:00,1403/09/24,110,LG5,3,11,58.0,11.1,8.3,137.0,130.3,0.44776627,8,5,12,2024,100.0,75.0,90.0,128.78
9,2024-12-14 08:00:00,1403/09/24,110,LG5,3,14,49.0,11.1,8.3,137.0,131.6,0.496955251,9,5,12,2024,100.0,75.0,90.0,128.78
10,2024-12-14 09:00:00,1403/09/24,90,LG5,3,18,26.0,11.1,8.3,137.0,131.6,0.543292148,10,5,12,2024,100.0,75.0,90.0,128.78
11,2024-12-14 10:00:00,1403/09/24,90,LG5,3,18,31.0,9.6,7.3,137.0,130.8,0.570383514,11,5,12,2024,100.0,75.0,90.0,128.78
12,2024-12-14 11:00:00,1403/09/24,90,LG5,3,18,24.0,9.6,7.3,137.0,130.0,0.580844125,12,5,12,2024,100.0,80.0,90.0,128.78
13,2024-12-14 12:00:00,1403/09/24,90,LG5,3,19,29.0,9.6,7.3,137.0,130.0,0.578273167,13,5,12,2024,100.0,80.0,90.0,128.78
14,2024-12-14 13:00:00,1403/09/24,90,LG5,3,19,26.0,9.6,7.3,137.0,131.6,0.576932165,14,5,12,2024,100.0,80.0,90.0,128.78
15,2024-12-14 14:00:00,1403/09/24,90,LG5,3,18,25.0,9.4,7.3,137.0,130.3,0.600811117,15,5,12,2024,100.0,80.0,90.0,128.78
16,2024-12-14 15:00:00,1403/09/24,90,LG5,3,17,36.0,9.4,7.3,137.0,131.1,0.63256578,16,5,12,2024,100.0,80.0,90.0,128.78
17,2024-12-14 16:00:00,1403/09/24,90,LG5,3,16,56.0,9.4,7.3,137.0,131.9,0.663028163,17,5,12,2024,115.0,125.0,90.0,128.78
18,2024-12-14 17:00:00,1403/09/24,127,LG5,3,15,64.0,9.4,7.3,137.0,131.9,0.691001539,18,5,12,2024,127.0,127.0,123.0,128.78
19,2024-12-14 18:00:00,1403/09/24,115,LG5,3,13,69.0,12.0,8.6,137.0,131.9,0.698202425,19,5,12,2024,127.0,127.0,124.0,128.78
20,2024-12-14 19:00:00,1403/09/24,115,LG5,3,12,64.0,12.0,8.6,137.0,132.7,0.65721788,20,5,12,2024,128.0,129.0,128.0,128.78
21,2024-12-14 20:00:00,1403/09/24,115,LG5,3,12,68.0,12.0,8.6,137.0,132.7,0.600368479,21,5,12,2024,129.0,130.0,128.0,128.78
22,2024-12-14 21:00:00,1403/09/24,127,LG5,3,11,73.0,12.0,8.6,137.0,132.7,0.538543609,22,5,12,2024,125.0,130.0,129.0,128.78
23,2024-12-14 22:00:00,1403/09/24,127,LG5,3,9,71.0,12.0,8.8,137.0,132.7,0.478295123,23,5,12,2024,125.0,110.0,114.0,128.78
24,2024-12-14 23:00:00,1403/09/25,110,LG5,3,9,74.0,12.8,9.1,137.0,132.7,0.426613989,24,5,12,2024,126.0,110.0,75.0,128.78
1,2024-12-15 00:00:00,1403/09/25,110,LG5,3,8,91.0,12.0,8.8,137.0,132.7,0.387525569,1,6,12,2024,110.0,110.0,75.0,128.78
2,2024-12-15 01:00:00,1403/09/25,110,LG5,3,8,93.0,12.0,8.8,137.0,132.7,0.36077844,2,6,12,2024,85.0,110.0,75.0,128.78
3,2024-12-15 02:00:00,1403/09/25,110,LG5,3,7,95.0,11.5,8.6,137.0,133.6,0.346615251,3,6,12,2024,85.0,110.0,75.0,128.78
4,2024-12-15 03:00:00,1403/09/25,110,LG5,3,7,95.0,11.5,8.6,137.0,133.6,0.344366935,4,6,12,2024,110.0,110.0,75.0,128.78
5,2024-12-15 04:00:00,1403/09/25,110,LG5,3,6,97.0,11.5,8.6,137.0,133.6,0.35255951,5,6,12,2024,110.0,110.0,75.0,128.78
6,2024-12-15 05:00:00,1403/09/25,110,LG5,3,6,98.0,11.5,8.6,137.0,133.6,0.373730088,6,6,12,2024,110.0,110.0,75.0,128.78
7,2024-12-15 06:00:00,1403/09/25,110,LG5,3,5,98.0,12.1,8.9,137.0,133.6,0.407369156,7,6,12,2024,110.0,110.0,75.0,128.78
8,2024-12-15 07:00:00,1403/09/25,118,LG5,3,5,77.0,12.1,8.9,137.0,130.3,0.451314025,8,6,12,2024,110.0,100.0,75.0,128.78
9,2024-12-15 08:00:00,1403/09/25,122,LG5,3,6,41.0,12.1,8.9,137.0,131.6,0.50199616,9,6,12,2024,110.0,100.0,75.0,128.78
10,2024-12-15 09:00:00,1403/09/25,123,LG5,3,10,12.0,12.1,8.9,137.0,131.6,0.54965432,10,6,12,2024,90.0,100.0,75.0,128.78
11,2024-12-15 10:00:00,1403/09/25,114,LG5,3,12,7.0,10.6,8.1,137.0,130.8,0.576604859,11,6,12,2024,90.0,100.0,75.0,128.78
12,2024-12-15 11:00:00,1403/09/25,116,LG5,3,14,7.0,10.6,8.1,137.0,130.0,0.586954287,12,6,12,2024,90.0,100.0,80.0,128.78
13,2024-12-15 12:00:00,1403/09/25,116,LG5,3,15,7.0,10.6,8.1,137.0,130.0,0.583554093,13,6,12,2024,90.0,100.0,80.0,128.78
14,2024-12-15 13:00:00,1403/09/25,98,LG5,3,16,5.0,10.6,8.1,137.0,131.6,0.58139703,14,6,12,2024,90.0,100.0,80.0,128.78
15,2024-12-15 14:00:00,1403/09/25,104,LG5,3,16,13.0,10.0,7.7,137.0,130.3,0.604870221,15,6,12,2024,90.0,100.0,80.0,128.78
16,2024-12-15 15:00:00,1403/09/25,96,LG5,3,17,15.0,10.0,7.7,137.0,131.1,0.636700694,16,6,12,2024,90.0,100.0,80.0,128.78
17,2024-12-15 16:00:00,1403/09/25,129,LG5,3,12,51.0,10.0,7.7,137.0,131.9,0.666820699,17,6,12,2024,90.0,115.0,125.0,128.78
18,2024-12-15 17:00:00,1403/09/25,128,LF1,3,10,63.0,10.0,7.7,137.0,131.9,0.694495015,18,6,12,2024,127.0,127.0,127.0,128.78
19,2024-12-15 18:00:00,1403/09/25,129,LF1,3,9,70.0,12.6,9.2,137.0,131.9,0.700821115,19,6,12,2024,115.0,127.0,127.0,128.78
20,2024-12-15 19:00:00,1403/09/25,130,LF1,3,8,71.0,12.6,9.2,137.0,132.7,0.65913316,20,6,12,2024,115.0,128.0,129.0,128.78
21,2024-12-15 20:00:00,1403/09/25,130,LF1,3,8,69.0,12.6,9.2,137.0,132.7,0.600928782,21,6,12,2024,115.0,129.0,130.0,128.78
22,2024-12-15 21:00:00,1403/09/25,130,LF1,3,6,75.0,12.6,9.2,137.0,132.7,0.538224097,22,6,12,2024,127.0,125.0,130.0,128.78
23,2024-12-15 22:00:00,1403/09/25,131,LF1,3,5,75.0,9.7,7.7,137.0,132.7,0.477868066,23,6,12,2024,127.0,125.0,110.0,128.78
24,2024-12-15 23:00:00,1403/09/26,100,LF1,3,4,76.0,12.0,8.8,137.0,132.7,0.426310775,24,6,12,2024,110.0,126.0,110.0,128.78
1,2024-12-16 00:00:00,1403/09/26,100,LF1,3,4,81.0,9.7,7.7,137.0,136.0,0.387265381,1,0,12,2024,110.0,110.0,110.0,128.78
2,2024-12-16 01:00:00,1403/09/26,100,LF1,3,3,85.0,9.7,7.7,137.0,136.9,0.360610171,2,0,12,2024,110.0,85.0,110.0,128.78
3,2024-12-16 02:00:00,1403/09/26,100,LF1,3,3,88.0,9.7,7.7,137.0,136.9,0.346595245,3,0,12,2024,110.0,85.0,110.0,128.78
4,2024-12-16 03:00:00,1403/09/26,100,LF1,3,2,89.0,9.7,7.7,137.0,136.9,0.34466085,4,0,12,2024,110.0,110.0,110.0,128.78
5,2024-12-16 04:00:00,1403/09/26,100,LF1,3,2,89.0,9.7,7.7,137.0,136.9,0.353365043,5,0,12,2024,110.0,110.0,110.0,128.78
6,2024-12-16 05:00:00,1403/09/26,100,LF1,3,2,87.0,9.7,7.7,137.0,136.9,0.374917667,6,0,12,2024,110.0,110.0,110.0,128.78
7,2024-12-16 06:00:00,1403/09/26,90,LF1,3,1,89.0,10.5,8.3,137.0,136.9,0.40897117,7,0,12,2024,110.0,110.0,110.0,128.78
8,2024-12-16 07:00:00,1403/09/26,95,LF1,3,4,68.0,10.5,8.3,137.0,133.6,0.453185468,8,0,12,2024,118.0,110.0,100.0,128.78
9,2024-12-16 08:00:00,1403/09/26,95,LF1,3,8,24.0,10.5,8.3,137.0,130.3,0.503248171,9,0,12,2024,122.0,110.0,100.0,128.78
10,2024-12-16 09:00:00,1403/09/26,95,LF1,3,11,6.0,10.5,8.3,137.0,131.6,0.549390808,10,0,12,2024,123.0,90.0,100.0,128.78
11,2024-12-16 10:00:00,1403/09/26,95,LG3,3,14,3.0,10.5,8.3,137.0,130.8,0.57476115,11,0,12,2024,114.0,90.0,100.0,128.78
12,2024-12-16 11:00:00,1403/09/26,95,LG3,3,14,3.0,10.5,8.3,137.0,130.0,0.584481857,12,0,12,2024,116.0,90.0,100.0,128.78
13,2024-12-16 12:00:00,1403/09/26,95,LG3,3,18,4.0,10.5,8.3,137.0,130.0,0.58100031,13,0,12,2024,116.0,90.0,100.0,128.78
14,2024-12-16 13:00:00,1403/09/26,95,LG3,3,19,4.0,10.5,8.3,137.0,130.8,0.579255358,14,0,12,2024,98.0,90.0,100.0,128.78
15,2024-12-16 14:00:00,1403/09/26,95,LG3,3,19,10.0,10.5,8.1,137.0,130.8,0.6030763,15,0,12,2024,104.0,90.0,100.0,128.78
16,2024-12-16 15:00:00,1403/09/26,95,LG3,3,17,15.0,10.5,8.1,137.0,130.3,0.635479781,16,0,12,2024,96.0,90.0,100.0,128.78
17,2024-12-16 16:00:00,1403/09/26,95,LF1,3,13,19.0,10.5,8.1,137.0,131.9,0.665808232,17,0,12,2024,129.0,90.0,115.0,128.78
18,2024-12-16 17:00:00,1403/09/26,120,LF1,3,10,28.0,10.5,8.1,137.0,131.9,0.693599251,18,0,12,2024,128.0,127.0,127.0,128.78
19,2024-12-16 18:00:00,1403/09/26,120,LF1,3,9,36.0,12.3,9.2,137.0,131.9,0.700357227,19,0,12,2024,129.0,115.0,127.0,128.78
20,2024-12-16 19:00:00,1403/09/26,131,LF1,3,8,44.0,12.3,9.2,137.0,132.7,0.659331222,20,0,12,2024,130.0,115.0,128.0,128.78
21,2024-12-16 20:00:00,1403/09/26,128,LF1,3,7,45.0,12.3,9.2,137.0,132.7,0.601072434,21,0,12,2024,130.0,115.0,129.0,128.78
22,2024-12-16 21:00:00,1403/09/26,130,LF1,3,5,46.0,12.3,9.2,137.0,133.6,0.537703201,22,0,12,2024,130.0,127.0,125.0,128.78
23,2024-12-16 22:00:00,1403/09/26,131,LF1,3,4,50.0,12.2,9.4,137.0,133.6,0.477563044,23,0,12,2024,131.0,127.0,125.0,128.78
24,2024-12-16 23:00:00,1403/09/27,133,LF1,3,4,56.0,9.7,7.7,137.0,134.4,0.426278748,24,0,12,2024,100.0,110.0,126.0,128.78
1,2024-12-17 00:00:00,1403/09/27,135,LF1,3,4,56.0,12.2,9.4,137.0,136.0,0.387535647,1,1,12,2024,100.0,110.0,110.0,128.78
2,2024-12-17 01:00:00,1403/09/27,136,LF1,3,3,61.0,12.2,9.4,137.0,136.9,0.361330215,2,1,12,2024,100.0,110.0,85.0,128.78
3,2024-12-17 02:00:00,1403/09/27,136,LF1,3,2,57.0,9.6,7.8,137.0,136.9,0.347840527,3,1,12,2024,100.0,110.0,85.0,128.78
4,2024-12-17 03:00:00,1403/09/27,110,LF1,3,2,57.0,9.6,7.8,137.0,136.9,0.346471321,4,1,12,2024,100.0,110.0,110.0,128.78
5,2024-12-17 04:00:00,1403/09/27,93,LF1,3,0,60.0,9.6,7.8,137.0,136.9,0.356024401,5,1,12,2024,100.0,110.0,110.0,128.78
6,2024-12-17 05:00:00,1403/09/27,112,LF1,3,1,63.0,9.6,7.8,137.0,136.9,0.379033031,6,1,12,2024,100.0,110.0,110.0,128.78
7,2024-12-17 06:00:00,1403/09/27,116,LF1,3,0,64.0,11.0,8.5,137.0,136.9,0.415134023,7,1,12,2024,90.0,110.0,110.0,128.78
8,2024-12-17 07:00:00,1403/09/27,110,LF1,3,4,48.0,11.0,8.5,137.0,133.6,0.462139879,8,1,12,2024,95.0,118.0,110.0,128.78
9,2024-12-17 08:00:00,1403/09/27,137,LF1,3,8,20.0,11.0,8.5,137.0,130.3,0.515309916,9,1,12,2024,95.0,122.0,110.0,128.78
10,2024-12-17 09:00:00,1403/09/27,134,LF1,3,11,6.0,11.0,8.5,137.0,131.6,0.564091072,10,1,12,2024,95.0,123.0,90.0,128.78
11,2024-12-17 10:00:00,1403/09/27,131,LF1,3,15,5.0,13.2,9.5,137.0,130.8,0.589855122,11,1,12,2024,95.0,114.0,90.0,128.78
12,2024-12-17 11:00:00,1403/09/27,129,LF1,3,15,4.0,13.2,9.5,137.0,130.0,0.598973543,12,1,12,2024,95.0,116.0,90.0,128.78
13,2024-12-17 12:00:00,1403/09/27,132,LF1,3,16,3.0,13.2,9.5,137.0,130.0,0.594891615,13,1,12,2024,95.0,116.0,90.0,128.78
14,2024-12-17 13:00:00,1403/09/27,132,LF1,3,17,4.0,13.2,9.5,137.0,130.8,0.592230954,14,1,12,2024,95.0,98.0,90.0,128.78
15,2024-12-17 14:00:00,1403/09/27,132,LF1,3,17,10.0,13.0,9.5,137.0,130.8,0.615662025,15,1,12,2024,95.0,104.0,90.0,128.78
16,2024-12-17 15:00:00,1403/09/27,132,LF1,3,16,22.0,13.0,9.5,137.0,130.3,0.647590848,16,1,12,2024,95.0,96.0,90.0,128.78
17,2024-12-17 16:00:00,1403/09/27,134,LF1,3,13,33.0,13.0,9.5,137.0,131.9,0.676494328,17,1,12,2024,95.0,129.0,90.0,128.78
18,2024-12-17 17:00:00,1403/09/27,131,SO,3,10,41.0,13.0,9.5,137.0,131.9,0.701457306,18,1,12,2024,120.0,128.0,127.0,128.78
19,2024-12-17 18:00:00,1403/09/27,130,SO,3,11,40.0,12.3,9.2,137.0,131.9,0.705335874,19,1,12,2024,120.0,129.0,115.0,128.78
20,2024-12-17 19:00:00,1403/09/27,118,SO,3,9,47.0,12.3,9.2,137.0,132.7,0.662030827,20,1,12,2024,131.0,130.0,115.0,128.78
21,2024-12-17 20:00:00,1403/09/27,118,SO,3,8,46.0,12.3,9.2,137.0,132.7,0.602606017,21,1,12,2024,128.0,130.0,115.0,128.78
22,2024-12-17 21:00:00,1403/09/27,118,SO,3,6,50.0,12.3,9.2,137.0,133.6,0.53905513,22,1,12,2024,130.0,130.0,127.0,128.78
23,2024-12-17 22:00:00,1403/09/27,118,SO,3,5,53.0,12.6,9.3,137.0,133.6,0.478966634,23,1,12,2024,131.0,131.0,127.0,128.78
24,2024-12-17 23:00:00,1403/09/28,120,SO,3,4,66.0,12.2,9.4,137.0,134.4,0.427736732,24,1,12,2024,133.0,100.0,110.0,128.78
1,2024-12-18 00:00:00,1403/09/28,118,LF1,3,3,60.0,12.6,9.3,137.0,136.0,0.388891219,1,2,12,2024,135.0,100.0,110.0,128.78
2,2024-12-18 01:00:00,1403/09/28,118,LF1,3,2,54.0,12.6,9.3,137.0,136.9,0.362683637,2,2,12,2024,136.0,100.0,110.0,128.78
3,2024-12-18 02:00:00,1403/09/28,118,LF1,3,1,56.0,12.2,9.2,137.0,136.9,0.348864644,3,2,12,2024,136.0,100.0,110.0,128.78
4,2024-12-18 03:00:00,1403/09/28,118,LF1,3,1,63.0,12.2,9.2,137.0,136.9,0.347125185,4,2,12,2024,110.0,100.0,110.0,128.78
5,2024-12-18 04:00:00,1403/09/28,118,LF1,3,0,63.0,12.2,9.2,137.0,136.9,0.355775503,5,2,12,2024,93.0,100.0,110.0,128.78
6,2024-12-18 05:00:00,1403/09/28,118,LF1,3,0,70.0,12.2,9.2,137.0,136.9,0.377697098,6,2,12,2024,112.0,100.0,110.0,128.78
7,2024-12-18 06:00:00,1403/09/28,118,LF1,3,-1,71.0,12.0,9.2,137.0,136.9,0.412231978,7,2,12,2024,116.0,90.0,110.0,128.78
8,2024-12-18 07:00:00,1403/09/28,118,LF1,3,3,54.0,12.0,9.2,137.0,133.6,0.457372974,8,2,12,2024,110.0,95.0,118.0,128.78
9,2024-12-18 08:00:00,1403/09/28,118,LF1,3,7,25.0,12.0,9.2,137.0,130.3,0.508567007,9,2,12,2024,137.0,95.0,122.0,128.78
10,2024-12-18 09:00:00,1403/09/28,118,LF1,3,10,8.0,12.0,9.2,137.0,131.6,0.556238168,10,2,12,2024,134.0,95.0,123.0,128.78
11,2024-12-18 10:00:00,1403/09/28,118,LF1,3,13,3.0,12.0,9.1,137.0,130.8,0.581253237,11,2,12,2024,131.0,95.0,114.0,128.78
12,2024-12-18 11:00:00,1403/09/28,118,LF1,3,14,3.0,12.0,9.1,137.0,130.0,0.58910041,12,2,12,2024,129.0,95.0,116.0,128.78
13,2024-12-18 12:00:00,1403/09/28,118,LF1,3,16,4.0,12.0,9.1,137.0,130.0,0.583649067,13,2,12,2024,132.0,95.0,116.0,128.78
14,2024-12-18 13:00:00,1403/09/28,118,LF1,3,18,3.0,12.0,9.1,137.0,130.8,0.579217331,14,2,12,2024,132.0,95.0,98.0,128.78
15,2024-12-18 14:00:00,1403/09/28,118,LF1,3,17,6.0,11.6,9.0,137.0,130.8,0.599759098,15,2,12,2024,132.0,95.0,104.0,128.78
16,2024-12-18 15:00:00,1403/09/28,118,LF1,3,17,16.0,11.6,9.0,137.0,130.3,0.628434067,16,2,12,2024,132.0,95.0,96.0,128.78
17,2024-12-18 16:00:00,1403/09/28,118,LF1,3,13,18.0,11.6,9.0,137.0,131.9,0.652936141,17,2,12,2024,134.0,95.0,129.0,128.78
18,2024-12-18 17:00:00,1403/09/28,134,SO,3,9,29.0,11.6,9.0,137.0,131.9,0.67235296,18,2,12,2024,131.0,120.0,128.0,128.78
19,2024-12-18 18:00:00,1403/09/28,132,SO,3,9,42.0,12.4,9.3,137.0,131.9,0.671437247,19,2,12,2024,130.0,120.0,129.0,128.78
20,2024-12-18 19:00:00,1403/09/28,134,SO,3,8,50.0,12.4,9.3,137.0,132.7,0.629699421,20,2,12,2024,118.0,131.0,130.0,128.78
21,2024-12-18 20:00:00,1403/09/28,134,SO,3,6,58.0,12.4,9.3,137.0,132.7,0.575637932,21,2,12,2024,118.0,128.0,130.0,128.78
22,2024-12-18 21:00:00,1403/09/28,134,SO,3,5,55.0,12.4,9.3,137.0,133.6,0.520278423,22,2,12,2024,118.0,130.0,130.0,128.78
23,2024-12-18 22:00:00,1403/09/28,135,SO,3,4,61.0,12.5,9.3,137.0,133.6,0.467383495,23,2,12,2024,118.0,131.0,131.0,128.78
24,2024-12-18 23:00:00,1403/09/29,136,SO,3,4,61.0,12.6,9.3,137.0,134.4,0.421291289,24,2,12,2024,120.0,133.0,100.0,128.78
1,2024-12-19 00:00:00,1403/09/29,137,SO,3,3,67.0,12.5,9.3,137.0,130.2,0.384853602,1,3,12,2024,118.0,135.0,100.0,128.78
2,2024-12-19 01:00:00,1403/09/29,100,SO,3,1,70.0,12.5,9.3,137.0,130.2,0.359685787,2,3,12,2024,118.0,136.0,100.0,128.78
3,2024-12-19 02:00:00,1403/09/29,100,SO,3,1,73.0,9.3,7.6,137.0,131.0,0.345684281,3,3,12,2024,118.0,136.0,100.0,128.78
4,2024-12-19 03:00:00,1403/09/29,100,SO,3,0,70.0,9.3,7.6,137.0,131.0,0.343351847,4,3,12,2024,118.0,110.0,100.0,128.78
5,2024-12-19 04:00:00,1403/09/29,100,SO,3,0,71.0,9.3,7.6,137.0,131.0,0.350864192,5,3,12,2024,118.0,93.0,100.0,128.78
6,2024-12-19 05:00:00,1403/09/29,100,SO,3,-1,71.0,9.3,7.6,137.0,131.0,0.371239556,6,3,12,2024,118.0,112.0,100.0,128.78
7,2024-12-19 06:00:00,1403/09/29,100,SO,3,-1,75.0,9.7,7.6,137.0,130.2,0.403322879,7,3,12,2024,118.0,116.0,90.0,128.78
8,2024-12-19 07:00:00,1403/09/29,100,SO,3,3,52.0,9.7,7.6,137.0,127.7,0.44537998,8,3,12,2024,118.0,110.0,95.0,128.78
9,2024-12-19 08:00:00,1403/09/29,100,SO,3,8,37.0,9.7,7.6,137.0,125.3,0.492277399,9,3,12,2024,118.0,137.0,95.0,128.78
10,2024-12-19 09:00:00,1403/09/29,100,SO,3,11,6.0,9.7,7.6,137.0,126.6,0.536163677,10,3,12,2024,118.0,134.0,95.0,128.78
11,2024-12-19 10:00:00,1403/09/29,131,SO,3,14,3.0,9.7,7.6,137.0,125.8,0.5595414,11,3,12,2024,118.0,131.0,95.0,128.78
12,2024-12-19 11:00:00,1403/09/29,132,SO,3,15,4.0,9.7,7.6,137.0,125.0,0.567239895,12,3,12,2024,118.0,129.0,95.0,128.78
13,2024-12-19 12:00:00,1403/09/29,133,SO,3,17,5.0,9.7,7.6,137.0,125.0,0.56162052,13,3,12,2024,118.0,132.0,95.0,128.78
14,2024-12-19 13:00:00,1403/09/29,131,SO,3,19,2.0,9.7,7.6,137.0,125.8,0.557758858,14,3,12,2024,118.0,132.0,95.0,128.78
15,2024-12-19 14:00:00,1403/09/29,131,SO,3,19,11.0,9.7,7.6,137.0,125.8,0.576681705,15,3,12,2024,118.0,132.0,95.0,128.78
16,2024-12-19 15:00:00,1403/09/29,130,SO,3,18,15.0,9.7,7.6,137.0,125.3,0.604048249,16,3,12,2024,118.0,132.0,95.0,128.78
17,2024-12-19 16:00:00,1403/09/29,131,SO,3,16,21.0,12.4,9.2,137.0,126.9,0.62818907,17,3,12,2024,118.0,134.0,95.0,128.78
18,2024-12-19 17:00:00,1403/09/29,132,SO,3,13,29.0,12.4,9.2,137.0,126.9,0.648507022,18,3,12,2024,134.0,131.0,120.0,128.78
19,2024-12-19 18:00:00,1403/09/29,133,SO,3,10,40.0,12.4,9.2,137.0,126.9,0.649417964,19,3,12,2024,132.0,130.0,120.0,128.78
20,2024-12-19 19:00:00,1403/09/29,133,SO,3,9,44.0,12.4,9.2,137.0,127.7,0.611780058,20,3,12,2024,134.0,118.0,131.0,128.78
21,2024-12-19 20:00:00,1403/09/29,133,SO,3,6,47.0,12.4,9.2,137.0,127.7,0.562037103,21,3,12,2024,134.0,118.0,128.0,128.78
22,2024-12-19 21:00:00,1403/09/29,135,SO,3,5,53.0,12.4,9.2,137.0,128.6,0.510490308,22,3,12,2024,134.0,118.0,130.0,128.78
23,2024-12-19 22:00:00,1403/09/29,136,SO,3,3,58.0,12.3,9.4,137.0,128.6,0.460826168,23,3,12,2024,135.0,118.0,131.0,128.78
24,2024-12-19 23:00:00,1403/09/30,136,SO,3,3,57.0,12.5,9.3,137.0,129.4,0.397132929,24,3,12,2024,136.0,120.0,133.0,128.78
1,2024-12-20 00:00:00,1403/09/30,136,SO,3,2,61.0,12.3,9.4,137.0,130.2,0.363522503,1,4,12,2024,137.0,118.0,135.0,128.78
2,2024-12-20 01:00:00,1403/09/30,137,SO,3,1,63.0,12.3,9.4,137.0,130.2,0.340155243,2,4,12,2024,100.0,118.0,136.0,128.78
3,2024-12-20 02:00:00,1403/09/30,138,SO,3,1,69.0,12.3,9.4,137.0,131.0,0.326922575,3,4,12,2024,100.0,118.0,136.0,128.78
4,2024-12-20 03:00:00,1403/09/30,137,SO,3,1,68.0,12.3,9.4,137.0,131.0,0.324541584,4,4,12,2024,100.0,118.0,110.0,128.78
5,2024-12-20 04:00:00,1403/09/30,100,SO,3,0,69.0,12.3,9.4,137.0,131.0,0.331146468,5,4,12,2024,100.0,118.0,93.0,128.78
6,2024-12-20 05:00:00,1403/09/30,100,SO,3,1,68.0,12.3,9.4,137.0,131.0,0.34947057,6,4,12,2024,100.0,118.0,112.0,128.78
7,2024-12-20 06:00:00,1403/09/30,100,SO,3,1,68.0,10.5,8.1,137.0,130.2,0.378329342,7,4,12,2024,100.0,118.0,116.0,128.78
8,2024-12-20 07:00:00,1403/09/30,100,SO,3,2,59.0,10.5,8.1,137.0,127.7,0.416406095,8,4,12,2024,100.0,118.0,110.0,128.78
9,2024-12-20 08:00:00,1403/09/30,120,SO,3,12,13.0,10.5,8.1,137.0,125.3,0.458863001,9,4,12,2024,100.0,118.0,137.0,128.78
10,2024-12-20 09:00:00,1403/09/30,120,SO,3,14,8.0,10.5,8.1,137.0,126.6,0.498556279,10,4,12,2024,100.0,118.0,134.0,128.78
11,2024-12-20 10:00:00,1403/09/30,120,SO,3,16,2.0,12.6,9.0,137.0,125.8,0.521180318,11,4,12,2024,131.0,118.0,131.0,128.78
12,2024-12-20 11:00:00,1403/09/30,120,SO,3,19,2.0,12.6,9.0,137.0,125.0,0.529305373,12,4,12,2024,132.0,118.0,129.0,128.78
13,2024-12-20 12:00:00,1403/09/30,119,SO,3,20,2.0,12.6,9.0,137.0,125.0,0.525877668,13,4,12,2024,133.0,118.0,132.0,128.78
14,2024-12-20 13:00:00,1403/09/30,118,SO,3,21,3.0,12.6,9.0,137.0,125.8,0.523151338,14,4,12,2024,131.0,118.0,132.0,128.78
15,2024-12-20 14:00:00,1403/09/30,118,SO,3,20,6.0,12.6,9.0,137.0,125.8,0.541921659,15,4,12,2024,131.0,118.0,132.0,128.78
16,2024-12-20 15:00:00,1403/09/30,118,SO,3,19,11.0,12.6,9.0,137.0,125.3,0.568477746,16,4,12,2024,130.0,118.0,132.0,128.78
17,2024-12-20 16:00:00,1403/09/30,118,SO,3,16,14.0,12.6,9.0,137.0,126.9,0.592660719,17,4,12,2024,131.0,118.0,134.0,128.78
18,2024-12-20 17:00:00,1403/09/30,133,SO,3,11,23.0,12.6,9.0,137.0,126.9,0.612872176,18,4,12,2024,132.0,134.0,131.0,128.78
19,2024-12-20 18:00:00,1403/09/30,133,SO,3,10,21.0,12.2,9.0,137.0,126.9,0.615204895,19,4,12,2024,133.0,132.0,130.0,128.78
20,2024-12-20 19:00:00,1403/09/30,129,SO,3,9,17.0,12.2,9.0,137.0,127.7,0.580501102,20,4,12,2024,133.0,134.0,118.0,128.78
21,2024-12-20 20:00:00,1403/09/30,133,SO,3,6,34.0,12.2,9.0,137.0,127.7,0.533169567,21,4,12,2024,133.0,134.0,118.0,128.78
22,2024-12-20 21:00:00,1403/09/30,134,SO,3,6,38.0,12.2,9.0,137.0,128.6,0.483649624,22,4,12,2024,135.0,134.0,118.0,128.78
23,2024-12-20 22:00:00,1403/09/30,135,SO,3,5,40.0,12.4,9.3,137.0,128.6,0.436089483,23,4,12,2024,136.0,135.0,118.0,128.78
24,2024-12-20 23:00:00,1403/10/01,132,SO,3,4,33.0,12.3,9.4,138.0,129.4,0.414318738,24,4,12,2024,136.0,136.0,120.0,129.72
1,2024-12-21 00:00:00,1403/10/01,100,SO,3,5,40.0,12.4,9.3,138.0,127.7,0.379272112,1,5,12,2024,136.0,137.0,118.0,129.72
2,2024-12-21 01:00:00,1403/10/01,100,SO,3,5,42.0,12.4,9.3,138.0,127.7,0.35515291,2,5,12,2024,137.0,100.0,118.0,129.72
3,2024-12-21 02:00:00,1403/10/01,100,SO,3,6,45.0,10.4,8.1,138.0,128.6,0.341766969,3,5,12,2024,138.0,100.0,118.0,129.72
4,2024-12-21 03:00:00,1403/10/01,110,SO,3,6,47.0,10.4,8.1,138.0,128.6,0.339854853,4,5,12,2024,137.0,100.0,118.0,129.72
5,2024-12-21 04:00:00,1403/10/01,110,SO,3,7,48.0,10.4,8.1,138.0,128.6,0.347362539,5,5,12,2024,100.0,100.0,118.0,129.72
6,2024-12-21 05:00:00,1403/10/01,110,SO,3,8,49.0,10.4,8.1,138.0,128.6,0.367608063,6,5,12,2024,100.0,100.0,118.0,129.72
7,2024-12-21 06:00:00,1403/10/01,108,SO,3,8,42.0,11.2,8.3,138.0,128.6,0.399501587,7,5,12,2024,100.0,100.0,118.0,129.72
8,2024-12-21 07:00:00,1403/10/01,100,SO,3,11,42.0,11.2,8.3,138.0,127.7,0.44157411,8,5,12,2024,100.0,100.0,118.0,129.72
9,2024-12-21 08:00:00,1403/10/01,132,SO,3,13,38.0,11.2,8.3,138.0,125.3,0.489120841,9,5,12,2024,120.0,100.0,118.0,129.72
10,2024-12-21 09:00:00,1403/10/01,131,SO,3,15,13.0,11.2,8.3,138.0,126.6,0.533788822,10,5,12,2024,120.0,100.0,118.0,129.72
11,2024-12-21 10:00:00,1403/10/01,130,SO,3,16,11.0,13.0,9.4,138.0,125.8,0.559328779,11,5,12,2024,120.0,131.0,118.0,129.72
12,2024-12-21 11:00:00,1403/10/01,133,SO,3,16,24.0,13.0,9.4,138.0,125.0,0.568221128,12,5,12,2024,120.0,132.0,118.0,129.72
13,2024-12-21 12:00:00,1403/10/01,132,SO,3,17,21.0,13.0,9.4,138.0,125.0,0.564728548,13,5,12,2024,119.0,133.0,118.0,129.72
14,2024-12-21 13:00:00,1403/10/01,131,SO,3,16,33.0,13.0,9.4,138.0,125.8,0.561695863,14,5,12,2024,118.0,131.0,118.0,129.72
15,2024-12-21 14:00:00,1403/10/01,132,SO,3,16,37.0,13.2,9.4,138.0,125.8,0.582354799,15,5,12,2024,118.0,131.0,118.0,129.72
16,2024-12-21 15:00:00,1403/10/01,132,SO,3,15,38.0,13.2,9.4,138.0,125.3,0.611163918,16,5,12,2024,118.0,130.0,118.0,129.72
17,2024-12-21 16:00:00,1403/10/01,131,SO,3,12,60.0,13.2,9.4,138.0,125.3,0.636697324,17,5,12,2024,118.0,131.0,118.0,129.72
18,2024-12-21 17:00:00,1403/10/01,131,SO,3,11,65.0,13.2,9.4,138.0,126.1,0.656933766,18,5,12,2024,133.0,132.0,134.0,129.72
19,2024-12-21 18:00:00,1403/10/01,132,SO,3,10,74.0,12.3,9.2,138.0,126.1,0.657145495,19,5,12,2024,133.0,133.0,132.0,129.72
20,2024-12-21 19:00:00,1403/10/01,133,SO,3,8,86.0,12.3,9.2,138.0,126.1,0.617258395,20,5,12,2024,129.0,133.0,134.0,129.72
21,2024-12-21 20:00:00,1403/10/01,134,SO,3,7,82.0,12.3,9.2,138.0,126.1,0.564701444,21,5,12,2024,133.0,133.0,134.0,129.72
22,2024-12-21 21:00:00,1403/10/01,135,SO,3,7,83.0,12.3,9.2,138.0,126.9,0.510477081,22,5,12,2024,134.0,135.0,134.0,129.72
23,2024-12-21 22:00:00,1403/10/01,135,SO,3,6,88.0,12.3,7.4,138.0,126.9,0.459406101,23,5,12,2024,135.0,136.0,135.0,129.72
24,2024-12-21 23:00:00,1403/10/02,95,SO,3,5,87.0,12.4,9.3,138.0,126.9,0.415220672,24,5,12,2024,132.0,136.0,136.0,129.72
1,2024-12-22 00:00:00,1403/10/02,134,SO,3,5,88.0,12.3,7.4,138.0,130.0,0.379831104,1,6,12,2024,100.0,136.0,137.0,129.72
2,2024-12-22 01:00:00,1403/10/02,134,SO,3,4,91.0,12.3,7.4,138.0,130.0,0.355520664,2,6,12,2024,100.0,137.0,100.0,129.72
3,2024-12-22 02:00:00,1403/10/02,135,SO,3,4,96.0,12.3,7.4,138.0,130.0,0.342211969,3,6,12,2024,100.0,138.0,100.0,129.72
4,2024-12-22 03:00:00,1403/10/02,133,SO,3,4,90.0,12.3,7.4,138.0,130.0,0.340276975,4,6,12,2024,110.0,137.0,100.0,129.72
5,2024-12-22 04:00:00,1403/10/02,133,SO,3,3,94.0,12.3,7.4,138.0,130.0,0.347936641,5,6,12,2024,110.0,100.0,100.0,129.72
6,2024-12-22 05:00:00,1403/10/02,134,SO,3,2,94.0,12.3,7.4,138.0,130.0,0.368516434,6,6,12,2024,110.0,100.0,100.0,129.72
7,2024-12-22 06:00:00,1403/10/02,136,SO,3,1,98.0,12.6,9.3,138.0,129.2,0.400724303,7,6,12,2024,108.0,100.0,100.0,129.72
8,2024-12-22 07:00:00,1403/10/02,136,SO,3,3,83.0,12.6,9.3,138.0,126.7,0.443294419,8,6,12,2024,100.0,100.0,100.0,129.72
9,2024-12-22 08:00:00,1403/10/02,135,SO,3,6,60.0,12.6,9.3,138.0,126.5,0.491619445,9,6,12,2024,132.0,120.0,100.0,129.72
10,2024-12-22 09:00:00,1403/10/02,134,SO,3,9,16.0,12.6,9.3,138.0,125.6,0.536581015,10,6,12,2024,131.0,120.0,100.0,129.72
11,2024-12-22 10:00:00,1403/10/02,132,SO,3,13,9.0,12.2,9.1,138.0,124.8,0.562483153,11,6,12,2024,130.0,120.0,131.0,129.72
12,2024-12-22 11:00:00,1403/10/02,130,SO,3,15,7.0,12.2,9.1,138.0,124.0,0.571940454,12,6,12,2024,133.0,120.0,132.0,129.72
13,2024-12-22 12:00:00,1403/10/02,133,SO,3,16,9.0,12.2,9.1,138.0,123.2,0.568914455,13,6,12,2024,132.0,119.0,133.0,129.72
14,2024-12-22 13:00:00,1403/10/02,132,SO,3,17,10.0,12.2,9.1,138.0,123.2,0.566155157,14,6,12,2024,131.0,118.0,131.0,129.72
15,2024-12-22 14:00:00,1403/10/02,131,SO,3,18,16.0,12.7,9.4,138.0,123.2,0.587375484,15,6,12,2024,132.0,118.0,131.0,129.72
16,2024-12-22 15:00:00,1403/10/02,132,SO,3,17,32.0,12.7,9.4,138.0,124.8,0.616693398,16,6,12,2024,132.0,118.0,130.0,129.72
17,2024-12-22 16:00:00,1403/10/02,132,SO,3,14,41.0,12.7,9.4,138.0,125.6,0.642605947,17,6,12,2024,131.0,118.0,131.0,129.72
18,2024-12-22 17:00:00,1403/10/02,134,SO,3,12,52.0,12.7,9.4,138.0,125.1,0.663064981,18,6,12,2024,131.0,133.0,132.0,130.25009151279716
19,2024-12-22 18:00:00,1403/10/02,132,SO,3,11,56.0,12.0,9.2,138.0,125.1,0.662919646,19,6,12,2024,132.0,133.0,133.0,129.72
20,2024-12-22 19:00:00,1403/10/02,133,SO,3,10,65.0,12.0,9.2,138.0,125.1,0.621444125,20,6,12,2024,133.0,129.0,133.0,129.72
21,2024-12-22 20:00:00,1403/10/02,133,SO,3,8,80.0,12.0,9.2,138.0,125.1,0.567306722,21,6,12,2024,134.0,133.0,133.0,129.72
22,2024-12-22 21:00:00,1403/10/02,133,SO,3,7,79.0,12.0,9.2,138.0,125.9,0.511923252,22,6,12,2024,135.0,134.0,135.0,129.91053847241525
23,2024-12-22 22:00:00,1403/10/02,133,SO,3,6,75.0,12.0,9.2,138.0,126.7,0.459913644,23,6,12,2024,135.0,135.0,136.0,130.97244638754563
24,2024-12-22 23:00:00,1403/10/03,133,SO,3,5,79.0,12.3,7.4,138.0,127.6,0.415177096,24,6,12,2024,95.0,132.0,136.0,132.59082197502227
1,2024-12-23 00:00:00,1403/10/03,134,SO,3,5,83.0,12.0,9.2,138.0,130.0,0.379825751,1,0,12,2024,134.0,100.0,136.0,132.25868941786337
2,2024-12-23 01:00:00,1403/10/03,135,SO,3,3,84.0,12.0,9.2,138.0,130.0,0.35534549,2,0,12,2024,134.0,100.0,137.0,132.7002771135326
3,2024-12-23 02:00:00,1403/10/03,135,SO,3,3,86.0,12.5,9.3,138.0,130.0,0.342210057,3,0,12,2024,135.0,100.0,138.0,132.16271742971804
4,2024-12-23 03:00:00,1403/10/03,135,SO,3,3,88.0,12.5,9.3,138.0,130.0,0.340553219,4,0,12,2024,133.0,110.0,137.0,132.85068785897494
5,2024-12-23 04:00:00,1403/10/03,136,SO,3,2,91.0,12.5,9.3,138.0,130.0,0.348920458,5,0,12,2024,133.0,110.0,100.0,130.74848469741966
6,2024-12-23 05:00:00,1403/10/03,137,SO,3,2,93.0,12.5,9.3,138.0,130.0,0.36991991,6,0,12,2024,134.0,110.0,100.0,130.3022770018457
7,2024-12-23 06:00:00,1403/10/03,137,SO,3,1,94.0,12.5,9.3,138.0,129.2,0.402940721,7,0,12,2024,136.0,108.0,100.0,129.89613624924397
8,2024-12-23 07:00:00,1403/10/03,137,SO,3,3,75.0,12.5,9.3,138.0,126.7,0.446100002,8,0,12,2024,136.0,100.0,100.0,131.01266872875712
9,2024-12-23 08:00:00,1403/10/03,135,SO,3,10,24.0,12.5,9.3,138.0,126.5,0.494809139,9,0,12,2024,135.0,132.0,120.0,130.23454672822055
10,2024-12-23 09:00:00,1403/10/03,131,SO,3,14,7.0,12.5,9.3,138.0,125.6,0.53917583,10,0,12,2024,134.0,131.0,120.0,129.86617123600976
11,2024-12-23 10:00:00,1403/10/03,129,SO,3,15,6.0,12.5,9.3,138.0,124.8,0.565104191,11,0,12,2024,132.0,130.0,120.0,130.0945542719894
12,2024-12-23 11:00:00,1403/10/03,129,SO,3,18,5.0,12.5,9.3,138.0,124.0,0.574821528,12,0,12,2024,130.0,133.0,120.0,129.93586082523979
13,2024-12-23 12:00:00,1403/10/03,128,SO,3,19,5.0,12.5,9.3,138.0,123.2,0.572450749,13,0,12,2024,133.0,132.0,119.0,129.72
14,2024-12-23 13:00:00,1403/10/03,126,SO,3,19,6.0,12.5,9.3,138.0,123.2,0.570377733,14,0,12,2024,132.0,131.0,118.0,129.72
15,2024-12-23 14:00:00,1403/10/03,125,SO,3,19,18.0,12.7,9.3,138.0,123.2,0.593329118,15,0,12,2024,131.0,132.0,118.0,129.72
16,2024-12-23 15:00:00,1403/10/03,125,SO,3,19,23.0,12.7,9.3,138.0,124.8,0.625344535,16,0,12,2024,132.0,132.0,118.0,129.72
17,2024-12-23 16:00:00,1403/10/03,132,SO,3,14,28.0,12.7,9.3,138.0,125.6,0.655386871,17,0,12,2024,132.0,131.0,118.0,129.72
18,2024-12-23 17:00:00,1403/10/03,133,SO,3,12,32.0,12.7,9.3,138.0,125.1,0.681567659,18,0,12,2024,134.0,131.0,133.0,131.27572317910506
19,2024-12-23 18:00:00,1403/10/03,134,SO,3,10,39.0,13.0,9.5,138.0,125.1,0.687391528,19,0,12,2024,132.0,132.0,133.0,130.36399032428398
20,2024-12-23 19:00:00,1403/10/03,134,SO,3,8,48.0,13.0,9.5,138.0,125.1,0.646456664,20,0,12,2024,133.0,133.0,129.0,130.7223944260934
21,2024-12-23 20:00:00,1403/10/03,132,SO,3,7,48.0,13.0,9.5,138.0,125.1,0.588417335,21,0,12,2024,133.0,134.0,133.0,131.01777310400018
22,2024-12-23 21:00:00,1403/10/03,134,SO,3,7,65.0,13.0,9.5,138.0,125.9,0.526528672,22,0,12,2024,133.0,135.0,134.0,131.01777310400018
23,2024-12-23 22:00:00,1403/10/03,133,SO,3,7,63.0,12.0,9.2,138.0,126.7,0.468741058,23,0,12,2024,133.0,135.0,135.0,132.4181786944579
24,2024-12-23 23:00:00,1403/10/04,133,SO,3,5,65.0,12.0,9.2,138.0,127.6,0.420138635,24,0,12,2024,133.0,95.0,132.0,131.57549782098636
1,2024-12-24 00:00:00,1403/10/04,134,SO,3,5,58.0,12.0,9.2,138.0,131.6,0.382920117,1,1,12,2024,134.0,134.0,100.0,129.72
2,2024-12-24 01:00:00,1403/10/04,122,SO,3,4,64.0,12.0,9.2,138.0,132.4,0.358076972,2,1,12,2024,135.0,134.0,100.0,129.72
3,2024-12-24 02:00:00,1403/10/04,122,SO,3,5,56.0,12.0,9.2,138.0,132.4,0.345597417,3,1,12,2024,135.0,135.0,100.0,129.72
4,2024-12-24 03:00:00,1403/10/04,122,SO,3,5,64.0,12.0,9.2,138.0,132.4,0.344730172,4,1,12,2024,135.0,133.0,110.0,129.72
5,2024-12-24 04:00:00,1403/10/04,122,SO,3,3,68.0,12.0,9.2,138.0,132.4,0.354095372,5,1,12,2024,136.0,133.0,110.0,129.72
6,2024-12-24 05:00:00,1403/10/04,122,SO,3,3,75.0,12.0,9.2,138.0,132.4,0.376601295,6,1,12,2024,137.0,134.0,110.0,129.72
7,2024-12-24 06:00:00,1403/10/04,122,SO,3,2,72.0,12.0,9.2,138.0,132.4,0.411289168,7,1,12,2024,137.0,136.0,108.0,129.72
8,2024-12-24 07:00:00,1403/10/04,122,SO,3,5,61.0,12.2,9.3,138.0,129.1,0.456423514,8,1,12,2024,137.0,136.0,100.0,129.72
9,2024-12-24 08:00:00,1403/10/04,135,SO,3,9,23.0,12.2,9.3,138.0,129.6,0.507070917,9,1,12,2024,135.0,135.0,132.0,129.72
10,2024-12-24 09:00:00,1403/10/04,132,SO,3,13,7.0,12.2,9.3,138.0,128.8,0.552374161,10,1,12,2024,131.0,134.0,131.0,129.72
11,2024-12-24 10:00:00,1403/10/04,130,SO,3,15,5.0,12.9,9.3,138.0,128.8,0.577092233,11,1,12,2024,129.0,132.0,130.0,129.72
12,2024-12-24 11:00:00,1403/10/04,130,SO,3,17,7.0,12.9,9.3,138.0,128.0,0.585221756,12,1,12,2024,129.0,130.0,133.0,129.72
13,2024-12-24 12:00:00,1403/10/04,131,SO,3,19,10.0,12.9,9.3,138.0,127.2,0.581604518,13,1,12,2024,128.0,133.0,132.0,129.72
14,2024-12-24 13:00:00,1403/10/04,130,SO,3,19,13.0,12.9,9.3,138.0,127.2,0.578616292,14,1,12,2024,126.0,132.0,131.0,129.72
15,2024-12-24 14:00:00,1403/10/04,130,SO,3,18,16.0,12.6,9.2,138.0,127.2,0.60195989,15,1,12,2024,125.0,131.0,132.0,129.72
16,2024-12-24 15:00:00,1403/10/04,115,SO,3,18,26.0,12.6,9.2,138.0,128.8,0.634504259,16,1,12,2024,125.0,132.0,132.0,129.72
17,2024-12-24 16:00:00,1403/10/04,115,SO,3,16,31.0,12.6,9.2,138.0,129.6,0.664738554,17,1,12,2024,132.0,132.0,131.0,129.72
18,2024-12-24 17:00:00,1403/10/04,117,SO,3,14,36.0,12.6,9.2,138.0,129.1,0.6905102,18,1,12,2024,133.0,134.0,131.0,129.72
19,2024-12-24 18:00:00,1403/10/04,117,SO,3,11,41.0,13.0,9.4,138.0,129.1,0.695886282,19,1,12,2024,134.0,132.0,132.0,129.72
20,2024-12-24 19:00:00,1403/10/04,132,SO,3,10,48.0,13.0,9.4,138.0,129.1,0.65331719,20,1,12,2024,134.0,133.0,133.0,129.72
21,2024-12-24 20:00:00,1403/10/04,126,SO,3,8,55.0,13.0,9.4,138.0,129.1,0.593146931,21,1,12,2024,132.0,133.0,134.0,129.72
22,2024-12-24 21:00:00,1403/10/04,134,SO,3,7,55.0,13.0,9.4,138.0,129.9,0.530406327,22,1,12,2024,134.0,133.0,135.0,129.72
23,2024-12-24 22:00:00,1403/10/04,124,SO,3,6,58.0,12.0,9.0,138.0,130.7,0.472061906,23,1,12,2024,133.0,133.0,135.0,129.72
24,2024-12-24 23:00:00,1403/10/05,121,SO,3,6,60.0,12.0,9.2,138.0,131.6,0.423110823,24,1,12,2024,133.0,133.0,95.0,129.72
1,2024-12-25 00:00:00,1403/10/05,126,SO,3,5,62.0,12.0,9.0,138.0,131.6,0.38575696,1,2,12,2024,134.0,134.0,134.0,129.72
2,2024-12-25 01:00:00,1403/10/05,95,SO,3,5,66.0,12.0,9.0,138.0,132.4,0.360960917,2,2,12,2024,122.0,135.0,134.0,129.72
3,2024-12-25 02:00:00,1403/10/05,100,SO,3,5,68.0,9.4,7.6,138.0,132.4,0.348314295,3,2,12,2024,122.0,135.0,135.0,129.72
4,2024-12-25 03:00:00,1403/10/05,100,SO,3,5,68.0,9.4,7.6,138.0,132.4,0.346892537,4,2,12,2024,122.0,135.0,133.0,129.72
5,2024-12-25 04:00:00,1403/10/05,100,SO,3,5,68.0,9.4,7.6,138.0,132.4,0.355665594,5,2,12,2024,122.0,136.0,133.0,129.72
6,2024-12-25 05:00:00,1403/10/05,100,SO,3,4,69.0,9.4,7.6,138.0,132.4,0.377526997,6,2,12,2024,122.0,137.0,134.0,129.72
7,2024-12-25 06:00:00,1403/10/05,100,SO,3,4,69.0,12.4,9.3,138.0,132.4,0.411881918,7,2,12,2024,122.0,137.0,136.0,129.72
8,2024-12-25 07:00:00,1403/10/05,125,SO,3,7,54.0,12.4,9.3,138.0,129.1,0.456603869,8,2,12,2024,122.0,137.0,136.0,129.72
9,2024-12-25 08:00:00,1403/10/05,133,SO,3,11,20.0,12.4,9.3,138.0,129.6,0.50747634,9,2,12,2024,135.0,135.0,135.0,129.72
10,2024-12-25 09:00:00,1403/10/05,132,SO,3,14,7.0,12.4,9.3,138.0,128.8,0.553507519,10,2,12,2024,132.0,131.0,134.0,129.72
11,2024-12-25 10:00:00,1403/10/05,130,SO,3,15,6.0,12.9,9.4,138.0,128.8,0.578557229,11,2,12,2024,130.0,129.0,132.0,129.72
12,2024-12-25 11:00:00,1403/10/05,130,LF1,3,18,5.0,12.9,9.4,138.0,128.0,0.585567001,12,2,12,2024,130.0,129.0,130.0,129.72
13,2024-12-25 12:00:00,1403/10/05,133,LF1,3,18,7.0,12.9,9.4,138.0,127.2,0.580245868,13,2,12,2024,131.0,128.0,133.0,129.72
14,2024-12-25 13:00:00,1403/10/05,130,LF1,3,19,8.0,12.9,9.4,138.0,127.2,0.57597186,14,2,12,2024,130.0,126.0,132.0,129.72
15,2024-12-25 14:00:00,1403/10/05,130,LF1,3,19,14.0,12.8,9.3,138.0,127.2,0.597636238,15,2,12,2024,130.0,125.0,131.0,129.72
16,2024-12-25 15:00:00,1403/10/05,131,LF1,3,18,28.0,12.8,9.3,138.0,128.8,0.628781443,16,2,12,2024,115.0,125.0,132.0,129.72
17,2024-12-25 16:00:00,1403/10/05,132,SO,3,16,36.0,12.8,9.3,138.0,129.6,0.657732849,17,2,12,2024,115.0,132.0,132.0,129.72
18,2024-12-25 17:00:00,1403/10/05,132,SO,3,13,45.0,12.8,9.3,138.0,129.1,0.683004782,18,2,12,2024,117.0,133.0,134.0,129.72
19,2024-12-25 18:00:00,1403/10/05,133,SO,3,11,54.0,12.3,9.2,138.0,129.1,0.688368837,19,2,12,2024,117.0,134.0,132.0,129.72
20,2024-12-25 19:00:00,1403/10/05,124,SO,3,11,56.0,12.3,9.2,138.0,129.1,0.646441262,20,2,12,2024,132.0,134.0,133.0,129.72
21,2024-12-25 20:00:00,1403/10/05,124,SO,3,10,60.0,12.3,9.2,138.0,129.1,0.587383481,21,2,12,2024,126.0,132.0,133.0,129.72
22,2024-12-25 21:00:00,1403/10/05,125,SO,3,9,60.0,12.3,9.2,138.0,129.9,0.526830158,22,2,12,2024,134.0,134.0,133.0,129.72
23,2024-12-25 22:00:00,1403/10/05,125,SO,3,7,65.0,12.5,9.2,138.0,130.7,0.47006053,23,2,12,2024,124.0,133.0,133.0,129.72
24,2024-12-25 23:00:00,1403/10/06,125,SO,3,6,68.0,12.0,9.0,138.0,131.6,0.42200386,24,2,12,2024,121.0,133.0,133.0,129.72
1,2024-12-26 00:00:00,1403/10/06,125,SO,3,7,68.0,12.5,9.2,138.0,131.6,0.385439578,1,3,12,2024,126.0,134.0,134.0,129.72
2,2024-12-26 01:00:00,1403/10/06,125,SO,3,5,72.0,12.5,9.2,138.0,132.4,0.361050136,2,3,12,2024,95.0,122.0,135.0,129.72
3,2024-12-26 02:00:00,1403/10/06,125,SO,3,4,76.0,12.7,9.3,138.0,132.4,0.348233405,3,3,12,2024,100.0,122.0,135.0,129.72
4,2024-12-26 03:00:00,1403/10/06,125,SO,3,4,77.0,12.7,9.3,138.0,132.4,0.346010394,4,3,12,2024,100.0,122.0,135.0,129.72
5,2024-12-26 04:00:00,1403/10/06,128,SO,3,3,81.0,12.7,9.3,138.0,132.4,0.353350976,5,3,12,2024,100.0,122.0,136.0,129.72
6,2024-12-26 05:00:00,1403/10/06,128,SO,3,3,81.0,12.7,9.3,138.0,132.4,0.37248312,6,3,12,2024,100.0,122.0,137.0,129.72
7,2024-12-26 06:00:00,1403/10/06,128,SO,3,3,83.0,12.5,9.4,138.0,132.4,0.403084643,7,3,12,2024,100.0,122.0,137.0,129.72
8,2024-12-26 07:00:00,1403/10/06,128,SO,3,5,71.0,12.5,9.4,138.0,129.1,0.442928017,8,3,12,2024,125.0,122.0,137.0,129.72
9,2024-12-26 08:00:00,1403/10/06,128,SO,3,9,40.0,12.5,9.4,138.0,129.6,0.488307884,9,3,12,2024,133.0,135.0,135.0,129.72
10,2024-12-26 09:00:00,1403/10/06,128,SO,3,13,7.0,12.5,9.4,138.0,128.8,0.529951292,10,3,12,2024,132.0,132.0,131.0,129.72
11,2024-12-26 10:00:00,1403/10/06,129,SO,3,16,5.0,13.0,9.4,138.0,128.8,0.553904242,11,3,12,2024,130.0,130.0,129.0,129.72
12,2024-12-26 11:00:00,1403/10/06,133,SO,3,17,5.0,13.0,9.4,138.0,128.0,0.560738609,12,3,12,2024,130.0,130.0,129.0,129.72
13,2024-12-26 12:00:00,1403/10/06,131,SO,3,19,5.0,13.0,9.4,138.0,127.2,0.555725508,13,3,12,2024,133.0,131.0,128.0,129.72
14,2024-12-26 13:00:00,1403/10/06,130,SO,3,20,5.0,13.0,9.4,138.0,127.2,0.551388964,14,3,12,2024,130.0,130.0,126.0,129.72
15,2024-12-26 14:00:00,1403/10/06,129,SO,3,20,11.0,13.1,9.3,138.0,127.2,0.571547213,15,3,12,2024,130.0,130.0,125.0,129.72
16,2024-12-26 15:00:00,1403/10/06,129,SO,3,19,22.0,13.1,9.3,138.0,128.8,0.601598753,16,3,12,2024,131.0,115.0,125.0,129.72
17,2024-12-26 16:00:00,1403/10/06,132,SO,3,17,28.0,13.1,9.3,138.0,129.6,0.631864576,17,3,12,2024,132.0,115.0,132.0,129.72
18,2024-12-26 17:00:00,1403/10/06,132,SO,3,14,29.0,13.1,9.3,138.0,129.1,0.659991753,18,3,12,2024,132.0,117.0,133.0,129.72
19,2024-12-26 18:00:00,1403/10/06,132,SO,3,11,35.0,12.9,9.5,138.0,129.1,0.670178999,19,3,12,2024,133.0,117.0,134.0,129.72
20,2024-12-26 19:00:00,1403/10/06,135,SO,3,9,43.0,12.9,9.5,138.0,129.1,0.633838764,20,3,12,2024,124.0,132.0,134.0,129.72
21,2024-12-26 20:00:00,1403/10/06,135,SO,3,8,44.0,12.9,9.5,138.0,129.1,0.579668576,21,3,12,2024,124.0,126.0,132.0,129.72
22,2024-12-26 21:00:00,1403/10/06,135,SO,3,8,43.0,12.9,9.5,138.0,129.9,0.521134508,22,3,12,2024,125.0,134.0,134.0,129.72
23,2024-12-26 22:00:00,1403/10/06,133,SO,3,6,54.0,12.3,9.3,138.0,130.7,0.46516205,23,3,12,2024,125.0,124.0,133.0,129.94695779344016
24,2024-12-26 23:00:00,1403/10/07,134,SO,3,5,57.0,12.5,9.2,138.0,131.6,0.397724744,24,3,12,2024,125.0,121.0,133.0,129.89660276974521
1,2024-12-27 00:00:00,1403/10/07,134,SO,3,5,56.0,12.3,9.3,138.0,131.6,0.363252033,1,4,12,2024,125.0,126.0,134.0,129.72
2,2024-12-27 01:00:00,1403/10/07,134,SO,3,8,60.0,12.3,9.3,138.0,132.4,0.340099727,2,4,12,2024,125.0,95.0,122.0,129.72
3,2024-12-27 02:00:00,1403/10/07,136,SO,3,4,65.0,12.5,9.4,138.0,132.4,0.328148667,3,4,12,2024,125.0,100.0,122.0,129.72
4,2024-12-27 03:00:00,1403/10/07,125,SO,3,4,60.0,12.5,9.4,138.0,132.4,0.326447203,4,4,12,2024,125.0,100.0,122.0,129.72
5,2024-12-27 04:00:00,1403/10/07,125,SO,3,3,70.0,12.5,9.4,138.0,132.4,0.333514227,5,4,12,2024,128.0,100.0,122.0,129.72
6,2024-12-27 05:00:00,1403/10/07,125,SO,3,2,68.0,12.5,9.4,138.0,132.4,0.351569955,6,4,12,2024,128.0,100.0,122.0,129.72
7,2024-12-27 06:00:00,1403/10/07,125,SO,3,2,68.0,12.4,9.3,138.0,132.4,0.380269903,7,4,12,2024,128.0,100.0,122.0,129.72
8,2024-12-27 07:00:00,1403/10/07,130,SO,3,4,58.0,12.4,9.3,138.0,129.1,0.417668382,8,4,12,2024,128.0,125.0,122.0,129.72
9,2024-12-27 08:00:00,1403/10/07,134,SO,3,10,16.0,12.4,9.3,138.0,129.6,0.459854099,9,4,12,2024,128.0,133.0,135.0,130.24229128796526
10,2024-12-27 09:00:00,1403/10/07,134,SO,3,13,6.0,12.4,9.3,138.0,128.8,0.498925282,10,4,12,2024,128.0,132.0,132.0,130.29159104831226
11,2024-12-27 10:00:00,1403/10/07,135,SO,3,17,3.0,13.0,9.3,138.0,128.8,0.521277558,11,4,12,2024,129.0,130.0,130.0,130.49453049394103
12,2024-12-27 11:00:00,1403/10/07,131,SO,3,18,7.0,13.0,9.3,138.0,128.0,0.527907046,12,4,12,2024,133.0,130.0,130.0,130.2341400431908
13,2024-12-27 12:00:00,1403/10/07,129,SO,3,20,8.0,13.0,9.3,138.0,127.2,0.523437682,13,4,12,2024,131.0,133.0,131.0,129.72
14,2024-12-27 13:00:00,1403/10/07,129,SO,3,21,8.0,13.0,9.3,138.0,127.2,0.519575929,14,4,12,2024,130.0,130.0,130.0,129.82613602331182
15,2024-12-27 14:00:00,1403/10/07,129,SO,3,21,9.0,12.6,9.3,138.0,127.2,0.539072043,15,4,12,2024,129.0,130.0,130.0,129.83251848538578
16,2024-12-27 15:00:00,1403/10/07,129,SO,3,20,12.0,12.6,9.3,138.0,128.8,0.568565881,16,4,12,2024,129.0,131.0,115.0,129.72
17,2024-12-27 16:00:00,1403/10/07,131,LF1,3,16,20.0,12.6,9.3,138.0,129.6,0.598455288,17,4,12,2024,132.0,132.0,115.0,129.72
18,2024-12-27 17:00:00,1403/10/07,132,SO,3,14,24.0,12.6,9.3,138.0,129.1,0.626667964,18,4,12,2024,132.0,132.0,117.0,130.4711900480952
19,2024-12-27 18:00:00,1403/10/07,134,SO,3,11,28.0,13.3,9.6,138.0,129.1,0.63821654,19,4,12,2024,132.0,133.0,117.0,130.11011896403326
20,2024-12-27 19:00:00,1403/10/07,134,SO,3,10,29.0,13.3,9.6,138.0,129.1,0.604789451,20,4,12,2024,135.0,124.0,132.0,131.17428599274885
21,2024-12-27 20:00:00,1403/10/07,136,SO,3,9,36.0,13.3,9.6,138.0,129.1,0.552831768,21,4,12,2024,135.0,124.0,126.0,130.6510165326563
22,2024-12-27 21:00:00,1403/10/07,133,SO,3,8,38.0,13.3,9.6,138.0,129.9,0.496469492,22,4,12,2024,135.0,125.0,134.0,131.46966467065565
23,2024-12-27 22:00:00,1403/10/07,133,SO,3,7,41.0,12.7,9.3,138.0,130.7,0.44289938,23,4,12,2024,133.0,125.0,124.0,131.39622721763868
24,2024-12-27 23:00:00,1403/10/08,134,SO,3,6,45.0,12.3,9.3,138.0,131.6,0.41752896,24,4,12,2024,134.0,125.0,121.0,132.19641857479095
1,2024-12-28 00:00:00,1403/10/08,135,SO,3,6,45.0,12.7,9.3,138.0,131.6,0.381315775,1,5,12,2024,134.0,125.0,126.0,131.93847195457244
2,2024-12-28 01:00:00,1403/10/08,134,SO,3,5,43.0,12.7,9.3,138.0,132.4,0.357424986,2,5,12,2024,134.0,125.0,95.0,131.88037291047902
3,2024-12-28 02:00:00,1403/10/08,110,SO,3,5,49.0,11.0,8.5,138.0,132.4,0.34516427,3,5,12,2024,136.0,125.0,100.0,129.72
4,2024-12-28 03:00:00,1403/10/08,110,SO,3,4,52.0,11.0,8.5,138.0,132.4,0.343997107,4,5,12,2024,125.0,125.0,100.0,129.72
5,2024-12-28 04:00:00,1403/10/08,110,SO,3,4,53.0,11.0,8.5,138.0,132.4,0.352088032,5,5,12,2024,125.0,128.0,100.0,129.72
6,2024-12-28 05:00:00,1403/10/08,110,SO,3,3,53.0,11.0,8.5,138.0,132.4,0.372423897,6,5,12,2024,125.0,128.0,100.0,129.72
7,2024-12-28 06:00:00,1403/10/08,110,SO,3,4,50.0,11.0,8.5,138.0,132.4,0.404342454,7,5,12,2024,125.0,128.0,100.0,129.72
8,2024-12-28 07:00:00,1403/10/08,110,SO,3,7,47.0,11.4,8.8,138.0,129.1,0.446590845,8,5,12,2024,130.0,128.0,125.0,129.72
9,2024-12-28 08:00:00,1403/10/08,135,SO,3,12,20.0,11.4,8.8,138.0,129.6,0.494051478,9,5,12,2024,134.0,128.0,133.0,129.72
10,2024-12-28 09:00:00,1403/10/08,131,SO,3,15,22.0,11.4,8.8,138.0,128.8,0.538564026,10,5,12,2024,134.0,128.0,132.0,129.72
11,2024-12-28 10:00:00,1403/10/08,134,LF1,3,16,24.0,13.0,9.4,138.0,128.8,0.563058348,11,5,12,2024,135.0,129.0,130.0,129.72
12,2024-12-28 11:00:00,1403/10/08,133,LF1,3,17,20.0,13.0,9.4,138.0,128.0,0.570271329,12,5,12,2024,131.0,133.0,130.0,129.72
13,2024-12-28 12:00:00,1403/10/08,133,LF1,3,17,27.0,13.0,9.4,138.0,127.2,0.565052634,13,5,12,2024,129.0,131.0,133.0,129.72
14,2024-12-28 13:00:00,1403/10/08,133,LF1,3,17,28.0,13.0,9.4,138.0,127.2,0.560983308,14,5,12,2024,129.0,130.0,130.0,129.72
15,2024-12-28 14:00:00,1403/10/08,133,LF1,3,16,29.0,13.0,9.4,138.0,127.2,0.581609201,15,5,12,2024,129.0,129.0,130.0,129.72
16,2024-12-28 15:00:00,1403/10/08,133,LF1,3,15,40.0,13.0,9.4,138.0,128.8,0.61381123,16,5,12,2024,129.0,129.0,131.0,129.72
17,2024-12-28 16:00:00,1403/10/08,134,LF1,3,14,46.0,13.0,9.4,138.0,129.6,0.645515662,17,5,12,2024,131.0,132.0,132.0,129.72
18,2024-12-28 17:00:00,1403/10/08,134,SO,3,13,50.0,13.0,9.4,138.0,129.1,0.674439731,18,5,12,2024,132.0,132.0,132.0,129.72
19,2024-12-28 18:00:00,1403/10/08,135,SO,3,12,52.0,12.5,9.2,138.0,129.1,0.684050263,19,5,12,2024,134.0,132.0,133.0,129.72
20,2024-12-28 19:00:00,1403/10/08,134,SO,3,12,63.0,12.5,9.2,138.0,129.1,0.645828323,20,5,12,2024,134.0,135.0,124.0,129.72
21,2024-12-28 20:00:00,1403/10/08,131,SO,3,11,62.0,12.5,9.2,138.0,129.1,0.587864235,21,5,12,2024,136.0,135.0,124.0,129.72
22,2024-12-28 21:00:00,1403/10/08,132,SO,3,11,73.0,12.5,9.2,138.0,129.9,0.52610786,22,5,12,2024,133.0,135.0,125.0,129.72
23,2024-12-28 22:00:00,1403/10/08,132,SO,3,11,67.0,12.5,9.2,138.0,130.7,0.468579907,23,5,12,2024,133.0,133.0,125.0,129.72
24,2024-12-28 23:00:00,1403/10/09,131,SO,3,11,71.0,12.7,9.3,138.0,131.6,0.420121702,24,5,12,2024,134.0,134.0,125.0,129.72
1,2024-12-29 00:00:00,1403/10/09,131,SO,3,11,71.0,12.5,9.2,138.0,130.7,0.383559416,1,6,12,2024,135.0,134.0,125.0,129.72
2,2024-12-29 01:00:00,1403/10/09,127,SO,3,11,77.0,12.5,9.2,138.0,130.7,0.359206281,2,6,12,2024,134.0,134.0,125.0,129.72
3,2024-12-29 02:00:00,1403/10/09,126,SO,3,10,75.0,12.5,9.2,138.0,130.7,0.346816321,3,6,12,2024,110.0,136.0,125.0,129.72
4,2024-12-29 03:00:00,1403/10/09,110,SO,3,8,82.0,12.5,9.2,138.0,130.7,0.345868947,4,6,12,2024,110.0,125.0,125.0,129.72
5,2024-12-29 04:00:00,1403/10/09,112,SO,3,8,82.0,12.5,9.2,138.0,130.7,0.354810856,5,6,12,2024,110.0,125.0,128.0,129.72
6,2024-12-29 05:00:00,1403/10/09,111,SO,3,7,90.0,12.5,9.2,138.0,130.7,0.375901206,6,6,12,2024,110.0,125.0,128.0,129.72
7,2024-12-29 06:00:00,1403/10/09,125,SO,3,7,93.0,12.6,9.2,138.0,130.7,0.409484417,7,6,12,2024,110.0,125.0,128.0,129.72
8,2024-12-29 07:00:00,1403/10/09,115,SO,3,9,70.0,12.6,9.2,138.0,128.3,0.453696419,8,6,12,2024,110.0,130.0,128.0,129.72
9,2024-12-29 08:00:00,1403/10/09,129,SO,3,11,43.0,12.6,9.2,138.0,128.8,0.503529378,9,6,12,2024,135.0,134.0,128.0,129.72
10,2024-12-29 09:00:00,1403/10/09,126,SO,3,14,23.0,12.6,9.2,138.0,128.0,0.549928102,10,6,12,2024,131.0,134.0,128.0,129.72
11,2024-12-29 10:00:00,1403/10/09,130,LF1,3,15,32.0,13.0,9.3,138.0,128.0,0.575793187,11,6,12,2024,134.0,135.0,129.0,129.72
12,2024-12-29 11:00:00,1403/10/09,128,LF1,3,16,32.0,13.0,9.3,138.0,128.0,0.583162015,12,6,12,2024,133.0,131.0,133.0,129.72
13,2024-12-29 12:00:00,1403/10/09,127,LF1,3,18,33.0,13.0,9.3,138.0,128.0,0.577890506,13,6,12,2024,133.0,129.0,131.0,129.72
14,2024-12-29 13:00:00,1403/10/09,126,LF1,3,18,42.0,13.0,9.3,138.0,128.0,0.57311168,14,6,12,2024,133.0,129.0,130.0,129.72
15,2024-12-29 14:00:00,1403/10/09,126,LF1,3,18,43.0,12.7,9.3,138.0,128.8,0.593740706,15,6,12,2024,133.0,129.0,129.0,129.72
16,2024-12-29 15:00:00,1403/10/09,126,LF1,3,18,45.0,12.7,9.3,138.0,128.8,0.626420755,16,6,12,2024,133.0,129.0,129.0,129.72
17,2024-12-29 16:00:00,1403/10/09,127,LF1,3,17,51.0,12.7,9.3,138.0,129.6,0.65817,17,6,12,2024,134.0,131.0,132.0,129.72
18,2024-12-29 17:00:00,1403/10/09,128,LF1,3,15,61.0,12.7,9.3,138.0,129.6,0.686810294,18,6,12,2024,134.0,132.0,132.0,129.72
19,2024-12-29 18:00:00,1403/10/09,129,LF1,3,14,60.0,13.1,9.4,138.0,129.6,0.695345046,19,6,12,2024,135.0,134.0,132.0,129.72
20,2024-12-29 19:00:00,1403/10/09,129,LF1,3,13,64.0,13.1,9.4,138.0,130.5,0.655202237,20,6,12,2024,134.0,134.0,135.0,129.72
21,2024-12-29 20:00:00,1403/10/09,129,LF1,3,11,64.0,13.1,9.4,138.0,130.5,0.594599668,21,6,12,2024,131.0,136.0,135.0,129.72
22,2024-12-29 21:00:00,1403/10/09,130,LF1,3,11,69.0,13.1,9.4,138.0,130.5,0.530237293,22,6,12,2024,132.0,133.0,135.0,129.72
23,2024-12-29 22:00:00,1403/10/09,127,LF1,3,11,67.0,12.7,9.1,138.0,128.3,0.470742951,23,6,12,2024,132.0,133.0,133.0,129.72
24,2024-12-29 23:00:00,1403/10/10,126,LF1,3,11,71.0,12.5,9.2,138.0,129.1,0.421110445,24,6,12,2024,131.0,134.0,134.0,129.72
1,2024-12-30 00:00:00,1403/10/10,127,LF1,3,10,73.0,12.7,9.1,138.0,129.1,0.383755918,1,0,12,2024,131.0,135.0,134.0,129.72
2,2024-12-30 01:00:00,1403/10/10,127,LF1,3,10,72.0,12.7,9.1,138.0,129.1,0.359168284,2,0,12,2024,127.0,134.0,134.0,129.72
3,2024-12-30 02:00:00,1403/10/10,126,LF1,3,11,70.0,12.5,9.1,138.0,129.1,0.346936523,3,0,12,2024,126.0,110.0,136.0,129.72
4,2024-12-30 03:00:00,1403/10/10,127,LF1,3,11,69.0,12.5,9.1,138.0,129.1,0.346440889,4,0,12,2024,110.0,110.0,125.0,129.72
5,2024-12-30 04:00:00,1403/10/10,127,LF1,3,11,72.0,12.5,9.1,138.0,129.1,0.356006101,5,0,12,2024,112.0,110.0,125.0,129.72
6,2024-12-30 05:00:00,1403/10/10,127,LF1,3,10,75.0,12.5,9.1,138.0,129.1,0.377704805,6,0,12,2024,111.0,110.0,125.0,129.72
7,2024-12-30 06:00:00,1403/10/10,127,LF1,3,10,73.0,12.5,9.1,138.0,129.1,0.411545011,7,0,12,2024,125.0,110.0,125.0,129.72
8,2024-12-30 07:00:00,1403/10/10,128,LF1,3,10,73.0,12.5,9.1,138.0,130.5,0.4558915,8,0,12,2024,115.0,110.0,130.0,129.72
9,2024-12-30 08:00:00,1403/10/10,127,LF1,3,12,65.0,12.5,9.1,138.0,128.0,0.505275633,9,0,12,2024,129.0,135.0,134.0,129.72
10,2024-12-30 09:00:00,1403/10/10,126,LF1,3,14,59.0,12.5,9.1,138.0,127.2,0.550891432,10,0,12,2024,126.0,131.0,134.0,129.72
11,2024-12-30 10:00:00,1403/10/10,126,LF1,3,14,63.0,13.0,9.1,138.0,126.4,0.576289378,11,0,12,2024,130.0,134.0,135.0,129.72
12,2024-12-30 11:00:00,1403/10/10,125,LF1,3,15,58.0,13.0,9.1,138.0,125.5,0.584197314,12,0,12,2024,128.0,133.0,131.0,129.72
13,2024-12-30 12:00:00,1403/10/10,129,LF1,3,14,68.0,13.0,9.1,138.0,125.5,0.579269523,13,0,12,2024,127.0,133.0,129.0,129.72
14,2024-12-30 13:00:00,1403/10/10,130,LF1,3,12,82.0,13.0,9.1,138.0,125.5,0.574952127,14,0,12,2024,126.0,133.0,129.0,129.72
15,2024-12-30 14:00:00,1403/10/10,127,LF1,3,12,71.0,13.0,9.1,138.0,126.4,0.595880501,15,0,12,2024,126.0,133.0,129.0,129.72
16,2024-12-30 15:00:00,1403/10/10,126,LF1,3,12,79.0,13.0,9.1,138.0,128.0,0.629220328,16,0,12,2024,126.0,133.0,129.0,129.72
17,2024-12-30 16:00:00,1403/10/10,129,LF1,3,12,85.0,13.0,9.1,138.0,129.6,0.661527343,17,0,12,2024,127.0,134.0,131.0,129.72
18,2024-12-30 17:00:00,1403/10/10,127,LF1,3,11,80.0,13.0,9.1,138.0,129.6,0.690741551,18,0,12,2024,128.0,134.0,132.0,129.72
19,2024-12-30 18:00:00,1403/10/10,127,LF1,3,11,82.0,12.6,9.1,138.0,129.6,0.700107077,19,0,12,2024,129.0,135.0,134.0,129.72
20,2024-12-30 19:00:00,1403/10/10,127,LF1,3,11,90.0,12.6,9.1,138.0,130.5,0.660543731,20,0,12,2024,129.0,134.0,134.0,129.72
21,2024-12-30 20:00:00,1403/10/10,127,LF1,3,11,91.0,12.6,9.1,138.0,130.5,0.599782128,21,0,12,2024,129.0,131.0,136.0,129.72
22,2024-12-30 21:00:00,1403/10/10,127,LF1,3,11,92.0,12.6,9.1,138.0,130.5,0.534608665,22,0,12,2024,130.0,132.0,133.0,129.72
23,2024-12-30 22:00:00,1403/10/10,127,LF1,3,11,91.0,12.5,9.1,138.0,128.3,0.474687485,23,0,12,2024,127.0,132.0,133.0,129.72
24,2024-12-30 23:00:00,1403/10/11,127,LF1,3,11,86.0,12.7,9.1,138.0,129.1,0.424579698,24,0,12,2024,126.0,131.0,134.0,129.72
1,2024-12-31 00:00:00,1403/10/11,126,LF1,3,11,82.0,12.5,9.1,138.0,129.1,0.386932983,1,1,12,2024,127.0,131.0,135.0,129.72
2,2024-12-31 01:00:00,1403/10/11,127,LF1,3,11,90.0,12.5,9.1,138.0,129.1,0.362064841,2,1,12,2024,127.0,127.0,134.0,129.72
3,2024-12-31 02:00:00,1403/10/11,127,LF1,3,11,91.0,12.2,9.1,138.0,129.1,0.349864442,3,1,12,2024,126.0,126.0,110.0,129.72
4,2024-12-31 03:00:00,1403/10/11,127,LF1,3,11,90.0,12.2,9.1,138.0,129.1,0.349765102,4,1,12,2024,127.0,110.0,110.0,129.72
5,2024-12-31 04:00:00,1403/10/11,126,LF1,3,11,89.0,12.2,9.1,138.0,129.1,0.360317983,5,1,12,2024,127.0,112.0,110.0,129.72
6,2024-12-31 05:00:00,1403/10/11,126,LF1,3,10,88.0,12.2,9.1,138.0,129.1,0.383612318,6,1,12,2024,127.0,111.0,110.0,129.72
7,2024-12-31 06:00:00,1403/10/11,127,LF1,3,10,86.0,12.6,9.1,138.0,129.1,0.420050728,7,1,12,2024,127.0,125.0,110.0,129.72
8,2024-12-31 07:00:00,1403/10/11,127,LF1,3,11,82.0,12.6,9.1,138.0,130.5,0.467884717,8,1,12,2024,128.0,115.0,110.0,129.72
9,2024-12-31 08:00:00,1403/10/11,127,LF1,3,12,73.0,12.6,9.1,138.0,128.0,0.521230628,9,1,12,2024,127.0,129.0,135.0,129.72
10,2024-12-31 09:00:00,1403/10/11,126,LF1,3,13,65.0,12.6,9.1,138.0,127.2,0.569928596,10,1,12,2024,126.0,126.0,131.0,129.72
11,2024-12-31 10:00:00,1403/10/11,126,LF1,3,15,61.0,12.6,9.1,138.0,126.4,0.596387542,11,1,12,2024,126.0,130.0,134.0,129.72
12,2024-12-31 11:00:00,1403/10/11,126,LF1,3,17,55.0,12.6,9.1,138.0,125.5,0.603853403,12,1,12,2024,125.0,128.0,133.0,129.72
13,2024-12-31 12:00:00,1403/10/11,126,LF1,3,16,60.0,12.6,9.1,138.0,125.5,0.597687031,13,1,12,2024,129.0,127.0,133.0,129.72
14,2024-12-31 13:00:00,1403/10/11,127,LF1,3,16,63.0,12.6,9.1,138.0,125.5,0.591634548,14,1,12,2024,130.0,126.0,133.0,129.72
15,2024-12-31 14:00:00,1403/10/11,127,LF1,3,15,67.0,9.3,9.3,138.0,126.4,0.611544406,15,1,12,2024,127.0,126.0,133.0,129.72
16,2024-12-31 15:00:00,1403/10/11,127,LF1,3,15,69.0,9.3,9.3,138.0,128.0,0.643682488,16,1,12,2024,126.0,126.0,133.0,129.72
17,2024-12-31 16:00:00,1403/10/11,128,LF1,3,14,72.0,9.3,9.3,138.0,129.6,0.673853163,17,1,12,2024,129.0,127.0,134.0,129.72
18,2024-12-31 17:00:00,1403/10/11,128,LF1,3,14,72.0,9.3,9.3,138.0,129.6,0.700386153,18,1,12,2024,127.0,128.0,134.0,129.72
19,2024-12-31 18:00:00,1403/10/11,128,LF1,3,14,72.0,13.0,9.4,138.0,129.6,0.706792041,19,1,12,2024,127.0,129.0,135.0,129.72
20,2024-12-31 19:00:00,1403/10/11,130,LF1,3,13,77.0,13.0,9.4,138.0,130.5,0.665125257,20,1,12,2024,127.0,129.0,134.0,129.72
21,2024-12-31 20:00:00,1403/10/11,126,LF1,3,12,80.0,13.0,9.4,138.0,130.5,0.602961459,21,1,12,2024,127.0,129.0,131.0,129.72
22,2024-12-31 21:00:00,1403/10/11,126,LF1,3,12,84.0,13.0,9.4,138.0,130.5,0.538357714,22,1,12,2024,127.0,130.0,132.0,129.72
23,2024-12-31 22:00:00,1403/10/11,126,LF1,3,11,88.0,12.6,9.1,138.0,128.3,0.479120888,23,1,12,2024,127.0,127.0,132.0,129.72
24,2024-12-31 23:00:00,1403/10/12,127,LF1,3,11,91.0,12.5,9.1,138.0,129.1,0.429426792,24,1,12,2024,127.0,126.0,131.0,129.72
